title,start,end,venue,address,city,state,description,admission,source_name,source_url,event_url,confidence,category,image_url,distance_miles,status,importance,fingerprint
Anything Goes - Warsaw,2026-08-06T00:00:00,,Wagon Wheel Center for the Arts,"2517 E Center St, Warsaw, IN 46580, US",Warsaw,IN,,,Warsaw events index,https://allevents.in/warsaw-in/all,https://allevents.in/warsaw/anything-goes-warsaw/3200029982640250,C,Community,https://cdn-ip.allevents.in/s/rs:fill:500:250/g:sm/sh:100/aHR0cHM6Ly9jZG4tYXouYWxsZXZlbnRzLmluL2V2ZW50czYvYmFubmVycy9iNDhjZDgxMC04ZjllLTExZjEtYTMzYS1mNzE1MDY2MmE1YWEtcmltZy13MTIwMC1oNzIwLWRjMjgyODI4LWdtaXIuanBnP3Y9MTc4NTgwNDcyMg.avif,0,CONFIRMED,15,de6877f03c3ef359cdece494a016d382809ee81b730ce3028a0c1fd9f34886e9
Global Leadership Summit 2026,2026-08-06T09:00:00,2026-08-07T17:00:00,"1855 S County Farm Rd, Warsaw, IN 46580-6002, United States","1855 S County Farm Rd, Warsaw, IN 46580-6002, United States",Warsaw,IN,,,Warsaw events index,https://allevents.in/warsaw-in/all,https://allevents.in/warsaw/global-leadership-summit-2026/200030085280027,C,Community,https://cdn-ip.allevents.in/s/rs:fill:500:250/g:sm/sh:100/aHR0cHM6Ly9jZG4tYXouYWxsZXZlbnRzLmluL2V2ZW50czIvYmFubmVycy9lNjcyZmM2ZjhmMmRiZDBhNmY5Y2NkMjYzNmFlYjFiMjc4ZmJlZGEwODIwMWNkNjVmOGFkOTllN2NlY2ZkZjYxLXJpbWctdzEyMDAtaDY3NS1kYzI4NTg2OC1nbWlyP3Y9MTc4NTQxOTEyNQ.avif,0,CONFIRMED,15,c5326163eb4bbd3d8569aaaa76386ae0f29242041cec262b138ec76b3408c054
Make & Mingle Miniatures,2026-08-06T14:00:00,2026-08-06T17:00:00,Meeting Room A/B at Warsaw Community Public Library,310 East Main Street,Warsaw,IN,"Join us for a fun time building miniature rooms, dioramas, and 3D puzzles with Robotime kits while connecting with others. Materials are included, but registration is required.",,Warsaw Community Public Library,https://warsaw.librarycalendar.com/events/list,https://warsaw.librarycalendar.com/event/diy-craft-club-meetup-3397,A,Community,https://warsaw.librarycalendar.com/sites/default/files/styles/large/public/2026-07/5.jpg?itok=gmShuSGx,0,CONFIRMED,20,cc96ddf61368a67d80fc908d00cb600015da03192b8255d90e0942a0d17b1f96
Thursday Night Thunder Monthly Series-August,2026-08-06T17:30:00,,"750 E Arthur St, Warsaw, IN, United States, Indiana 46580","750 E Arthur St, Warsaw, IN 46580-3082, United States",Warsaw,IN,,,Warsaw events index,https://allevents.in/warsaw-in/all,https://allevents.in/warsaw/thursday-night-thunder-monthly-series-august/200030130898229,C,Community,https://cdn-ip.allevents.in/s/rs:fill:500:250/g:sm/sh:100/aHR0cHM6Ly9jZG4tYXouYWxsZXZlbnRzLmluL2V2ZW50czEwL2Jhbm5lcnMvMzBjYjVmMmMwNzg1NzNjY2RhMmZmNTZjYzBhNzllNTJhYTA0MTVlMjYxYThjYzkwMzhhZjU3YThiNzk1NzI1My1yaW1nLXcxMjAwLWg5MDAtZGNhOGE4YjgtZ21pcj92PTE3ODU2OTYzMDI.avif,0,CONFIRMED,15,259ac2574d5b99127b5db063e228a2a8aefd4b75e83bf0871db7809400053845
Division I Nationals Tournament,2026-08-07T00:00:00,2026-08-08T00:00:00,Waterhawks,,Warsaw,IN,,,Lake City Skiers,https://www.lakecityskiers.org/feed/eo-events/,https://www.lakecityskiers.org/events/event/division-i-nationals-tournament/,A,Community,https://www.lakecityskiers.org/wp-content/uploads/2017/11/drone.png,0,CONFIRMED,20,c5074bc1e6746d3085cf1fa293e4d9ff863ca75f0a6927f701f1859b7f587830
Five Below Grand Opening Weekend!,2026-08-07T10:00:00,2026-08-10T00:00:00,"2804 FRONTAGE ROAD, SUITE 6, Warsaw, IN 46580","201 Eastlake Dr, Warsaw, IN 46580-3891, United States",Warsaw,IN,,,Warsaw events index,https://allevents.in/warsaw-in/all,https://allevents.in/warsaw/five-below-grand-opening-weekend/200030503116357,C,Community,https://cdn-ip.allevents.in/s/rs:fill:500:250/g:sm/sh:100/aHR0cHM6Ly9jZG4tYXouYWxsZXZlbnRzLmluL2V2ZW50czEvYmFubmVycy9kNjE1NDAyNjZiNThlMzc4ZjJmYjc2MjQ0MjA5ZmJlZWEwOWFkOWFkOWQ0NmZkNDU1NzEwNjkyMzliYzAxMzA3LXJpbWctdzgwMC1oNDE5LWRjZjhmOGY4LWdtaXI_dj0xNzg1Nzg3MzE2.avif,0,CONFIRMED,15,a69c137cb58c292bab2df9ada2c4c0367e24c12e7c5da2b942fc5128d365e450
MTG The Hobbit Prerelease 6 pm,2026-08-07T18:00:00,2026-08-07T22:00:00,Chimp's Comix,"919 E Winona Ave, Warsaw, IN 46580-4646, United States",Warsaw,IN,,,Warsaw events index,https://allevents.in/warsaw-in/all,https://allevents.in/warsaw/mtg-the-hobbit-prerelease-6-pm/200030240731419,C,Community,https://cdn-ip.allevents.in/s/rs:fill:500:250/g:sm/sh:100/aHR0cHM6Ly9jZG4tYXouYWxsZXZlbnRzLmluL2V2ZW50czgvYmFubmVycy9hODc0YmY0ODBlNzYzMjlhZjBhNTMwOTdhZDlhMjgxNjdhMTZjODM5YmJjYWEzODdmZGY3MjlhOWIwOGM2MDYzLXJpbWctdzEyMDAtaDY3NS1kYzE4MTgxOC1nbWlyP3Y9MTc4NTQ0NDU3OQ.avif,0,CONFIRMED,15,44e9f31a8b4784745c32e2e880d2bb4eda449afb3fbec3684fbc6913d95ec6a8
Warsaw Summer Concert Series 2026,2026-08-07T19:00:00,2026-08-07T20:30:00,"225 E Fort Wayne St Warsaw, IN 46580","225 E Fort Wayne St, Warsaw, IN 46580-2751, United States",Warsaw,IN,,,Warsaw events index,https://allevents.in/warsaw-in/all,https://allevents.in/warsaw/warsaw-summer-concert-series-2026/200029883892949,C,Music & shows,https://cdn-ip.allevents.in/s/rs:fill:500:250/g:sm/sh:100/aHR0cHM6Ly9jZG4tYXouYWxsZXZlbnRzLmluL2V2ZW50czEwL2Jhbm5lcnMvZmJjMWM4OWRjMDhlYzFiNDAxOWYxNDRjNDQxYjNlOWVhYmJkOGU3Y2VhMjM0OTYwOGJhYWY3OTFhMjhjN2JjNS1yaW1nLXcxMjAwLWg1MDAtZGMwODA4MDgtZ21pcj92PTE3ODU0NTI5NjI.avif,0,CONFIRMED,15,7e985b7f166d5741795de18442958a64b27406ef931def63dd2536600d54933d
Division I Nationals Tournament,2026-08-08T00:00:00,2026-08-09T00:00:00,Waterhawks,,Warsaw,IN,,,Lake City Skiers,https://www.lakecityskiers.org/feed/eo-events/,https://www.lakecityskiers.org/events/event/division-i-nationals-tournament/,A,Community,https://www.lakecityskiers.org/wp-content/uploads/2017/11/drone.png,0,CONFIRMED,20,6f703fb3467b3d697646e2789a6ec619019061c0fdb5cf61fdfddd391d6c137f
Farmers Market,2026-08-08T09:00:00,2026-08-08T13:00:00,Downtown Warsaw,,Warsaw,IN,"Farmers Market August 8 @ 9 am - 1 pm Warsaw, IN",,Downtown Warsaw,https://downtownwarsaw.com/events/,https://downtownwarsaw.com/event/farmers-market-2026/2026-08-08/,A,Food & markets,https://downtownwarsaw.com/wp-content/uploads/2026/03/downtown-warsaw-lk1-9433.jpg,0,CONFIRMED,20,a5e229e158920ef75ff9cb3739f4d2be5ea07d8b114e0bef6e3eb27eb02f80ea
Greyt Readers,2026-08-08T10:30:00,2026-08-08T12:00:00,Warsaw Community Public Library,310 East Main Street,Warsaw,IN,"Greyt Readers is back! This come and go event is wonderful for kids of all ages, and any dog lover. You can visit with the greyhounds and even read them a story. They love stories!",,Warsaw Community Public Library,https://warsaw.librarycalendar.com/events/list,https://warsaw.librarycalendar.com/event/greyt-readers-3461,A,Family,https://warsaw.librarycalendar.com/sites/default/files/styles/large/public/2026-07/6.jpg?itok=KzSVdSEK,0,CONFIRMED,20,559bc3b69a78ddc10a9d117215c3c85a3ef5a5edc31f1401074639f3955347a8
Story Emporium Used Bookstore,2026-08-08T10:30:00,2026-08-08T13:30:00,Stafford Book Sale Room at Warsaw Community Public Library,310 East Main Street,Warsaw,IN,"The Friends of the Library used bookstore sells books, movies, sound recordings, and video games. All proceeds support WCPL.",,Warsaw Community Public Library,https://warsaw.librarycalendar.com/events/list,https://warsaw.librarycalendar.com/event/story-emporium-used-bookstore-2613,A,Music & shows,https://warsaw.librarycalendar.com/sites/default/files/styles/large/public/2025-12/jan%20-%20story%20emporium_1.jpg?itok=8166Ip4-,0,CONFIRMED,20,443ada09b49f2a3bd157606a0506c6119438a6788937d39f0ba86009b676da62
Coraline Market 🪡 🐈‍⬛,2026-08-08T12:00:00,2026-08-08T17:00:00,Kosciusko County Community Fair,"1400 E Smith St,Warsaw, Indiana",Warsaw,IN,,,Warsaw events index,https://allevents.in/warsaw-in/all,https://allevents.in/warsaw/coraline-market/200030207976213,C,Food & markets,https://cdn-ip.allevents.in/s/rs:fill:500:250/g:sm/sh:100/aHR0cHM6Ly9jZG4tYXouYWxsZXZlbnRzLmluL2V2ZW50czQvYmFubmVycy8yNjM2NTY5NTRhMTUxM2ZjOWExNTIwODNhMjEwOTkxNGI2MDU5NDBiYmMyYjA4NjU0YzI3YmRmNTM0ZjdlNjI4LXJpbWctdzEwODAtaDEzNTAtZGMwODE4MjgtZ21pcj92PTE3ODU0NTI5NTI.avif,0,CONFIRMED,15,01a03e3a8ada354942313b0bc1b1bca29799504c5bed4c0d5956b0ff18a26dd6
MTG The Hobbit Prerelease Noon,2026-08-08T12:00:00,2026-08-08T16:00:00,Chimp's Comix,"919 E Winona Ave, Warsaw, IN 46580-4646, United States",Warsaw,IN,,,Warsaw events index,https://allevents.in/warsaw-in/all,https://allevents.in/warsaw/mtg-the-hobbit-prerelease-noon/200030240732122,C,Community,https://cdn-ip.allevents.in/s/rs:fill:500:250/g:sm/sh:100/aHR0cHM6Ly9jZG4tYXouYWxsZXZlbnRzLmluL2V2ZW50czUvYmFubmVycy9lOTBjYWVkZjJmMTNjMWM4NDA1N2FjMWJjMTIwYmQzYjZjODc0YTQwMWUzYzdiOTliNmYxNzU1MGE5MjM3YWQzLXJpbWctdzEyMDAtaDY3NS1kYzE5MTcxNC1nbWlyP3Y9MTc4NDQ1NDMzOA.avif,0,CONFIRMED,15,02541e185afbe85a4b98e2a1d9f2b85ff9b8165072908b66207a914fd8c0d570
Mahjong & Mingle,2026-08-08T12:00:00,2026-08-08T15:00:00,"Warsaw, Indiana","Warsaw, Indiana",Warsaw,IN,,,Warsaw events index,https://allevents.in/warsaw-in/all,https://allevents.in/warsaw/mahjong-and-mingle/200030477782614,C,Community,https://cdn-ip.allevents.in/s/rs:fill:500:250/g:sm/sh:100/aHR0cHM6Ly9jZG4tYXouYWxsZXZlbnRzLmluL2V2ZW50czMvYmFubmVycy9lNGY4YzA2ODBmNWE1NDU4NmYxY2UwNzZkY2JmOGE3ZDEzYzc4MjMyNmIwOTJmNDc4Y2FiZWY3NzJlMWEzZGJkLXJpbWctdzEyMDAtaDE2ODAtZGNmNWYxZWQtZ21pcj92PTE3ODUzNTU2MzM.avif,0,CONFIRMED,15,2e12591dcc95d9a1c081509bfbc713975062bc8176966a97f410cc5832967793
Division I Nationals Tournament,2026-08-09T00:00:00,2026-08-10T00:00:00,Waterhawks,,Warsaw,IN,,,Lake City Skiers,https://www.lakecityskiers.org/feed/eo-events/,https://www.lakecityskiers.org/events/event/division-i-nationals-tournament/,A,Community,https://www.lakecityskiers.org/wp-content/uploads/2017/11/drone.png,0,CONFIRMED,20,7b837c75ca449f7594e3893081227f44d48d9f45f3f419419a3e0b9c1be6e229
Sunday Service,2026-08-09T00:00:00,,"744 S 325 E, Warsaw, IN, United States, Indiana 46582","744 S County Road 325 E, Warsaw, IN 46582-7268, United States",Warsaw,IN,,,Warsaw events index,https://allevents.in/warsaw-in/all,https://allevents.in/warsaw/sunday-service/200030100503330,C,Community,https://cdn-ip.allevents.in/s/rs:fill:500:250/g:sm/sh:100/aHR0cHM6Ly9jZG4tYXouYWxsZXZlbnRzLmluL2V2ZW50czQvYmFubmVycy82ZjVkZmIwZmFkNGZkMzliZmJjZmRkODcxYzg4ZjYyNTdjZmJjZmJjN2M2MTZhYzQyY2IzYTcyYmY4MDVlOTdmLXJpbWctdzEyMDAtaDYyOC1kY2Q2ZWZmMy1nbWlyP3Y9MTc3OTQ2NjEwOQ.avif,0,CONFIRMED,15,854f72c0cec817ae5d618674b6ac17b9c697fe3befa8dc2964bfeeabcbd4031a
Genre Book Club,2026-08-10T18:00:00,2026-08-10T19:00:00,Meeting Room A/B at Warsaw Community Public Library,310 East Main Street,Warsaw,IN,Come and meet new people who have the joy of reading! We read a different genre every month! Aug. Topic: Book vs. Movie,,Warsaw Community Public Library,https://warsaw.librarycalendar.com/events/list,https://warsaw.librarycalendar.com/event/genre-book-club-3142,A,Music & shows,https://warsaw.librarycalendar.com/sites/default/files/styles/large/public/2026-07/8.jpg?itok=_UrRqEYw,0,CONFIRMED,20,23a920d3a60235a023902688a6baff9644c034771610c51ecdf4fa456aea9b06
Practice Practice Practice! WE HAVE TIMING!!!!!,2026-08-11T00:00:00,,Hire Park BMX,"750 E Arthur St, Warsaw, IN 46580-3082, United States",Warsaw,IN,,,Warsaw events index,https://allevents.in/warsaw-in/all,https://allevents.in/warsaw/practice-practice-practice-we-have-timing/200029984460752,C,Community,https://dyn-image.allevents.in/generate-image?v=4&title=Practice+Practice+Practice%21+WE+HAVE+TIMING%21%21%21%21%21&date=Tue+Aug+11+2026&bg=3,0,CONFIRMED,15,b460c5f957a3200b5427843e068682eb273e6d34f148938d7247f88391e4f91e
The Toddler Lounge,2026-08-11T10:00:00,2026-08-11T12:00:00,Meeting Room A/B at Warsaw Community Public Library,310 East Main Street,Warsaw,IN,"As you walk into Room A/B, you'll notice that there is an area with toddler toys that your children can play with at their leisure, a coloring station for all ages, and a book nook for a little ""book time"".",,Warsaw Community Public Library,https://warsaw.librarycalendar.com/events/list,https://warsaw.librarycalendar.com/event/toddler-lounge-3136,A,Family,https://warsaw.librarycalendar.com/sites/default/files/styles/large/public/2026-07/9.jpg?itok=K5QoNUOU,0,CONFIRMED,20,7f82ee8b2d7e707e837a344ef009a84ed0b2d7c09ce53a17c43b3ff99fb697e2
Story Emporium Used Bookstore,2026-08-11T16:00:00,2026-08-11T19:00:00,Stafford Book Sale Room at Warsaw Community Public Library,310 East Main Street,Warsaw,IN,"The Friends of the Library used bookstore sells books, movies, sound recordings, and video games. All proceeds support WCPL.",,Warsaw Community Public Library,https://warsaw.librarycalendar.com/events/list,https://warsaw.librarycalendar.com/event/story-emporium-used-bookstore-2561,A,Music & shows,https://warsaw.librarycalendar.com/sites/default/files/styles/large/public/2025-12/jan%20-%20story%20emporium_2.jpg?itok=cifNdeLU,0,CONFIRMED,20,e8ead1fa6a60dfd07b486a8ee998dfec0ad38352d67b98e88cf8e73ad10a1f10
Creative Writing Club,2026-08-11T17:30:00,2026-08-11T18:30:00,Meeting Room A/B at Warsaw Community Public Library,310 East Main Street,Warsaw,IN,"This is a wonderful group to join if you have a love of writing, or even an interest in growing as a writer. The August subject is: Road Trips/Journey",,Warsaw Community Public Library,https://warsaw.librarycalendar.com/events/list,https://warsaw.librarycalendar.com/event/creative-writing-club-3143,A,Community,https://warsaw.librarycalendar.com/sites/default/files/styles/large/public/2026-07/12.jpg?itok=kBpoyo71,0,CONFIRMED,20,2ecf26db11e96c70d522e938bc5f14aa444eea9f451b03f05c5f8bb376b5df67
Planting and Caring for Bulbs,2026-08-12T15:00:00,2026-08-12T16:00:00,Meeting Room A/B at Warsaw Community Public Library,310 East Main Street,Warsaw,IN,"Discover how to choose, plant, and maintain bulbs to bring vibrant seasonal color to your garden and landscape. Suitable for both beginners and experienced gardeners!",,Warsaw Community Public Library,https://warsaw.librarycalendar.com/events/list,https://warsaw.librarycalendar.com/event/planting-and-caring-bulbs-3466,A,Community,https://warsaw.librarycalendar.com/sites/default/files/styles/large/public/2026-07/13.jpg?itok=dOo2li2T,0,CONFIRMED,20,4e3cfa8f1adc1b3c38084eb3be4c9e029ef23ffaad7e9ed824958fd1b4bfdb8c
TrueScale Truck Show,2026-08-14T09:00:00,2026-08-16T14:00:00,Warsaw Fairground,"1400 East Smith Street,Warsaw,IN,United States",Warsaw,IN,,,Warsaw events index,https://allevents.in/warsaw-in/all,https://allevents.in/warsaw/truescale-truck-show/200030085277720,C,Community,https://cdn-ip.allevents.in/s/rs:fill:500:250/g:sm/sh:100/aHR0cHM6Ly9jZG4tYXouYWxsZXZlbnRzLmluL2V2ZW50czYvYmFubmVycy8xYTk5MDI2ZGVhZDM4NzU2YjI1ODE1ODdmOWM1OTg1YWI3YzExOTEyZDc5YjJlMDIzMmEwYTNhZmRiNTRjMTJlLXJpbWctdzEyMDAtaDkwNC1kY2E4YThhOC1nbWlyP3Y9MTc4NTY5NjMwNA.avif,0,CONFIRMED,15,f7fdd879597280ded56a58c9d7dc8e9467b6688455cfd8b2a6c7783949f5fd2e
Sip N Shop,2026-08-14T17:00:00,2026-08-14T19:00:00,Downtown Warsaw,,Warsaw,IN,"Sip N Shop August 14 @ 5 pm - 7 pm Warsaw, IN",,Downtown Warsaw,https://downtownwarsaw.com/events/,https://downtownwarsaw.com/event/sip-n-shop-2-2/2026-08-14/,A,Community,https://downtownwarsaw.com/wp-content/uploads/2026/03/downtown-warsaw-5867.jpg,0,CONFIRMED,20,1372a9984a46667b3fcbb43bf513923ce3d93b00d19f8f73abedf8812691740e
Story Emporium Used Bookstore,2026-08-15T10:30:00,2026-08-15T13:30:00,Stafford Book Sale Room at Warsaw Community Public Library,310 East Main Street,Warsaw,IN,"The Friends of the Library used bookstore sells books, movies, sound recordings, and video games. All proceeds support WCPL.",,Warsaw Community Public Library,https://warsaw.librarycalendar.com/events/list,https://warsaw.librarycalendar.com/event/story-emporium-used-bookstore-2614,A,Music & shows,https://warsaw.librarycalendar.com/sites/default/files/styles/large/public/2025-12/jan%20-%20story%20emporium_1.jpg?itok=8166Ip4-,0,CONFIRMED,20,48d4d5c2b98b67274b55924389c19ce3291cc4b13c7f5884bede9ff618843277
Le Diner En Blanc,2026-08-15T18:00:00,2026-08-15T22:00:00,Downtown Warsaw,,Warsaw,IN,"Le Diner En Blanc August 15 @ 6 pm - 10 pm Warsaw, IN",,Downtown Warsaw,https://downtownwarsaw.com/events/,https://downtownwarsaw.com/event/le-diner-en-blanc-2026-08-15/,A,Community,https://downtownwarsaw.com/wp-content/uploads/2026/03/downtown-warsaw-dinerenblanc-0078.jpg,0,CONFIRMED,20,60dcd8798de583c8ff5f46682a7fb169e085a1952a84303def0c9c3ef5140e43
Warsaw Indiana,2026-08-16T00:00:00,,Plaza De Toros Mexico,"1400 e smith st,Warsaw, Indiana",Warsaw,IN,,,Warsaw events index,https://allevents.in/warsaw-in/all,https://allevents.in/warsaw/warsaw-indiana/200030475094047,C,Community,https://dyn-image.allevents.in/generate-image?v=4&title=Warsaw+Indiana+&date=Sun+Aug+16+2026&bg=3,0,CONFIRMED,15,f7d6d843074d0da0549dd4153856086ca2f5229de23706a5b16903fc831ebf11
"Banda Machos, Banda Los Recoditos, Banda El Recodo in Warsaw",2026-08-16T10:00:00,2026-08-16T12:00:00,Plaza de Toros Mexico,"Plaza de Toros Mexico, Warsaw, IN, United States",Warsaw,IN,,,Warsaw events index,https://allevents.in/warsaw-in/all,https://allevents.in/warsaw/banda-machos-banda-los-recoditos-banda-el-recodo-in-warsaw/3300030436942109,C,Community,https://cdn-ip.allevents.in/s/rs:fill:500:250/g:sm/sh:100/aHR0cHM6Ly9jZG4tYXouYWxsZXZlbnRzLmluL2V2ZW50czYvYmFubmVycy8zMjlkOThlMC04NTZiLTExZjEtYTA4OS03ZjczOTlmMWMyYjAtcmltZy13MTIwMC1oNjc1LWRjMmMyOTMzLWdtaXIud2VicD92PTE3ODQ2ODMwODg.avif,0,CONFIRMED,15,e2cfd47eaa97932a76d9817246846077e6340e0ea6833f9b4b044dfd5618a62d
MTG Commander Open Play,2026-08-16T12:00:00,2026-08-16T17:00:00,"118 W Market St, Warsaw, IN","118 W Market St, Warsaw, IN 46580-2812, United States",Warsaw,IN,,,Warsaw events index,https://allevents.in/warsaw-in/all,https://allevents.in/warsaw/mtg-commander-open-play/200030498330859,C,Community,https://cdn-ip.allevents.in/s/rs:fill:500:250/g:sm/sh:100/aHR0cHM6Ly9jZG4tYXouYWxsZXZlbnRzLmluL2V2ZW50czkvYmFubmVycy9kNjk2MjE2M2MzMjhiODVlMzU2Mjg5OGRkN2JlODY3OGQ3YTMwOThjZGEzMTlkOTkxZWU1MGMzNTkxMGJhYWYyLXJpbWctdzEyMDAtaDY3NS1kYzA4MDgwOC1nbWlyP3Y9MTc4NTcwMzI1OA.avif,0,CONFIRMED,15,ceb7820f06dc16e42da521eb31be067661dd0f296e6084aaa096feedf34d949a
"BANDA EL RECODO, LOS RECODITOS & MAS",2026-08-16T14:00:00,2026-08-16T16:00:00,Plaza de Toros Mexico,1400 E Smith St,Warsaw,IN,,USD 70,Warsaw events index,https://allevents.in/warsaw-in/all,https://allevents.in/warsaw/banda-el-recodo-los-recoditos-and-mas/2900030341669406,C,Community,https://cdn-ip.allevents.in/s/rs:fill:500:250/g:sm/sh:100/aHR0cHM6Ly9jZG4tYXouYWxsZXZlbnRzLmluL2V2ZW50czEvYmFubmVycy9mMGJiYTZlMC04ZDNjLTExZjEtOTc2MC1kM2FjZWM5M2MzZGItcmltZy13MTIwMC1oMzQyLWRjMTgxODE4LWdtaXIuanBnP3Y9MTc4NTU0MjgzMA.avif,0,CONFIRMED,15,dcb4ce11a502625e53da3bca797110ce52a4eea235781a490d1caeb46a21d70b
Gran Jaripeo con el 90´s Banda Tour,2026-08-16T14:00:00,,Plaza De Toros Mexico,"1400 e smith st,Warsaw, Indiana",Warsaw,IN,,,Warsaw events index,https://allevents.in/warsaw-in/all,https://allevents.in/warsaw/gran-jaripeo-con-el-90´s-banda-tour/200030380401613,C,Community,https://cdn-ip.allevents.in/s/rs:fill:500:250/g:sm/sh:100/aHR0cHM6Ly9jZG4tYXouYWxsZXZlbnRzLmluL2V2ZW50czkvYmFubmVycy80MmQ2YzI0ZGYyNThiMzM2NGRlOTFkZjJkNDQwMTFhYWE2OGJiOWFjYzkwNGMyNzYzZDg4ODlmM2JhZmRiNWZlLXJpbWctdzEwODAtaDU2NS1kYzA4MDgwOC1nbWlyP3Y9MTc4NTkxMTI5NQ.avif,0,CONFIRMED,15,be41ff441fc4d74eec1a43fb118d26d94e0aca74e78ed91595e9ec0aedb2861e
Home Show,2026-08-16T18:30:00,2026-08-16T19:30:00,Hidden Lake,,Warsaw,IN,"The Lake City Skiers will be performing a 1 hour show at Hidden Lake Warsaw\, IN. Pre-Show Starts at 5:45 pm. Feature Show at 6:30 pm.",,Lake City Skiers,https://www.lakecityskiers.org/feed/eo-events/,https://www.lakecityskiers.org/events/event/home-show/,A,Sports & outdoors,https://www.lakecityskiers.org/wp-content/uploads/2023/11/IMG_5945-scaled.jpg,0,CONFIRMED,20,8babfad8cfd89c72d34a3f0cb25c2e88a9dbc8b49674a1964495251e79a11ac4
Remembering Elvis,2026-08-17T18:00:00,2026-08-17T19:00:00,Meeting Room A/B at Warsaw Community Public Library,310 East Main Street,Warsaw,IN,"We will remember the life of Elvis with trivia, favorite songs & movies, and a sing-a-long. This come and go event will be a wonderful reminder of ""The King of Rock n' Roll.""",,Warsaw Community Public Library,https://warsaw.librarycalendar.com/events/list,https://warsaw.librarycalendar.com/event/remembering-elvis-3360,A,Music & shows,https://warsaw.librarycalendar.com/sites/default/files/styles/large/public/2026-07/14.jpg?itok=80Fdi7fF,0,CONFIRMED,20,d85be6f5e2eb057d5353fc01d4c6c7656314480d83386eff6c888e42509e1320
Story Emporium Used Bookstore,2026-08-18T16:00:00,2026-08-18T19:00:00,Stafford Book Sale Room at Warsaw Community Public Library,310 East Main Street,Warsaw,IN,"The Friends of the Library used bookstore sells books, movies, sound recordings, and video games. All proceeds support WCPL.",,Warsaw Community Public Library,https://warsaw.librarycalendar.com/events/list,https://warsaw.librarycalendar.com/event/story-emporium-used-bookstore-2562,A,Music & shows,https://warsaw.librarycalendar.com/sites/default/files/styles/large/public/2025-12/jan%20-%20story%20emporium_2.jpg?itok=cifNdeLU,0,CONFIRMED,20,cff4fdda85fe57130bd7257ceeb6a84f6da5247c81eb3654d794e22931bb6aa4
Book Trivia,2026-08-18T17:30:00,2026-08-18T18:30:00,Meeting Room A/B at Warsaw Community Public Library,310 East Main Street,Warsaw,IN,"All lovers of books, come and enjoy a great time of trivia covering all genres and eras. Meet people who enjoy books and win some small prizes.",,Warsaw Community Public Library,https://warsaw.librarycalendar.com/events/list,https://warsaw.librarycalendar.com/event/book-trivia-3377,A,Arts & learning,https://warsaw.librarycalendar.com/sites/default/files/styles/large/public/2026-07/15.jpg?itok=IKQmm1Hl,0,CONFIRMED,20,06d871ef6c65713e2bdf110eb996d1fdd8b332ae8c17903e946cf1ba6e26a77e
KBOR Car Show,2026-08-21T17:00:00,2026-08-21T20:00:00,Downtown Warsaw,,Warsaw,IN,"KBOR Car Show August 21 @ 5 pm - 8 pm Warsaw, IN",,Downtown Warsaw,https://downtownwarsaw.com/events/,https://downtownwarsaw.com/event/kbor-car-show-2026-08-21/,A,Community,https://downtownwarsaw.com/wp-content/uploads/2026/03/CarShowFBHeader.png,0,CONFIRMED,23,6b3d3db62a4a72cd8acec93025908ac44411ed8aee0b772379bbc316e10e53f2
Race Day!,2026-08-22T00:00:00,,Hire Park BMX,"750 E Arthur St, Warsaw, IN 46580-3082, United States",Warsaw,IN,,,Warsaw events index,https://allevents.in/warsaw-in/all,https://allevents.in/warsaw/race-day/200029984459243,C,Sports & outdoors,https://cdn-ip.allevents.in/s/rs:fill:500:250/g:sm/sh:100/aHR0cHM6Ly9jZG4tYXouYWxsZXZlbnRzLmluL2V2ZW50czEwL2Jhbm5lcnMvNDQ0MmNlMTg3OTNmZTk3NzkzNTBlM2UzOTE2MjhhZmMwYzNjZGU5MmY4NWFhZTliOGJlOTc2YmUwOGQ4NGY0Ni1yaW1nLXcxMjAwLWg4MDAtZGNlZGQ0YzEtZ21pcj92PTE3Nzk1NjAxOTM.avif,0,CONFIRMED,15,7a62ea4539c1539eea7cdddd68460d6caf88673a61540d361a0e65a03f713d22
Learn to ski clinic,2026-08-22T10:00:00,2026-08-22T13:00:00,Hidden Lake,,Warsaw,IN,Online Registration only!! Register for the August 22 Learn to Ski clinic. There will be 2 time slots to select from. Group 1 10:00am – 11:30am Group 2 11:30am – 1:00pm Additional Information: This is a basic skills clinic for beginners. This event is ONLINE registration ONLY! The cost of the clinic is $20.30 per […],$ 20.30,Lake City Skiers,https://www.lakecityskiers.org/feed/eo-events/,https://www.lakecityskiers.org/events/event/learn-to-ski-clinic/,A,Sports & outdoors,https://www.lakecityskiers.org/wp-content/uploads/2023/11/20210717_101816-scaled.jpg,0,CONFIRMED,20,8066e54f842871d1dc0c3bddc62973d210acf3457832fa84cedf1849f08a3f8f
Library LEGO,2026-08-22T10:00:00,2026-08-22T13:00:00,Meeting Room C at Warsaw Community Public Library,310 East Main Street,Warsaw,IN,Do you like to build with LEGOs? We supply the LEGOs. You supply the creativity. Build together as a family or go solo. Stay for a few minutes or the entire time. What can you build in a room full of LEGOs?,,Warsaw Community Public Library,https://warsaw.librarycalendar.com/events/list,https://warsaw.librarycalendar.com/event/library-lego-3156,A,Family,https://warsaw.librarycalendar.com/sites/default/files/styles/large/public/2026-07/10.jpg?itok=Ka2s0Sdi,0,CONFIRMED,20,9f7fd4e123a3b17047b5d434e6cf82b33a00f9567df11f3f2fe464ca21c440eb
Grouchy Greg 4 County Hamfest,2026-08-22T10:00:00,2026-08-22T16:00:00,"6280 W Crystal Lake Road, Warsaw IN 46580","6065 W Crystal Lake Rd, Warsaw, IN 46580-8973, United States",Warsaw,IN,,,Warsaw events index,https://allevents.in/warsaw-in/all,https://allevents.in/warsaw/grouchy-greg-4-county-hamfest/200030384069410,C,Community,https://cdn-ip.allevents.in/s/rs:fill:500:250/g:sm/sh:100/aHR0cHM6Ly9jZG4tYXouYWxsZXZlbnRzLmluL2V2ZW50czMvYmFubmVycy8zOGFmNDNmNWYyNDliODBmMjlkZGExYmI0YWM4YTgwYTJkODE3MDFkYjQ0M2VhOTk0YzU0ZGVmNGVmZGYwNjA5LXJpbWctdzEyMDAtaDEyMDAtZGMwODE4MzgtZ21pcj92PTE3ODU1ODk0OTM.avif,0,CONFIRMED,15,1433abd148935827e015b014be07542a32fb86b4201b3b4e0d27e388b5d761f7
Adult Scrabble Tournament,2026-08-22T10:30:00,2026-08-22T13:30:00,Meeting Room A/B at Warsaw Community Public Library,310 East Main Street,Warsaw,IN,We will start with groups of 2 person challenges in Scrabble and work down to the final pair. Bring people with you or just come and join in! Please register with the library.,,Warsaw Community Public Library,https://warsaw.librarycalendar.com/events/list,https://warsaw.librarycalendar.com/event/adult-scrabble-tournament-3152,A,Arts & learning,https://warsaw.librarycalendar.com/sites/default/files/styles/large/public/2026-07/16.jpg?itok=ofOC-cJs,0,CONFIRMED,20,674825d7da0aedafc48f6fe7a6a91084c21ffc74e0bc8c7270d55dfd6af6e8de
Story Emporium Used Bookstore,2026-08-22T10:30:00,2026-08-22T13:30:00,Stafford Book Sale Room at Warsaw Community Public Library,310 East Main Street,Warsaw,IN,"The Friends of the Library used bookstore sells books, movies, sound recordings, and video games. All proceeds support WCPL.",,Warsaw Community Public Library,https://warsaw.librarycalendar.com/events/list,https://warsaw.librarycalendar.com/event/story-emporium-used-bookstore-2615,A,Music & shows,https://warsaw.librarycalendar.com/sites/default/files/styles/large/public/2025-12/jan%20-%20story%20emporium_1.jpg?itok=8166Ip4-,0,CONFIRMED,20,e3c77497f885b25bce5da4c142ae3bbe0b72dd5608e14d7d6b1ff6e247551ccd
Indiana Beach Show,2026-08-22T12:00:00,2026-08-22T15:40:00,Indiana Beach Boardwalk Resort,,Warsaw,IN,The Lake City Skiers will be performing three shows at Indiana Beach.,,Lake City Skiers,https://www.lakecityskiers.org/feed/eo-events/,https://www.lakecityskiers.org/events/event/indiana-beach-show/,A,Sports & outdoors,https://www.lakecityskiers.org/wp-content/uploads/2023/11/Indiana-Beach.jpg,0,CONFIRMED,20,96ec5f647bfe3910f603f8a95263f7fa0a371b92abe1f95bc7b76812d1ae1c2c
K County Jr Roller Derby & South Bend Roller Derby Commanders Double Header,2026-08-23T12:00:00,,Eastlake Skate Center,"3010 Frontage Rd,Warsaw,IN,United States",Warsaw,IN,,,Warsaw events index,https://allevents.in/warsaw-in/all,https://allevents.in/warsaw/k-county-jr-roller-derby-and-south-bend-roller-derby-commanders-double-header/200029710827146,C,Community,https://cdn-ip.allevents.in/s/rs:fill:500:250/g:sm/sh:100/aHR0cHM6Ly9jZG4tYXouYWxsZXZlbnRzLmluL2V2ZW50czIvYmFubmVycy9hOWRiMmY0NDk5MTQ0OTk1ZWMzM2RmZjcyODVkNGNjOWMzMzg1N2E5MWM3M2I0YjdjZGNjYjliNDdmNjEwN2IzLXJpbWctdzEyMDAtaDYwMC1kYzFkNWY5My1nbWlyP3Y9MTc4NDI3MTg3MQ.avif,0,CONFIRMED,15,250518a97fcb6e515015e9b37061adeaf69bc30d85b59e8d8ddb65de0115abed
MTG Commander Party: The Hobbit,2026-08-23T12:00:00,2026-08-23T17:00:00,"118 W Market St, Warsaw, IN","118 W Market St, Warsaw, IN 46580-2812, United States",Warsaw,IN,,,Warsaw events index,https://allevents.in/warsaw-in/all,https://allevents.in/warsaw/mtg-commander-party-the-hobbit/200030498620502,C,Arts & learning,https://cdn-ip.allevents.in/s/rs:fill:500:250/g:sm/sh:100/aHR0cHM6Ly9jZG4tYXouYWxsZXZlbnRzLmluL2V2ZW50czkvYmFubmVycy8yMmJhMjU5Y2U0ZjM2MTY1MDJkMzBlNWFlZGJiYTNjYzUwMjVkYzAwYmVjNmEyZGI3YTc4NTRiZmUzYzBjOGQ5LXJpbWctdzEwODAtaDEzNTAtZGMyODE4MTgtZ21pcj92PTE3ODU3MDgzMDI.avif,0,CONFIRMED,15,4d833eabfdf5143d2ffd13cea7b483ff8dca52d98ee67c9b03a2cae013db415c
Home Show,2026-08-23T18:30:00,2026-08-23T19:30:00,Hidden Lake,,Warsaw,IN,"The Lake City Skiers will be performing a 1 hour show at Hidden Lake Warsaw\, IN. Pre-Show Starts at 5:45 pm. Feature Show at 6:30 pm.",,Lake City Skiers,https://www.lakecityskiers.org/feed/eo-events/,https://www.lakecityskiers.org/events/event/home-show/,A,Sports & outdoors,https://www.lakecityskiers.org/wp-content/uploads/2023/11/IMG_5945-scaled.jpg,0,CONFIRMED,20,dada8403df6738bc9298cd3d81f6a88ed4412d26b38cb062dd795955ac13e407
Wagon Wheel Conservatory 2026 Fall Session Classes,2026-08-24T00:00:00,2026-08-24T23:59:59,Wagon Wheel Center for the Arts,2515 E. Center Street,Warsaw,IN,"This six-week session of classes begins August 24th and runs through October 4th, culminating in a showcase performance at 3pm on Sunday, October 4th with a full rehearsal from 12:00pm-2:15pm beforehand. Classes will take place in either the Wagon Wheel Conservatory or the Wagon Wheel rehearsal room, and prices vary. Please see the details regarding location, price, day, time, and age group for each class. Classes begin Monday, August 24th and run through October 24th. Classes continue to run through all fall breaks. Sign up for more than one class per session and receive $20 off your second class, $30 off […]",Pricing includes all fees.,Wagon Wheel Center,https://wagonwheelcenter.org/upcoming-events/,https://wagonwheelcenter.org/event/fall-conservatory-classes/,A,Sports & outdoors,,0,CONFIRMED,20,27ff1e11f7cfcd34d2769ec89c12e62da41805c8589d8887910cd6e3a5458f94
50-Cent Stems Student Sale 2026,2026-08-24T09:00:00,2026-08-28T19:00:00,The Big Gray Barn Co. You-Pick,"3816 N 400 E ,Warsaw,IN,United States",Warsaw,IN,,,Warsaw events index,https://allevents.in/warsaw-in/all,https://allevents.in/warsaw/50-cent-stems-student-sale-2026/200030326512627,C,Community,https://cdn-ip.allevents.in/s/rs:fill:500:250/g:sm/sh:100/aHR0cHM6Ly9jZG4tYXouYWxsZXZlbnRzLmluL2V2ZW50czcvYmFubmVycy8zZTJhOWE0ZDA0YTg4NjllMWZmODg2MDE3Y2VkMTRjMzZiYjUwNGVlZTkxZmZlMzYxODljZTE2OGYyMTBkOThmLXJpbWctdzEyMDAtaDE2MDAtZGNmOGY4ZjgtZ21pcj92PTE3ODU2NjgyODc.avif,0,CONFIRMED,15,26a441b4570585174fb87a95ca16397ecdc972c26bf253b704f3b9a3c2762896
Beginning Crocheting for Adults,2026-08-24T18:00:00,2026-08-24T19:00:00,Meeting Room C at Warsaw Community Public Library,310 East Main Street,Warsaw,IN,Join us as we continue to learn about the art of crocheting. This is perfect for beginners or those who wat to brush up their skills. Registration is required.,,Warsaw Community Public Library,https://warsaw.librarycalendar.com/events/list,https://warsaw.librarycalendar.com/event/beginning-crocheting-adults-3276,A,Sports & outdoors,https://warsaw.librarycalendar.com/sites/default/files/styles/large/public/2026-07/17.jpg?itok=yd4PalqA,0,CONFIRMED,20,519152e92ad92c647c4512660da37985fcc8db426a3fa77069b3186f6ab5f8c9
Story Emporium Used Bookstore,2026-08-25T16:00:00,2026-08-25T19:00:00,Stafford Book Sale Room at Warsaw Community Public Library,310 East Main Street,Warsaw,IN,"The Friends of the Library used bookstore sells books, movies, sound recordings, and video games. All proceeds support WCPL.",,Warsaw Community Public Library,https://warsaw.librarycalendar.com/events/list,https://warsaw.librarycalendar.com/event/story-emporium-used-bookstore-2563,A,Music & shows,https://warsaw.librarycalendar.com/sites/default/files/styles/large/public/2025-12/jan%20-%20story%20emporium_2.jpg?itok=cifNdeLU,0,CONFIRMED,20,ebd8d5b676aa6af43d070c2c3c8ad84ec4671dfbc0f7ca894e01b87e62d6d321
College 101,2026-08-25T18:00:00,2026-08-25T19:00:00,Meeting Room A/B at Warsaw Community Public Library,310 East Main Street,Warsaw,IN,"This is an opportunity for students and parents to hear about all Ivy Tech has to offer: student resources, dual credits, maximize time and save money, and more. This will include a career survey and time for questions.",,Warsaw Community Public Library,https://warsaw.librarycalendar.com/events/list,https://warsaw.librarycalendar.com/event/college-101-3195,A,Community,https://warsaw.librarycalendar.com/sites/default/files/styles/large/public/2026-07/18.jpg?itok=w28GLVHp,0,CONFIRMED,20,1ecc24524361ec22172dbbf64acb2c2cbe1dddf2ddc3f60a95b535802e3717e0
2026 Open Speed Show,2026-08-28T00:00:00,,"1400 E Smith St, Warsaw, IN 46580-4654, United States","1400 E Smith St, Warsaw, IN 46580-4654, United States",Warsaw,IN,,,Warsaw events index,https://allevents.in/warsaw-in/all,https://allevents.in/warsaw/2026-open-speed-show/200029974910812,C,Community,https://cdn-ip.allevents.in/s/rs:fill:500:250/g:sm/sh:100/aHR0cHM6Ly9jZG4tYXouYWxsZXZlbnRzLmluL2V2ZW50czgvYmFubmVycy9iNzRkY2YwMmI4ZDFhNWQ4NDkyZDMyNjE3YjhjOWRkODc5MjE0ZDkzYWJjZjA0NWQ4M2M0YzQ5OGFkM2I3MDE5LXJpbWctdzEyMDAtaDE1NTItZGNmZmZmZmYtZ21pcj92PTE3Nzk1NjAxODI.avif,0,CONFIRMED,15,76a965bebe83630d87a3a38a281013ddee1a93fbb5bff59cfdc32b1404cc2dde
African Tea,2026-08-28T15:00:00,2026-08-28T16:00:00,Meeting Room C at Warsaw Community Public Library,310 East Main Street,Warsaw,IN,"Join us for an overview of African culture, landmarks and food/tea. Registration is required.",,Warsaw Community Public Library,https://warsaw.librarycalendar.com/events/list,https://warsaw.librarycalendar.com/event/african-tea-3241,A,Food & markets,https://warsaw.librarycalendar.com/sites/default/files/styles/large/public/2026-07/19.jpg?itok=P1rB4YTw,0,CONFIRMED,20,2d89aa3d73b4456e714313123e0e34cf90b9d094f27c84a224ead4cd8750c083
Drew Estate Event WARSAW ($4000 Humidor Giveaway),2026-08-28T16:00:00,,"2930 Frontage Rd, Warsaw, IN 46580-3914, United States","2930 Frontage Rd, Warsaw, IN 46580-3914, United States",Warsaw,IN,,,Warsaw events index,https://allevents.in/warsaw-in/all,https://allevents.in/warsaw/drew-estate-event-warsaw-$4000-humidor-giveaway/200030260673359,C,Community,https://cdn-ip.allevents.in/s/rs:fill:500:250/g:sm/sh:100/aHR0cHM6Ly9jZG4tYXouYWxsZXZlbnRzLmluL2V2ZW50czQvYmFubmVycy8zODdmYTAxNmQ2ZGU1MzMyYTVhMzg1OTBmMWNmMTcwZDkyMjZmNGExOTIwYjUwMTBmNmVlN2ExN2ZhNzY3MDU1LXJpbWctdzEyMDAtaDY2NC1kYzA0MDUwMS1nbWlyP3Y9MTc4NDI4ODc2Mw.avif,0,CONFIRMED,15,28e4df80cfbc1881390ef4974c47aaea80054bd8ce1ddc278e2a57bc53869fe9
"250th Central Park Celebration Concert, Warsaw",2026-08-28T19:00:00,,Warsaw Central Park,"Warsaw, Indiana",Warsaw,IN,,,Warsaw events index,https://allevents.in/warsaw-in/all,https://allevents.in/warsaw/250th-central-park-celebration-concert-warsaw/200030399413936,C,Music & shows,https://cdn-ip.allevents.in/s/rs:fill:500:250/g:sm/sh:100/aHR0cHM6Ly9jZG4tYXouYWxsZXZlbnRzLmluL2V2ZW50czQvYmFubmVycy9hOTc5NmUxYmRlYTE4YzUzZjdlYTNiYjM5ZjkyNDlmMDNiYjA5MjBmYzUxY2NhNTBmNmZlNWViOTMzM2ZlZGU1LXJpbWctdzk0MC1oMzQ4LWRjOGU4Yjk1LWdtaXI_dj0xNzg0NTY1NjMy.avif,0,CONFIRMED,15,17d8e85154b7e5e388199740269c4b36689202a820e221586e49fb34a934b238
RUN FOR HOPE,2026-08-29T08:00:00,,"123 S Buffalo St, Warsaw, IN 46580-2802, United States","123 S Buffalo St, Warsaw, IN 46580-2802, United States",Warsaw,IN,,,Warsaw events index,https://allevents.in/warsaw-in/all,https://allevents.in/warsaw/run-for-hope/200030192300450,C,Sports & outdoors,https://cdn-ip.allevents.in/s/rs:fill:500:250/g:sm/sh:100/aHR0cHM6Ly9jZG4tYXouYWxsZXZlbnRzLmluL2V2ZW50czEwL2Jhbm5lcnMvODVjZmM1N2QxMjVkYzg3YWE4NGZiYmE0ZmE3MzRiMDI0M2ZhMDI5YmRiMDM1NTU5MmZkODc4NmI1YjhmMmEyNS1yaW1nLXcxMjAwLWg0MDAtZGNmOGY4ZjgtZ21pcj92PTE3ODU3ODMyNDM.avif,0,CONFIRMED,15,a3749621a4ebc3c6fd505005fe625b8bf2dd1f6e4b2bc2bc4461888f9ca7e1c3
Story Emporium Used Bookstore,2026-08-29T10:30:00,2026-08-29T13:30:00,Stafford Book Sale Room at Warsaw Community Public Library,310 East Main Street,Warsaw,IN,"The Friends of the Library used bookstore sells books, movies, sound recordings, and video games. All proceeds support WCPL.",,Warsaw Community Public Library,https://warsaw.librarycalendar.com/events/list,https://warsaw.librarycalendar.com/event/story-emporium-used-bookstore-2616,A,Music & shows,https://warsaw.librarycalendar.com/sites/default/files/styles/large/public/2025-12/jan%20-%20story%20emporium_1.jpg?itok=8166Ip4-,0,CONFIRMED,20,8159b509dfd9c64cbe41ddb851c3bb79f0ba21b7e53ed71fec8a81e15fffd7d3
"Trigger on the Stack CEDH CEDH FOR MOX DIAMOND, VOLCANIC ISLAND, SAVANNAH, & YAWGMOTH’S WILL !!!",2026-08-29T11:00:00,,Center Lake Pavilion,"301 Canal St.,Warsaw, Indiana",Warsaw,IN,,,Warsaw events index,https://allevents.in/warsaw-in/all,https://allevents.in/warsaw/trigger-on-the-stack-cedh-cedh-for-mox-diamond-volcanic-island-savannah-and-yawgmoths-will/200030173818421,C,Community,https://cdn-ip.allevents.in/s/rs:fill:500:250/g:sm/sh:100/aHR0cHM6Ly9jZG4tYXouYWxsZXZlbnRzLmluL2V2ZW50czUvYmFubmVycy9mY2RkMDNiMmZhZDJjOGY4ZTAzZWU4NzA3NDFkZjMxOGU3NGY4Y2UxNWNjZWU2YzIzN2U3ZDFkZDY1NmQ0NDIyLXJpbWctdzEyMDAtaDEyMDAtZGMwODA4MDgtZ21pcj92PTE3ODU2NDkzOTc.avif,0,CONFIRMED,15,d4fb3cc111829b769a60155ea1a8f676f1564f6f1a032ab960483edc6819654d
The Belieber Market 💿💜,2026-08-29T12:00:00,2026-08-29T17:00:00,"3143 E Center St, Warsaw,IN 46582","3143 E Center St, Warsaw, IN 46582-3901, United States",Warsaw,IN,,,Warsaw events index,https://allevents.in/warsaw-in/all,https://allevents.in/warsaw/the-belieber-market/200030445934942,C,Food & markets,https://cdn-ip.allevents.in/s/rs:fill:500:250/g:sm/sh:100/aHR0cHM6Ly9jZG4tYXouYWxsZXZlbnRzLmluL2V2ZW50czcvYmFubmVycy80YmEwZmI4ZGIyNTI2OGZjODA5YTAyNjAwZGVkMjVlYTYzZmQ1MGQ0Njg5ZjQzYmM5OGQzY2VmMDY4OGMzNDZkLXJpbWctdzEwODAtaDEzNTAtZGNlOGQ4ZjgtZ21pcj92PTE3ODU0MzkyNjI.avif,0,CONFIRMED,15,a908e5ac209bc13d6fc6219a3259b68fde15310511f7bb095d7d4297d8552fe5
Almost There @ Spikes Beach Grill,2026-08-29T19:00:00,2026-08-29T21:30:00,"310 Eastlake Dr, Warsaw, IN 46580-3888, United States","310 Eastlake Dr, Warsaw, IN 46580-3888, United States",Warsaw,IN,,,Warsaw events index,https://allevents.in/warsaw-in/all,https://allevents.in/warsaw/almost-there-spikes-beach-grill/200030192300249,C,Community,https://cdn-ip.allevents.in/s/rs:fill:500:250/g:sm/sh:100/aHR0cHM6Ly9jZG4tYXouYWxsZXZlbnRzLmluL2V2ZW50czYvYmFubmVycy84OWEzODc0MzQ0ZDNlYmZkMGNkYjRiYjc4NWQ5OTQ0MjhjMGNmY2UyNGZkMDQ5YWFmOThlY2YwNzkyMDZiYjdjLXJpbWctdzEyMDAtaDkwMC1kYzA4MDgwOC1nbWlyP3Y9MTc4NTY5NjMxNA.avif,0,CONFIRMED,15,02c1152a88decb0e0fb7f5fbabf95e0b3619cec96eaf79bcb671a93e8cf2b07e
Home Show,2026-08-30T18:30:00,2026-08-30T19:30:00,Hidden Lake,,Warsaw,IN,"The Lake City Skiers will be performing a 1 hour show at Hidden Lake Warsaw\, IN. Pre-Show Starts at 5:45 pm. Feature Show at 6:30 pm.",,Lake City Skiers,https://www.lakecityskiers.org/feed/eo-events/,https://www.lakecityskiers.org/events/event/home-show/,A,Sports & outdoors,https://www.lakecityskiers.org/wp-content/uploads/2023/11/IMG_5945-scaled.jpg,0,CONFIRMED,20,e25f371c47f3c6edd75a081d84cb9eb9b835ce23edf9df233a6f8ef9f3983961
The Toddler Lounge,2026-09-01T10:00:00,2026-09-01T12:00:00,Meeting Room A/B at Warsaw Community Public Library,310 East Main Street,Warsaw,IN,"As you walk into Room A/B, you'll notice that there is an area with toddler toys that your children can play with at their leisure, a coloring station for all ages, and a book nook for a little ""book time"".",,Warsaw Community Public Library,https://warsaw.librarycalendar.com/events/list,https://warsaw.librarycalendar.com/event/toddler-lounge-3345,A,Family,,0,CONFIRMED,20,044fd44692f33bcdebf9d462d318965139afa44a5eddbe0da3415045db758924
Story Emporium Used Bookstore,2026-09-01T16:00:00,2026-09-01T19:00:00,Stafford Book Sale Room at Warsaw Community Public Library,310 East Main Street,Warsaw,IN,"The Friends of the Library used bookstore sells books, movies, sound recordings, and video games. All proceeds support WCPL.",,Warsaw Community Public Library,https://warsaw.librarycalendar.com/events/list,https://warsaw.librarycalendar.com/event/story-emporium-used-bookstore-2564,A,Music & shows,https://warsaw.librarycalendar.com/sites/default/files/styles/large/public/2025-12/jan%20-%20story%20emporium_2.jpg?itok=cifNdeLU,0,CONFIRMED,20,128d309f6dbd1891e91a980d46849cf42625e29cff867f0c9f83ab5a52c2031a
Chair Yoga,2026-09-02T11:15:00,2026-09-02T12:00:00,Meeting Room A/B at Warsaw Community Public Library,310 East Main Street,Warsaw,IN,"Chair Yoga is back and ready for you! Join us for some light stretching and exercise, and make some new friends!",,Warsaw Community Public Library,https://warsaw.librarycalendar.com/events/list,https://warsaw.librarycalendar.com/event/chair-yoga-3487,A,Community,,0,CONFIRMED,20,dd56c63f1b3bddcb2b4629ac91af15a865d3364908621c2f0c2e57f1c17d53a0
Thursday Night Thunder Monthly Series-September,2026-09-03T17:30:00,,"750 E Arthur St, Warsaw, IN, United States, Indiana 46580","750 E Arthur St, Warsaw, IN 46580-3082, United States",Warsaw,IN,,,Warsaw events index,https://allevents.in/warsaw-in/all,https://allevents.in/warsaw/thursday-night-thunder-monthly-series-september/200030290060526,C,Community,https://cdn-ip.allevents.in/s/rs:fill:500:250/g:sm/sh:100/aHR0cHM6Ly9jZG4tYXouYWxsZXZlbnRzLmluL2V2ZW50czQvYmFubmVycy8wOTExNWYxMzU2ODc5YmZiMjI4OTY3OGVmMGRjN2EwYTgyMjA4ODQ1MTcyOWYyMjZkNjc4ZWRiZWE1YmE4ZWQxLXJpbWctdzEyMDAtaDkwMC1kY2U4ZjhmOC1nbWlyP3Y9MTc4NTc3ODgyMg.avif,0,CONFIRMED,15,a7307a6b2586c7ff070be080fbed2409edb370f44d67e1f6d912024c55016bc8
Family Time @ the Winona Lake Farmers Market,2026-09-05T09:00:00,2026-09-05T13:00:00,Off Site,310 East Main Street,Warsaw,IN,Join us at the Winona Lake Farmers Market the first Saturday of each month from May to October for a special story time and then LEGO fun! It all begins at 9am with an outdoor story time for all ages of the family.,,Warsaw Community Public Library,https://warsaw.librarycalendar.com/events/list,https://warsaw.librarycalendar.com/event/family-time-winona-lake-farmers-market-2284,A,Family,,0,CONFIRMED,20,4af6586008b1704f7608a7453ae500f9956a44a72deb57bbe872cda488e1897a
Story Emporium Used Bookstore,2026-09-05T10:30:00,2026-09-05T13:30:00,Stafford Book Sale Room at Warsaw Community Public Library,310 East Main Street,Warsaw,IN,"The Friends of the Library used bookstore sells books, movies, sound recordings, and video games. All proceeds support WCPL.",,Warsaw Community Public Library,https://warsaw.librarycalendar.com/events/list,https://warsaw.librarycalendar.com/event/story-emporium-used-bookstore-2617,A,Music & shows,https://warsaw.librarycalendar.com/sites/default/files/styles/large/public/2025-12/jan%20-%20story%20emporium_1.jpg?itok=8166Ip4-,0,CONFIRMED,20,a46183536b5457a3264151e04211584c1eb1e820dc2158561cca9d8f56d5d818
DURANGO FEST EN WARSAW,2026-09-06T14:00:00,2026-09-06T16:00:00,Plaza de Toros Mexico,1400 E Smith St,Warsaw,IN,,USD 60,Warsaw events index,https://allevents.in/warsaw-in/all,https://allevents.in/warsaw/durango-fest-en-warsaw/2900029925065320,C,Community,https://cdn-ip.allevents.in/s/rs:fill:500:250/g:sm/sh:100/aHR0cHM6Ly9jZG4tYXouYWxsZXZlbnRzLmluL2V2ZW50czgvYmFubmVycy8xYjgzMjYxMC04ZDNjLTExZjEtOTc2MC1kM2FjZWM5M2MzZGItcmltZy13MTIwMC1oMzQzLWRjMDgwODA4LWdtaXIuanBnP3Y9MTc4NTU0MjQ3Mg.avif,0,CONFIRMED,15,9a73474d0b66fa5233d02dacb10af03247bc140c517677ddbba198433f1cfa95
Patrulla 81 in Warsaw,2026-09-06T14:00:00,2026-09-06T16:00:00,Plaza de Toros Mexico,"Plaza de Toros Mexico, Warsaw, IN, United States",Warsaw,IN,,,Warsaw events index,https://allevents.in/warsaw-in/all,https://allevents.in/warsaw/patrulla-81-in-warsaw/3300030148842018,C,Community,https://cdn-ip.allevents.in/s/rs:fill:500:250/g:sm/sh:100/aHR0cHM6Ly9jZG4tYXouYWxsZXZlbnRzLmluL2V2ZW50czEwL2Jhbm5lcnMvNmVlOTQ0MzAtNWFhOS0xMWYxLWFjNjktN2IwYzc4ODhmY2YyLXJpbWctdzEyMDAtaDY3NS1kYzAwMDAwMC1nbWlyLndlYnA_dj0xNzc5OTgxOTE4.avif,0,CONFIRMED,15,9ee19600f82e36849c7c4912141758bee6b1e77a8900e6f487fefdfa0afb6ead
Home Show,2026-09-06T18:30:00,2026-09-06T19:30:00,Hidden Lake,,Warsaw,IN,"The Lake City Skiers will be performing a 1 hour show at Hidden Lake Warsaw\, IN. Pre-Show Starts at 5:45 pm. Feature Show at 6:30 pm.",,Lake City Skiers,https://www.lakecityskiers.org/feed/eo-events/,https://www.lakecityskiers.org/events/event/home-show/,A,Sports & outdoors,https://www.lakecityskiers.org/wp-content/uploads/2023/11/IMG_5945-scaled.jpg,0,CONFIRMED,20,0213c8f517e5649b1f1d112fd1cf8b0aa8bdb2259e3cc339a3de200398d0be0c
Friends of the Library,2026-09-08T13:00:00,2026-09-08T14:00:00,Meeting Room A/B at Warsaw Community Public Library,310 East Main Street,Warsaw,IN,The Friends of the Library is an organization supporting the Warsaw Community Public Library. Individuals are encouraged to attend and learn more about FOL projects and community involvement.,,Warsaw Community Public Library,https://warsaw.librarycalendar.com/events/list,https://warsaw.librarycalendar.com/event/friends-library-2689,A,Arts & learning,,0,CONFIRMED,20,d7457f8b0c62908f0d580cdd75a9f8c0b05cc50eca1a9574a8adece994ba5bf5
Story Emporium Used Bookstore,2026-09-08T16:00:00,2026-09-08T19:00:00,Stafford Book Sale Room at Warsaw Community Public Library,310 East Main Street,Warsaw,IN,"The Friends of the Library used bookstore sells books, movies, sound recordings, and video games. All proceeds support WCPL.",,Warsaw Community Public Library,https://warsaw.librarycalendar.com/events/list,https://warsaw.librarycalendar.com/event/story-emporium-used-bookstore-2565,A,Music & shows,https://warsaw.librarycalendar.com/sites/default/files/styles/large/public/2025-12/jan%20-%20story%20emporium_2.jpg?itok=cifNdeLU,0,CONFIRMED,20,1d63634a5f854016d4cdb9250768d6a852a4a2f3287ed5782d0f1b1d279d5f0d
Wallpaper Wreath,2026-09-10T16:00:00,2026-09-10T17:30:00,Meeting Room C at Warsaw Community Public Library,310 East Main Street,Warsaw,IN,Join us as we make a beautiful wreath made from scraps of wallpaper. Materials are provided but registration is required.,,Warsaw Community Public Library,https://warsaw.librarycalendar.com/events/list,https://warsaw.librarycalendar.com/event/wallpaper-wreath-3383,A,Community,,0,CONFIRMED,20,e49f4a9a7f800c8859976d9470cca7b14f58ec4a5011b4f464cba4672fd8320f
Thursday Night Thunder Monthly Series-September,2026-09-10T17:30:00,,"750 E Arthur St, Warsaw, IN, United States, Indiana 46580","750 E Arthur St, Warsaw, IN 46580-3082, United States",Warsaw,IN,,,Warsaw events index,https://allevents.in/warsaw-in/all,https://allevents.in/warsaw/thursday-night-thunder-monthly-series-september/200030290060526,C,Community,https://cdn-ip.allevents.in/s/rs:fill:500:250/g:sm/sh:100/aHR0cHM6Ly9jZG4tYXouYWxsZXZlbnRzLmluL2V2ZW50czQvYmFubmVycy8wOTExNWYxMzU2ODc5YmZiMjI4OTY3OGVmMGRjN2EwYTgyMjA4ODQ1MTcyOWYyMjZkNjc4ZWRiZWE1YmE4ZWQxLXJpbWctdzEyMDAtaDkwMC1kY2U4ZjhmOC1nbWlyP3Y9MTc4NTc3ODgyMg.avif,0,CONFIRMED,15,4c4cbf8cdeee3af0b41b3e8b63a10f75c111c33e09d195f50a1402223d38bba3
Greyt Readers,2026-09-12T10:30:00,2026-09-12T12:00:00,Warsaw Community Public Library,310 East Main Street,Warsaw,IN,The greyhounds will be here today to enjoy a visit and a story. These loving dogs are ready to share this time with you!,,Warsaw Community Public Library,https://warsaw.librarycalendar.com/events/list,https://warsaw.librarycalendar.com/event/greyt-readers-3462,A,Community,,0,CONFIRMED,20,368436534edcaeba0b5a859be9cf37c09a000f3dd0371d288c95abe03b49c533
Kids Picture Bingo,2026-09-12T10:30:00,2026-09-12T11:30:00,Meeting Room A/B at Warsaw Community Public Library,310 East Main Street,Warsaw,IN,Join us for an hour of picture bingo fun!,,Warsaw Community Public Library,https://warsaw.librarycalendar.com/events/list,https://warsaw.librarycalendar.com/event/kids-picture-bingo-3019,A,Family,,0,CONFIRMED,20,f91987badb833a0d41e9fe95146321c9632bdfb951d7324e0ac79e49fd57cb68
Story Emporium Used Bookstore,2026-09-12T10:30:00,2026-09-12T13:30:00,Stafford Book Sale Room at Warsaw Community Public Library,310 East Main Street,Warsaw,IN,"The Friends of the Library used bookstore sells books, movies, sound recordings, and video games. All proceeds support WCPL.",,Warsaw Community Public Library,https://warsaw.librarycalendar.com/events/list,https://warsaw.librarycalendar.com/event/story-emporium-used-bookstore-2618,A,Music & shows,https://warsaw.librarycalendar.com/sites/default/files/styles/large/public/2025-12/jan%20-%20story%20emporium_1.jpg?itok=8166Ip4-,0,CONFIRMED,20,c20cea6b1b4eaf45376524b06ac6801bc676fa1f1a08af5c64bb4de80cd13a32
Women Owned Business Market,2026-09-13T14:00:00,,The Barn 1880: Historic Venue,"2076 N County Road 100 E, Warsaw, IN 46582-7873, United States",Warsaw,IN,,,Warsaw events index,https://allevents.in/warsaw-in/all,https://allevents.in/warsaw/women-owned-business-market/200030357571021,C,Food & markets,https://cdn-ip.allevents.in/s/rs:fill:500:250/g:sm/sh:100/aHR0cHM6Ly9jZG4tYXouYWxsZXZlbnRzLmluL2V2ZW50czkvYmFubmVycy8xMTBmNjczOWQyY2E3YzQwOTRlZWRkMDJhZTM3OGMxMzYyYzNmYjQ1ZDc1M2VkYjNjMzE2MzE3MmQ4M2MyNjQyLXJpbWctdzEyMDAtaDE1NTItZGNmOGI4ZTgtZ21pcj92PTE3ODU0NDQzMDc.avif,0,CONFIRMED,15,74bfa2fe5bf3e54002e61b56fc5c9c97b743bf746a8d4b1dc297cea48ddd731e
Toddler Story Time w/Play Time,2026-09-14T10:15:00,2026-09-14T11:30:00,Meeting Room C at Warsaw Community Public Library,310 East Main Street,Warsaw,IN,"Join us on Monday mornings as we share books, songs, and games designed for newborns to toddlers. There will be playtime for the little ones, allowing them to make new friends and become comfortable in a group setting.",,Warsaw Community Public Library,https://warsaw.librarycalendar.com/events/list,https://warsaw.librarycalendar.com/event/toddler-story-time-wplay-time-2989,A,Family,,0,CONFIRMED,20,cd659af2a5ad4c6c25f3a592fa2e5673d5beead481dff9497c951f4f2659965e
Genre Book Club,2026-09-14T18:00:00,2026-09-14T19:00:00,Meeting Room A/B at Warsaw Community Public Library,310 East Main Street,Warsaw,IN,Join us this month as we share out love for reading and exploring different genres. Sept. Topic: Self Help,,Warsaw Community Public Library,https://warsaw.librarycalendar.com/events/list,https://warsaw.librarycalendar.com/event/genre-book-club-3363,A,Arts & learning,,0,CONFIRMED,20,fc4d4cbabd5d9fc08f20743484dad249cac8da6e1f3a297b27413a0997293786
Story Emporium Used Bookstore,2026-09-15T16:00:00,2026-09-15T19:00:00,Stafford Book Sale Room at Warsaw Community Public Library,310 East Main Street,Warsaw,IN,"The Friends of the Library used bookstore sells books, movies, sound recordings, and video games. All proceeds support WCPL.",,Warsaw Community Public Library,https://warsaw.librarycalendar.com/events/list,https://warsaw.librarycalendar.com/event/story-emporium-used-bookstore-2566,A,Music & shows,https://warsaw.librarycalendar.com/sites/default/files/styles/large/public/2025-12/jan%20-%20story%20emporium_2.jpg?itok=cifNdeLU,0,CONFIRMED,20,a3721b3a81e12e56b00c95fe6d8705d9328b0bc48b5b019d2b95dcb8a81e9c18
Creative Writing Club,2026-09-15T17:30:00,2026-09-15T18:30:00,Meeting Room A/B at Warsaw Community Public Library,310 East Main Street,Warsaw,IN,"Whether you are new to writing, or have been writing for years, we would love to have you join us as we celebrate the craft. Any style and genre is welcome! September Theme: Weather",,Warsaw Community Public Library,https://warsaw.librarycalendar.com/events/list,https://warsaw.librarycalendar.com/event/creative-writing-club-3370,A,Arts & learning,,0,CONFIRMED,20,72f5b56709f7f833f6dd12d09425c647b57cb744925665574333e7266f5a2da7
Chair Yoga,2026-09-16T11:15:00,2026-09-16T12:00:00,Meeting Room A/B at Warsaw Community Public Library,310 East Main Street,Warsaw,IN,This 45 min. event is great for some light exercise and meeting new people.,,Warsaw Community Public Library,https://warsaw.librarycalendar.com/events/list,https://warsaw.librarycalendar.com/event/chair-yoga-3488,A,Community,,0,CONFIRMED,20,1d7c2604f2d0f9b6fd52352a166d4dd42ceb74c6752be5f9bcd5342aff06f031
First PTO meeting of 2026-27,2026-09-16T16:30:00,,"423 Kincaid Street, Warsaw, IN 46582","423 Kincaide St, Warsaw, IN 46580-4725, United States",Warsaw,IN,,,Warsaw events index,https://allevents.in/warsaw-in/all,https://allevents.in/warsaw/first-pto-meeting-of-2026-27/200030484483829,C,Community,https://cdn-ip.allevents.in/s/rs:fill:500:250/g:sm/sh:100/aHR0cHM6Ly9jZG4tYXouYWxsZXZlbnRzLmluL2V2ZW50czUvYmFubmVycy80OWViNzAxYTM0NWZmMTU0NDQ0YTZlNmNmZTBhMWI1MzVmM2M1YWQ3ODUzOTU3NjY0NjljYzYyOTdkMjRhODIyLXJpbWctdzc3MS1oNTY0LWRjZjhmOGY4LWdtaXI_dj0xNzg1NDYwODg5.avif,0,CONFIRMED,15,dcf93dd5f2fdd386b6592aa2731460918b6242aa70f5a0b7f9f00cbd94dcfabf
Preschool Story Time w/Activity Stations,2026-09-17T10:15:00,2026-09-17T12:00:00,Meeting Room C at Warsaw Community Public Library,310 East Main Street,Warsaw,IN,"Join us in Room C for our Preschool Story Time. Each week we will focus on a topic through books, songs, games and more. Preschool aged children (3-5 years old) can experience social time through free play, story time, and group activities.",,Warsaw Community Public Library,https://warsaw.librarycalendar.com/events/list,https://warsaw.librarycalendar.com/event/preschool-story-time-wactivity-stations-2998,A,Family,,0,CONFIRMED,20,1084710decc52f60e3f138863affb3c250576a9671aaf4ae7e267f772874aff2
Preschool Story Time w/Activity Stations,2026-09-18T10:15:00,2026-09-18T12:00:00,Meeting Room C at Warsaw Community Public Library,310 East Main Street,Warsaw,IN,"Join us in Room C for our Preschool Story Time. Each week we will focus on a topic through books, songs, games and more. Preschool aged children (3-5 years old) can experience social time through free play, story time, and group activities.",,Warsaw Community Public Library,https://warsaw.librarycalendar.com/events/list,https://warsaw.librarycalendar.com/event/preschool-story-time-wactivity-stations-2999,A,Family,,0,CONFIRMED,20,6e0a4bcae0871c37af41745e17ae115abc022bea2b3afbef81ef7ea6694b76ed
Taste of Kosciusko,2026-09-18T17:00:00,2026-09-18T20:00:00,Downtown Warsaw,,Warsaw,IN,"Taste of Kosciusko September 18 @ 5 pm - 8 pm Warsaw, IN",,Downtown Warsaw,https://downtownwarsaw.com/events/,https://downtownwarsaw.com/event/taste-of-kosciusko-2026-09-18/,A,Food & markets,https://downtownwarsaw.com/wp-content/uploads/2026/03/downtown-warsaw-img-2452.jpg,0,CONFIRMED,20,4e6cfe5c550b100d50e8163fc1570367079d9226dde071a03fba3c934ad628b7
Family Safety Day,2026-09-19T09:00:00,2026-09-19T12:00:00,Warsaw Central Park,"341 N Detroit St, Warsaw, IN 46580-3040, United States",Warsaw,IN,,,Warsaw events index,https://allevents.in/warsaw-in/all,https://allevents.in/warsaw/family-safety-day/200029680710012,C,Family,https://cdn-ip.allevents.in/s/rs:fill:500:250/g:sm/sh:100/aHR0cHM6Ly9jZG4tYXouYWxsZXZlbnRzLmluL2V2ZW50czkvYmFubmVycy8xNjU4MmY4NzY3NzZiNDcyZWZhNjhjYjdlNmRkZDY3MjFhN2Q3NGM4N2FlYTNiNzA4ZGZmN2ExMzZmNTlmNTViLXJpbWctdzQ5OS1oMzM3LWRjZjhmOGY4LWdtaXI_dj0xNzg1NTQ3OTA1.avif,0,CONFIRMED,15,1f1560201ff312b0f87fc36cce13ebe4caeb5f3282896d8818768fc43b9b157d
Story Emporium Used Bookstore,2026-09-19T10:30:00,2026-09-19T13:30:00,Stafford Book Sale Room at Warsaw Community Public Library,310 East Main Street,Warsaw,IN,"The Friends of the Library used bookstore sells books, movies, sound recordings, and video games. All proceeds support WCPL.",,Warsaw Community Public Library,https://warsaw.librarycalendar.com/events/list,https://warsaw.librarycalendar.com/event/story-emporium-used-bookstore-2619,A,Music & shows,https://warsaw.librarycalendar.com/sites/default/files/styles/large/public/2025-12/jan%20-%20story%20emporium_1.jpg?itok=8166Ip4-,0,CONFIRMED,20,5128f4d8cae311b8385aa0203f46d16c28744fcf9501bd364d76f46e7bbcfebe
Carson Stoffel Memorial Race,2026-09-19T13:00:00,2026-09-19T14:30:00,Hire Park BMX,"750 E Arthur St, Warsaw, IN 46580-3082, United States",Warsaw,IN,,,Warsaw events index,https://allevents.in/warsaw-in/all,https://allevents.in/warsaw/carson-stoffel-memorial-race/200030302104129,C,Sports & outdoors,https://cdn-ip.allevents.in/s/rs:fill:500:250/g:sm/sh:100/aHR0cHM6Ly9jZG4tYXouYWxsZXZlbnRzLmluL2V2ZW50czEvYmFubmVycy8zZWJlYWQ5MzA0YTMzYjBmNTE4M2M2ODQ2OGQ1OGNjOTM1OWQxMzg3OWVjNWQyNTk4MTQ3OGM1MDE5NDBmMDIwLXJpbWctdzExNzAtaDY2NC1kYzA4MDgwOC1nbWlyP3Y9MTc4NTY5NjMwMw.avif,0,CONFIRMED,15,41c36dbe37ed6688c02942d410887835c404ce3b284b171b7f775fcab49181a0
Fashion Weekend,2026-09-19T19:00:00,2026-09-19T22:00:00,Downtown Warsaw,,Warsaw,IN,"Fashion Weekend September 19 @ 7 pm - 10 pm Warsaw, IN",,Downtown Warsaw,https://downtownwarsaw.com/events/,https://downtownwarsaw.com/event/fashion-weekend-2026-09-19/,A,Community,https://downtownwarsaw.com/wp-content/uploads/2026/03/downtown-warsaw-dfw-0022.jpg,0,CONFIRMED,20,506a27d09390b66abaac5b2e214724b4566918a20733bb4d6dcccd97aa9532ae
Toddler Story Time w/Play Time,2026-09-21T10:15:00,2026-09-21T11:30:00,Meeting Room C at Warsaw Community Public Library,310 East Main Street,Warsaw,IN,"Join us on Monday mornings as we share books, songs, and games designed for newborns to toddlers. There will be playtime for the little ones, allowing them to make new friends and become comfortable in a group setting.",,Warsaw Community Public Library,https://warsaw.librarycalendar.com/events/list,https://warsaw.librarycalendar.com/event/toddler-story-time-wplay-time-2990,A,Family,,0,CONFIRMED,20,b1266bce07f7dc2da4a9d724976c361da986e8b94a9d8a491953919bbfabcf98
Scarecrow Decoration,2026-09-21T16:00:00,2026-09-21T17:30:00,Meeting Room C at Warsaw Community Public Library,310 East Main Street,Warsaw,IN,Create an adorable scarecrow face that can be hung for decoration in the Fall. Materials are provided but registration is required.,,Warsaw Community Public Library,https://warsaw.librarycalendar.com/events/list,https://warsaw.librarycalendar.com/event/scarecrowdecoration-3514,A,Community,,0,CONFIRMED,20,15c104052732860afdcfd3e998d88dfb48e0da68ff319fdbdbeb59ad9351cfcc
The Toddler Lounge,2026-09-22T10:00:00,2026-09-22T12:00:00,Meeting Room A/B at Warsaw Community Public Library,310 East Main Street,Warsaw,IN,"As you walk into Room A/B, you'll notice that there is an area with toddler toys that your children can play with at their leisure, a coloring station for all ages, and a book nook for a little ""book time"".",,Warsaw Community Public Library,https://warsaw.librarycalendar.com/events/list,https://warsaw.librarycalendar.com/event/toddler-lounge-3137,A,Family,,0,CONFIRMED,20,61e0cf7d2e6de90c51d2d1e6fcbba98b9ff89bf30b097687330915ad79b313fe
Story Emporium Used Bookstore,2026-09-22T16:00:00,2026-09-22T19:00:00,Stafford Book Sale Room at Warsaw Community Public Library,310 East Main Street,Warsaw,IN,"The Friends of the Library used bookstore sells books, movies, sound recordings, and video games. All proceeds support WCPL.",,Warsaw Community Public Library,https://warsaw.librarycalendar.com/events/list,https://warsaw.librarycalendar.com/event/story-emporium-used-bookstore-2567,A,Music & shows,https://warsaw.librarycalendar.com/sites/default/files/styles/large/public/2025-12/jan%20-%20story%20emporium_2.jpg?itok=cifNdeLU,0,CONFIRMED,20,2ca7f862b9f06bccf5099319f8023239913cb152facd4edd3bc8a3b22b7ec1f0
Preschool Story Time w/Activity Stations,2026-09-24T10:15:00,2026-09-24T12:00:00,Meeting Room C at Warsaw Community Public Library,310 East Main Street,Warsaw,IN,"Join us in Room C for our Preschool Story Time. Each week we will focus on a topic through books, songs, games and more. Preschool aged children (3-5 years old) can experience social time through free play, story time, and group activities.",,Warsaw Community Public Library,https://warsaw.librarycalendar.com/events/list,https://warsaw.librarycalendar.com/event/preschool-story-time-wactivity-stations-3000,A,Family,,0,CONFIRMED,20,ed3f19f8d931f1a2ad81c13d11960d42b8a591b5dc85212ade8f5b5bf611e944
A Midsummer Night’s Dream,2026-09-25T00:00:00,2026-09-27T23:59:59,Wagon Wheel Center for the Arts,2515 E. Center Street,Warsaw,IN,"Presented by Wagon Wheel Community Theatre Shakespeare’s beloved comedy gets an electrifying 1980s makeover! Four young lovers, a mischievous fairy, a troupe of bumbling actors, and a magical forest collide in a whirlwind of mistaken identities, enchantment, and laughter. Filled with romance, comedy, and retro flair, this vibrant production proves that true love has always been a little complicated.",General Admission – All tickets $21,Wagon Wheel Center,https://wagonwheelcenter.org/upcoming-events/,https://wagonwheelcenter.org/event/community-theatre-a-midsummer-nights-dream/,A,Music & shows,,0,CONFIRMED,23,732488cafe6dc6dd6fcc1673d066448b469c4d255d3e4d61dc3e2355a5976abe
Preschool Story Time w/Activity Stations,2026-09-25T10:15:00,2026-09-25T12:00:00,Meeting Room C at Warsaw Community Public Library,310 East Main Street,Warsaw,IN,"Join us in Room C for our Preschool Story Time. Each week we will focus on a topic through books, songs, games and more. Preschool aged children (3-5 years old) can experience social time through free play, story time, and group activities.",,Warsaw Community Public Library,https://warsaw.librarycalendar.com/events/list,https://warsaw.librarycalendar.com/event/preschool-story-time-wactivity-stations-3001,A,Family,,0,CONFIRMED,20,9ebdb5bf483a687c99de03a1d9aa5142b5c99d96d4c11dd6d5b86e28aad47cd6
Story Emporium Used Bookstore,2026-09-26T10:30:00,2026-09-26T13:30:00,Stafford Book Sale Room at Warsaw Community Public Library,310 East Main Street,Warsaw,IN,"The Friends of the Library used bookstore sells books, movies, sound recordings, and video games. All proceeds support WCPL.",,Warsaw Community Public Library,https://warsaw.librarycalendar.com/events/list,https://warsaw.librarycalendar.com/event/story-emporium-used-bookstore-2620,A,Music & shows,https://warsaw.librarycalendar.com/sites/default/files/styles/large/public/2025-12/jan%20-%20story%20emporium_1.jpg?itok=8166Ip4-,0,CONFIRMED,20,255b405462df0fb223dcf7db5c17a660b6e73a9f3b5fdbe9a0789dd945662cec
Toddler Story Time w/Play Time,2026-09-28T10:15:00,2026-09-28T11:30:00,Meeting Room C at Warsaw Community Public Library,310 East Main Street,Warsaw,IN,"Join us on Monday mornings as we share books, songs, and games designed for newborns to toddlers. There will be playtime for the little ones, allowing them to make new friends and become comfortable in a group setting.",,Warsaw Community Public Library,https://warsaw.librarycalendar.com/events/list,https://warsaw.librarycalendar.com/event/toddler-story-time-wplay-time-2991,A,Family,,0,CONFIRMED,20,5f3b39ccd3a858025478345f04ab13edcac9a513d6e0b2dd7a6a8f7278f2803a
Tea & Canvas,2026-09-28T17:30:00,2026-09-28T19:00:00,Meeting Room C at Warsaw Community Public Library,310 East Main Street,Warsaw,IN,"Start your Fall off with a lovely painting, as you are guided through the process. Cost is $15 and is due at registration in person at the library. Cash or checks, made out to Lisa Bemish, are accepted.",,Warsaw Community Public Library,https://warsaw.librarycalendar.com/events/list,https://warsaw.librarycalendar.com/event/tea-canvas-3497,A,Arts & learning,,0,CONFIRMED,20,7c31cfa33ec69aaa9d221e0956e2f7442c809350f91e201deea2d146f89181d4
Story Emporium Used Bookstore,2026-09-29T16:00:00,2026-09-29T19:00:00,Stafford Book Sale Room at Warsaw Community Public Library,310 East Main Street,Warsaw,IN,"The Friends of the Library used bookstore sells books, movies, sound recordings, and video games. All proceeds support WCPL.",,Warsaw Community Public Library,https://warsaw.librarycalendar.com/events/list,https://warsaw.librarycalendar.com/event/story-emporium-used-bookstore-2568,A,Music & shows,https://warsaw.librarycalendar.com/sites/default/files/styles/large/public/2025-12/jan%20-%20story%20emporium_2.jpg?itok=cifNdeLU,0,CONFIRMED,20,3875c32cf1a475839eba3f729065e26bd43cb8c68db888efe5e14cde7ec7ae74
Diamond Painting,2026-09-29T18:00:00,2026-09-29T19:30:00,Meeting Room C at Warsaw Community Public Library,310 East Main Street,Warsaw,IN,We will be working on a beautiful suncatcher. Registration is provided.,,Warsaw Community Public Library,https://warsaw.librarycalendar.com/events/list,https://warsaw.librarycalendar.com/event/diamond-painting-3274,A,Community,,0,CONFIRMED,20,f4e2e9ce49b75e71f386edae7bc5c94a70e27e602484e1f9485f51fc7279e41f
Francine's Friends Mobile Mammography,2026-09-30T10:00:00,2026-09-30T15:00:00,Warsaw Community Public Library,310 East Main Street,Warsaw,IN,"This mobile machine will be available in our parking lot and can be used by registration to first come, first serve. If interested, call 260-483-1847 to register. Financial assistance is available to those who qualify.",,Warsaw Community Public Library,https://warsaw.librarycalendar.com/events/list,https://warsaw.librarycalendar.com/event/francines-friends-mobile-mammography-2406,A,Community,,0,CONFIRMED,20,6baa97fb02515c359741d5ec92214e537ec301f1118fc30f810fb48debc875af
Chair Yoga,2026-09-30T11:15:00,2026-09-30T12:00:00,Meeting Room A/B at Warsaw Community Public Library,310 East Main Street,Warsaw,IN,"Join us for this light exercise and stretching. Even if it is your fist time, we would love to have you!",,Warsaw Community Public Library,https://warsaw.librarycalendar.com/events/list,https://warsaw.librarycalendar.com/event/chair-yoga-3489,A,Community,,0,CONFIRMED,20,669daa7ada2b80a14f0953e0f4edac7c74c5c014cb015cf02982337c565e159a
Preschool Story Time w/Activity Stations,2026-10-01T10:15:00,2026-10-01T12:00:00,Meeting Room C at Warsaw Community Public Library,310 East Main Street,Warsaw,IN,"Join us in Room C for our Preschool Story Time. Each week we will focus on a topic through books, songs, games and more. Preschool aged children (3-5 years old) can experience social time through free play, story time, and group activities.",,Warsaw Community Public Library,https://warsaw.librarycalendar.com/events/list,https://warsaw.librarycalendar.com/event/preschool-story-time-wactivity-stations-3002,A,Family,,0,CONFIRMED,20,c0999d0fc7e50a5e9e9bbe1b6b81a588c6fd0eb9b06a38c0a8a22271c3db4578
1st Fall Thursday Practice! WE HAVE TIMING!!!!!,2026-10-01T17:00:00,2026-10-01T20:00:00,Hire Park BMX,"750 E Arthur St, Warsaw, IN 46580-3082, United States",Warsaw,IN,,,Warsaw events index,https://allevents.in/warsaw-in/all,https://allevents.in/warsaw/1st-fall-thursday-practice-we-have-timing/200030357549616,C,Community,https://dyn-image.allevents.in/generate-image?v=4&title=+1st+Fall+Thursday+Practice%21+WE+HAVE+TIMING%21%21%21%21%21&date=Thu+Oct+01+2026+at+05%3A00+pm&bg=2,0,CONFIRMED,15,391db5882e6f3c5d494467608e2e8adf545734eaf7bb6ab0ffb186af2b1088ae
Preschool Story Time w/Activity Stations,2026-10-02T10:15:00,2026-10-02T12:00:00,Meeting Room C at Warsaw Community Public Library,310 East Main Street,Warsaw,IN,"Join us in Room C for our Preschool Story Time. Each week we will focus on a topic through books, songs, games and more. Preschool aged children (3-5 years old) can experience social time through free play, story time, and group activities.",,Warsaw Community Public Library,https://warsaw.librarycalendar.com/events/list,https://warsaw.librarycalendar.com/event/preschool-story-time-wactivity-stations-3003,A,Family,,0,CONFIRMED,20,ffebc35dfc7bb02af9790205a50aa91fa8260d6fd0d7f0b328f0581141d20e95
2026 Soul Taker's Acres,2026-10-02T20:00:00,2026-10-31T23:00:00,Kosciusko County Fair Grounds,,Warsaw,IN,,,Kosciusko County Fair,https://www.kcfair.com/events,https://www.kcfair.com/events/2026/2026soultakersacreshh,A,Community,https://www.kcfair.com/App_Themes/SaffireBaseTheme/images/icon_ourpick.png,0,CONFIRMED,20,e495c7106001ee31730e87c4b58d1fade2acd2eff2a09c9dde342eb94309c6e8
Family Time @ the Winona Lake Farmers Market,2026-10-03T09:00:00,2026-10-03T13:00:00,Off Site,310 East Main Street,Warsaw,IN,Join us at the Winona Lake Farmers Market the first Saturday of each month from May to October for a special story time and then LEGO fun! It all begins at 9am with an outdoor story time for all ages of the family.,,Warsaw Community Public Library,https://warsaw.librarycalendar.com/events/list,https://warsaw.librarycalendar.com/event/family-time-winona-lake-farmers-market-2285,A,Family,,0,CONFIRMED,20,dff96280cf852fff587b2876b77fe671c5bd76a0d061d6644f04e3754df9869f
Local Author Book Fair,2026-10-03T10:30:00,2026-10-03T12:30:00,Meeting Room A/B at Warsaw Community Public Library,310 East Main Street,Warsaw,IN,Join us for another wonderful opportunity to meet some of our local authors and see the variety of books that will be available. There will be books for all ages!,,Warsaw Community Public Library,https://warsaw.librarycalendar.com/events/list,https://warsaw.librarycalendar.com/event/local-author-book-fair-3196,A,Arts & learning,,0,CONFIRMED,23,d00155d3004cbd9c08d62f6f03abb9b0d046367365a819a91b90e35233f3e670
Story Emporium Used Bookstore,2026-10-03T10:30:00,2026-10-03T13:30:00,Stafford Book Sale Room at Warsaw Community Public Library,310 East Main Street,Warsaw,IN,"The Friends of the Library used bookstore sells books, movies, sound recordings, and video games. All proceeds support WCPL.",,Warsaw Community Public Library,https://warsaw.librarycalendar.com/events/list,https://warsaw.librarycalendar.com/event/story-emporium-used-bookstore-2621,A,Music & shows,https://warsaw.librarycalendar.com/sites/default/files/styles/large/public/2025-12/jan%20-%20story%20emporium_1.jpg?itok=8166Ip4-,0,CONFIRMED,20,ad14215fcf7d8693b26fb72979b3e1a7c8a505d998cbe9b00265061a65fd0853
Halloween Town 🧟‍♀️🎃🕷️,2026-10-03T12:00:00,2026-10-03T17:00:00,Kosciusko County Community Fair,"1400 E Smith St,Warsaw,IN,United States",Warsaw,IN,,,Warsaw events index,https://allevents.in/warsaw-in/all,https://allevents.in/warsaw/halloween-town/200030483957522,C,Community,https://cdn-ip.allevents.in/s/rs:fill:500:250/g:sm/sh:100/aHR0cHM6Ly9jZG4tYXouYWxsZXZlbnRzLmluL2V2ZW50czkvYmFubmVycy84NDA0ZTk3NGMzOGY0YWRiZTY4ZjNmZDExZjBjZTE4MTM5ZDE5Yjg4ZTI0ZmNmZThkNDI4OGU5NWVjODUwMmVmLXJpbWctdzEyMDAtaDE2MDAtZGMzODc4YTgtZ21pcj92PTE3ODU0NTI5NjE.avif,0,CONFIRMED,15,f7079393ee2d7a4a218e4300328c1e3190bc739f9277ab21d50ea05626d9fbe3
Toddler Story Time w/Play Time,2026-10-05T10:15:00,2026-10-05T11:30:00,Meeting Room C at Warsaw Community Public Library,310 East Main Street,Warsaw,IN,"Join us on Monday mornings as we share books, songs, and games designed for newborns to toddlers. There will be playtime for the little ones, allowing them to make new friends and become comfortable in a group setting.",,Warsaw Community Public Library,https://warsaw.librarycalendar.com/events/list,https://warsaw.librarycalendar.com/event/toddler-story-time-wplay-time-2992,A,Family,,0,CONFIRMED,20,f0d94e2eb1f822c58aef1e4f4d56d423038d917d69a96fe48b52bf2cc385acfb
Friends of the Library,2026-10-05T13:00:00,2026-10-05T14:00:00,Meeting Room A/B at Warsaw Community Public Library,310 East Main Street,Warsaw,IN,The Friends of the Library is an organization supporting the Warsaw Community Public Library. Individuals are encouraged to attend and learn more about FOL projects and community involvement.,,Warsaw Community Public Library,https://warsaw.librarycalendar.com/events/list,https://warsaw.librarycalendar.com/event/friends-library-2690,A,Arts & learning,,0,CONFIRMED,20,cc983d0485f86b61c71b6fbf8f015da3d28909d0e6ed775bff55d7ac9770d0c5
Warsaw MobilePack 2026 ~ Hunger to Hope,2026-10-05T18:00:00,2026-10-08T18:00:00,Warsaw Community High School,"Warsaw Area Career Center - Wacc, 1 Tiger Ln, Warsaw, IN 46580, United States",Warsaw,IN,,,Warsaw events index,https://allevents.in/warsaw-in/all,https://allevents.in/warsaw/warsaw-mobilepack-2026-~-hunger-to-hope/200029840554247,C,Community,https://cdn-ip.allevents.in/s/rs:fill:500:250/g:sm/sh:100/aHR0cHM6Ly9jZG4tYXouYWxsZXZlbnRzLmluL2V2ZW50czUvYmFubmVycy8xMDdiMGQ1YjE0NmE5NDIzMTU0YjkxODY5MzdjMDI4NjRkYzE5NDNhZDZjYjA2NWJjYThlYjA3MjFjOGY2NWVkLXJpbWctdzEyMDAtaDY3NS1kY2ZmZmZmZi1nbWlyP3Y9MTc4NTI5MjUyOA.avif,0,CONFIRMED,15,0b648263fbc3843455805722b7e1d8eacef94f613b2f78649983a325b209986c
The Toddler Lounge,2026-10-06T10:00:00,2026-10-06T12:00:00,Meeting Room A/B at Warsaw Community Public Library,310 East Main Street,Warsaw,IN,"As you walk into Room A/B, you'll notice that there is an area with toddler toys that your children can play with at their leisure, a coloring station for all ages, and a book nook for a little ""book time"".",,Warsaw Community Public Library,https://warsaw.librarycalendar.com/events/list,https://warsaw.librarycalendar.com/event/toddler-lounge-3138,A,Family,,0,CONFIRMED,20,b9715fc2fdabd709d66f700036f96be61961bf5c8cbf7ba127b23f5ef491ba61
Warsaw Aquatic Club Gives Back Night,2026-10-06T11:00:00,2026-10-06T22:00:00,"3805 Lake City Highway, Warsaw, IN","3805 Lake City Hwy, Warsaw, IN 46580-3945, United States",Warsaw,IN,,,Warsaw events index,https://allevents.in/warsaw-in/all,https://allevents.in/warsaw/warsaw-aquatic-club-gives-back-night/200030448676943,C,Community,https://cdn-ip.allevents.in/s/rs:fill:500:250/g:sm/sh:100/aHR0cHM6Ly9jZG4tYXouYWxsZXZlbnRzLmluL2V2ZW50czMvYmFubmVycy8zNWU4OWI2YmE2ZGZjOTY0ZTY4M2Q5Nzg3MmE4NDQwN2I1MmE1ZTUzNmIzNTMxNmFhODYzZTg3N2QzNDFkZmY4LXJpbWctdzEwODAtaDEzNTAtZGNmOGY4ZjgtZ21pcj92PTE3ODU1NDc5MTY.avif,0,CONFIRMED,15,4ef18dd6f65c0b474c9df0126bdae6bc3d934fd27dfde39b618fedc3b0254709
Story Emporium Used Bookstore,2026-10-06T16:00:00,2026-10-06T19:00:00,Stafford Book Sale Room at Warsaw Community Public Library,310 East Main Street,Warsaw,IN,"The Friends of the Library used bookstore sells books, movies, sound recordings, and video games. All proceeds support WCPL.",,Warsaw Community Public Library,https://warsaw.librarycalendar.com/events/list,https://warsaw.librarycalendar.com/event/story-emporium-used-bookstore-2569,A,Music & shows,https://warsaw.librarycalendar.com/sites/default/files/styles/large/public/2025-12/jan%20-%20story%20emporium_2.jpg?itok=cifNdeLU,0,CONFIRMED,20,70a7b6612e596f659883a53529dc45bfb8b91c653cb76f8ec53052e69b4f981e
Scrapbook Paper Pumpkin,2026-10-06T18:00:00,2026-10-06T19:00:00,Meeting Room C at Warsaw Community Public Library,310 East Main Street,Warsaw,IN,Join us as we will use strips of scrapbook paper to create a colorful pumpkin for your Fall decorations. All materials are provided but registration is required.,,Warsaw Community Public Library,https://warsaw.librarycalendar.com/events/list,https://warsaw.librarycalendar.com/event/scrapbook-paper-pumpkin-3361,A,Arts & learning,,0,CONFIRMED,20,6dda851cb2884917e9426fc065f7ef21f7b7bcb131f2e5a12903b6adf970862b
Preschool Story Time w/Activity Stations,2026-10-08T10:15:00,2026-10-08T12:00:00,Meeting Room C at Warsaw Community Public Library,310 East Main Street,Warsaw,IN,"Join us in Room C for our Preschool Story Time. Each week we will focus on a topic through books, songs, games and more. Preschool aged children (3-5 years old) can experience social time through free play, story time, and group activities.",,Warsaw Community Public Library,https://warsaw.librarycalendar.com/events/list,https://warsaw.librarycalendar.com/event/preschool-story-time-wactivity-stations-3004,A,Family,,0,CONFIRMED,20,249f740d7f1734130bfcbdcd352a82265b467589fcfcbf420c2bd1ebf812cb95
Preschool Story Time w/Activity Stations,2026-10-09T10:15:00,2026-10-09T12:00:00,Meeting Room C at Warsaw Community Public Library,310 East Main Street,Warsaw,IN,"Join us in Room C for our Preschool Story Time. Each week we will focus on a topic through books, songs, games and more. Preschool aged children (3-5 years old) can experience social time through free play, story time, and group activities.",,Warsaw Community Public Library,https://warsaw.librarycalendar.com/events/list,https://warsaw.librarycalendar.com/event/preschool-story-time-wactivity-stations-3005,A,Family,,0,CONFIRMED,20,b27674c9d8ff67f67b769d37e4ae0afab8036cd16926bf3b9f186625c9b2f44d
Heartline Donut Dash 5k Walk/Run,2026-10-10T10:00:00,,K21 Health Services Pavilion,"1515 Provident Dr Ste 160,Warsaw,IN,United States",Warsaw,IN,,,Warsaw events index,https://allevents.in/warsaw-in/all,https://allevents.in/warsaw/heartline-donut-dash-5k-walk-run/200030380401312,C,Sports & outdoors,https://cdn-ip.allevents.in/s/rs:fill:500:250/g:sm/sh:100/aHR0cHM6Ly9jZG4tYXouYWxsZXZlbnRzLmluL2V2ZW50czkvYmFubmVycy9jYmYwN2NhNzMzMTdiYzlkY2EzMzcyY2I5YTZmZDc2ODNmOTZhZmZkMTI0NDk5MjYxNjgxOGU1ODRhOTE0YTA2LXJpbWctdzEyMDAtaDU5NC1kY2U4ZThmOC1nbWlyP3Y9MTc4NTc4MzI0Mw.avif,0,CONFIRMED,15,b7f8db4592286e99fff5499ae29a50f03405ef03c893af343f45e203138b8fe8
Family Bingo,2026-10-10T10:30:00,2026-10-10T12:00:00,Meeting Room A/B at Warsaw Community Public Library,310 East Main Street,Warsaw,IN,Come and have a wonderful family time playing Bingo and meeting new people. Prizes are available for all ages.,,Warsaw Community Public Library,https://warsaw.librarycalendar.com/events/list,https://warsaw.librarycalendar.com/event/family-bingo-3453,A,Family,,0,CONFIRMED,20,4c3d7cfece81c62d36037e0273829de37e12089022a86dfbf82cbf8c804c0585
Story Emporium Used Bookstore,2026-10-10T10:30:00,2026-10-10T13:30:00,Stafford Book Sale Room at Warsaw Community Public Library,310 East Main Street,Warsaw,IN,"The Friends of the Library used bookstore sells books, movies, sound recordings, and video games. All proceeds support WCPL.",,Warsaw Community Public Library,https://warsaw.librarycalendar.com/events/list,https://warsaw.librarycalendar.com/event/story-emporium-used-bookstore-2622,A,Music & shows,https://warsaw.librarycalendar.com/sites/default/files/styles/large/public/2025-12/jan%20-%20story%20emporium_1.jpg?itok=8166Ip4-,0,CONFIRMED,20,7ccef94f1ac688fb90deac9f5ecec8394006412ceb03dbbd131b635b257af064
Plan B @ Rex's Rendezvous,2026-10-10T21:00:00,,Rex's Rendezvous,"204 S Buffalo St, Warsaw, IN 46580-4301, United States",Warsaw,IN,,,Warsaw events index,https://allevents.in/warsaw-in/all,https://allevents.in/warsaw/plan-b-rexs-rendezvous/200030399408032,C,Community,https://cdn-ip.allevents.in/s/rs:fill:500:250/g:sm/sh:100/aHR0cHM6Ly9jZG4tYXouYWxsZXZlbnRzLmluL2V2ZW50czYvYmFubmVycy9iNGEyN2Y5YzJlZmNhNTllMzNhNjhkZTVmODdlNDJkMjg1YmFmNDMzZjQwNzU5YTZjODViNjBmMmUzNzA4NjQyLXJpbWctdzEyMDAtaDkwMS1kYzFiMDE0Ni1nbWlyP3Y9MTc4NDU2NTYzMA.avif,0,CONFIRMED,15,ba1d359ee4a967579430c374bba4395263a7df7746b9358517816cda99df1e5b
Story Emporium Used Bookstore,2026-10-13T16:00:00,2026-10-13T19:00:00,Stafford Book Sale Room at Warsaw Community Public Library,310 East Main Street,Warsaw,IN,"The Friends of the Library used bookstore sells books, movies, sound recordings, and video games. All proceeds support WCPL.",,Warsaw Community Public Library,https://warsaw.librarycalendar.com/events/list,https://warsaw.librarycalendar.com/event/story-emporium-used-bookstore-2570,A,Music & shows,https://warsaw.librarycalendar.com/sites/default/files/styles/large/public/2025-12/jan%20-%20story%20emporium_2.jpg?itok=cifNdeLU,0,CONFIRMED,20,e0afaff6c46a0f23e7505ad85b3a84f703acb57d8be495cbae74927bc6ca0777
Kids Picture Bingo,2026-10-13T17:00:00,2026-10-13T18:00:00,Meeting Room A/B at Warsaw Community Public Library,310 East Main Street,Warsaw,IN,Join us for an hour of picture bingo fun!,,Warsaw Community Public Library,https://warsaw.librarycalendar.com/events/list,https://warsaw.librarycalendar.com/event/kids-picture-bingo-3018,A,Family,,0,CONFIRMED,20,6eabeacb744959229b01b5183d53de75ea221dc1e9356ba11c0aa3cdb7ae8baa
Creative Writing Club,2026-10-13T17:30:00,2026-10-13T18:30:00,Meeting Room C at Warsaw Community Public Library,310 East Main Street,Warsaw,IN,Come and join this group as we share our love for writing and experimenting with writing. Any genre ad style is welcome. October Theme: Science Fiction,,Warsaw Community Public Library,https://warsaw.librarycalendar.com/events/list,https://warsaw.librarycalendar.com/event/creative-writing-club-3371,A,Community,,0,CONFIRMED,20,48c867e8ae15af0c4a5668c811a645fc88f41d34c654fe045d530ebadfffcb31
Chair Yoga,2026-10-14T11:15:00,2026-10-14T12:00:00,Meeting Room A/B at Warsaw Community Public Library,310 East Main Street,Warsaw,IN,Join our group to meet new people and get some light exercise. All adults are welcome.,,Warsaw Community Public Library,https://warsaw.librarycalendar.com/events/list,https://warsaw.librarycalendar.com/event/chair-yoga-3490,A,Community,,0,CONFIRMED,20,85fc9f782942065024fc2568b791e02694545661988e6c3e79d9f57414e56df3
Fall Clean Up/Winter Preparation,2026-10-14T15:00:00,2026-10-14T16:00:00,Meeting Room A/B at Warsaw Community Public Library,310 East Main Street,Warsaw,IN,Get your garden ready for winter with this practical fall clean-up and garden prep program!,,Warsaw Community Public Library,https://warsaw.librarycalendar.com/events/list,https://warsaw.librarycalendar.com/event/fall-clean-upwinter-preparation-3467,A,Community,,0,CONFIRMED,20,2c67f7759754fc50c3895876dc45ff724c23dbba8fddc9468506bfdadf54d7f7
Fall Family Story Time,2026-10-15T10:15:00,2026-10-15T10:45:00,Meeting Room A/B at Warsaw Community Public Library,310 East Main Street,Warsaw,IN,Join us for a special fall themed family story time!,,Warsaw Community Public Library,https://warsaw.librarycalendar.com/events/list,https://warsaw.librarycalendar.com/event/fall-family-story-time-3341,A,Family,,0,CONFIRMED,20,0ae88f877be1a0a4676f2fabb5fe33d1c03c6782b702223c44d76ff29c77e1d3
Family Activity Stations,2026-10-15T11:00:00,2026-10-15T14:00:00,Meeting Room C at Warsaw Community Public Library,310 East Main Street,Warsaw,IN,"Geared for lower elementary or younger, children can enjoy hands on activities, art, games, and educational toys throughout the room.",,Warsaw Community Public Library,https://warsaw.librarycalendar.com/events/list,https://warsaw.librarycalendar.com/event/family-activity-stations-3343,A,Family,,0,CONFIRMED,20,8f966e220e51997dc5b96cb740d098b5ae86974009a18854423abc5db435ff3d
Library LEGO,2026-10-16T10:00:00,2026-10-16T17:00:00,Meeting Room A/B at Warsaw Community Public Library,310 East Main Street,Warsaw,IN,Join us for an All Day Library LEGO! We supply all the LEGO pieces. You supply the creativity.,,Warsaw Community Public Library,https://warsaw.librarycalendar.com/events/list,https://warsaw.librarycalendar.com/event/library-lego-3342,A,Family,,0,CONFIRMED,20,d5836dcfd9e0f91f4418e38457c408bb84b43fcdfd0dc592360c680106137486
Story Emporium Used Bookstore,2026-10-17T10:30:00,2026-10-17T13:30:00,Stafford Book Sale Room at Warsaw Community Public Library,310 East Main Street,Warsaw,IN,"The Friends of the Library used bookstore sells books, movies, sound recordings, and video games. All proceeds support WCPL.",,Warsaw Community Public Library,https://warsaw.librarycalendar.com/events/list,https://warsaw.librarycalendar.com/event/story-emporium-used-bookstore-2623,A,Music & shows,https://warsaw.librarycalendar.com/sites/default/files/styles/large/public/2025-12/jan%20-%20story%20emporium_1.jpg?itok=8166Ip4-,0,CONFIRMED,20,a4309123cebe1533ec6d32418afa741b44c624b1515537d113691db580ef8536
Toddler Story Time w/Play Time,2026-10-19T10:15:00,2026-10-19T11:30:00,Meeting Room C at Warsaw Community Public Library,310 East Main Street,Warsaw,IN,"Join us on Monday mornings as we share books, songs, and games designed for newborns to toddlers. There will be playtime for the little ones, allowing them to make new friends and become comfortable in a group setting.",,Warsaw Community Public Library,https://warsaw.librarycalendar.com/events/list,https://warsaw.librarycalendar.com/event/toddler-story-time-wplay-time-2993,A,Family,,0,CONFIRMED,20,95adbc877c568c87bc305d14bfdd7d3bf63345e9c86ad2f8a953a0eca8328f68
Genre Book Club,2026-10-19T18:00:00,2026-10-19T19:00:00,Meeting Room A/B at Warsaw Community Public Library,310 East Main Street,Warsaw,IN,"Join this group that loves reading and celebrating different genres. Anyone is free to attend, even if it is your first time! October Theme: Psychological Thriller",,Warsaw Community Public Library,https://warsaw.librarycalendar.com/events/list,https://warsaw.librarycalendar.com/event/genre-book-club-3367,A,Arts & learning,,0,CONFIRMED,20,3f082c8a6d29cd74bdddb0e34f4a3dd293f6a08089e6b9876334a78f14b428d2
Story Emporium Used Bookstore,2026-10-20T16:00:00,2026-10-20T19:00:00,Stafford Book Sale Room at Warsaw Community Public Library,310 East Main Street,Warsaw,IN,"The Friends of the Library used bookstore sells books, movies, sound recordings, and video games. All proceeds support WCPL.",,Warsaw Community Public Library,https://warsaw.librarycalendar.com/events/list,https://warsaw.librarycalendar.com/event/story-emporium-used-bookstore-2571,A,Music & shows,https://warsaw.librarycalendar.com/sites/default/files/styles/large/public/2025-12/jan%20-%20story%20emporium_2.jpg?itok=cifNdeLU,0,CONFIRMED,20,b95ac95149f124ec6062e2af7ac9e48aee818ae44262809dce5d4c6e242abc5c
Preschool Story Time w/Activity Stations,2026-10-22T10:15:00,2026-10-22T12:00:00,Meeting Room C at Warsaw Community Public Library,310 East Main Street,Warsaw,IN,"Join us in Room C for our Preschool Story Time. Each week we will focus on a topic through books, songs, games and more. Preschool aged children (3-5 years old) can experience social time through free play, story time, and group activities.",,Warsaw Community Public Library,https://warsaw.librarycalendar.com/events/list,https://warsaw.librarycalendar.com/event/preschool-story-time-wactivity-stations-3008,A,Family,,0,CONFIRMED,20,d799694851216610d168db304f041a4b3e2cd33d2fb6e56fa09856a84ca73c68
"Sleepy Hollow, the Musical",2026-10-23T00:00:00,2026-10-25T23:59:59,Wagon Wheel Center for the Arts,2515 E. Center Street,Warsaw,IN,"Wagon Wheel Junior and Reinholt & Thallemer Eye Care Associates present: Sleepy Hollow: The Musical A spooky legend comes to life! Follow the superstitious schoolmaster Ichabod Crane as he arrives in Sleepy Hollow searching for love, only to find himself tangled in rivalries, ghost stories, and the terrifying legend of the Headless Horseman. Packed with humor, memorable songs, and Halloween thrills, Sleepy Hollow: The Musical is a delightfully spooky adventure the whole family will enjoy.",General Admission – All tickets $16,Wagon Wheel Center,https://wagonwheelcenter.org/upcoming-events/,https://wagonwheelcenter.org/event/sleepy-hollow-the-musical/,A,Music & shows,,0,CONFIRMED,20,5031d106dfca4c69a545b44064fb219fb32ac7503d28cecd2dbde155a16a7b92
Preschool Story Time w/Activity Stations,2026-10-23T10:15:00,2026-10-23T12:00:00,Meeting Room C at Warsaw Community Public Library,310 East Main Street,Warsaw,IN,"Join us in Room C for our Preschool Story Time. Each week we will focus on a topic through books, songs, games and more. Preschool aged children (3-5 years old) can experience social time through free play, story time, and group activities.",,Warsaw Community Public Library,https://warsaw.librarycalendar.com/events/list,https://warsaw.librarycalendar.com/event/preschool-story-time-wactivity-stations-3009,A,Family,,0,CONFIRMED,20,9031c0f7da561ca3311c34846d132b32fbfb1423a92d0ece0628753371aff001
DIY & Craft Club Meetup,2026-10-23T14:00:00,2026-10-23T17:00:00,Meeting Room A/B at Warsaw Community Public Library,310 East Main Street,Warsaw,IN,"Join us for a fun time building miniature rooms, dioramas, and 3D puzzles from Robotime kits and meet others in the community who share the same love of this hobby. Materials are included but registration is required.",,Warsaw Community Public Library,https://warsaw.librarycalendar.com/events/list,https://warsaw.librarycalendar.com/event/diy-craft-club-meetup-3398,A,Arts & learning,,0,CONFIRMED,20,679e3a2291ac13cffc1c5b9b76bca729fbe77c6965f6f7d56dde873dc8fdca4e
Greyt Readers,2026-10-24T10:30:00,2026-10-24T12:00:00,Warsaw Community Public Library,310 East Main Street,Warsaw,IN,Come and meet the greyhounds at this come and go event. They love to be social and enjoy the attention. You can even read them a story!,,Warsaw Community Public Library,https://warsaw.librarycalendar.com/events/list,https://warsaw.librarycalendar.com/event/greyt-readers-3463,A,Community,,0,CONFIRMED,20,91d4b4c5fcf25b81e585c5cc38202216df66dbe75d666f1c211a0faf4bcb21ac
Story Emporium Used Bookstore,2026-10-24T10:30:00,2026-10-24T13:30:00,Stafford Book Sale Room at Warsaw Community Public Library,310 East Main Street,Warsaw,IN,"The Friends of the Library used bookstore sells books, movies, sound recordings, and video games. All proceeds support WCPL.",,Warsaw Community Public Library,https://warsaw.librarycalendar.com/events/list,https://warsaw.librarycalendar.com/event/story-emporium-used-bookstore-2624,A,Music & shows,https://warsaw.librarycalendar.com/sites/default/files/styles/large/public/2025-12/jan%20-%20story%20emporium_1.jpg?itok=8166Ip4-,0,CONFIRMED,20,2ef154eb821511a1c01f4502297d90d0ee74b16a767f7a8285b8026ede0da671
2026 Last Saturday Race Day w/Chili Cookoff & Pumpkin Patch OPEN!,2026-10-24T13:00:00,,Hire Park BMX,"750 E Arthur St, Warsaw, IN 46580-3082, United States",Warsaw,IN,,,Warsaw events index,https://allevents.in/warsaw-in/all,https://allevents.in/warsaw/2026-last-saturday-race-day-w-chili-cookoff-and-pumpkin-patch-open/200030380401512,C,Sports & outdoors,https://cdn-ip.allevents.in/s/rs:fill:500:250/g:sm/sh:100/aHR0cHM6Ly9jZG4tYXouYWxsZXZlbnRzLmluL2V2ZW50czIvYmFubmVycy81ZDEzNjgyM2U5MWYxZTdiOTZmMTNhYTA3ZWUxNDFmY2NhNzcwOWExMzQ1YTgyN2MwMjhmMTRkNDM1M2NiNWE1LXJpbWctdzEyMDAtaDkwMC1kYzk4OTg1OC1nbWlyP3Y9MTc4NTc4MzI0NA.avif,0,CONFIRMED,15,e5b6842c0ff7607915b2c8f6601c3584d97270f58280b9388c28c536463636ef
Toddler Story Time w/Play Time,2026-10-26T10:15:00,2026-10-26T11:30:00,Meeting Room C at Warsaw Community Public Library,310 East Main Street,Warsaw,IN,"Join us on Monday mornings as we share books, songs, and games designed for newborns to toddlers. There will be playtime for the little ones, allowing them to make new friends and become comfortable in a group setting.",,Warsaw Community Public Library,https://warsaw.librarycalendar.com/events/list,https://warsaw.librarycalendar.com/event/toddler-story-time-wplay-time-2994,A,Family,,0,CONFIRMED,20,ec14299f2085e93908fcba3d7a02ec5d1386be09ed0b3f27987bab93481fd3e3
Beginning Crocheting for Adults,2026-10-26T18:00:00,2026-10-26T19:00:00,Meeting Room C at Warsaw Community Public Library,310 East Main Street,Warsaw,IN,"If you are interested in learning the craft of crocheting, or want to hone the craft, join us for this introduction. Please register.",,Warsaw Community Public Library,https://warsaw.librarycalendar.com/events/list,https://warsaw.librarycalendar.com/event/beginning-crocheting-adults-3564,A,Arts & learning,,0,CONFIRMED,20,7b83855884aa795199f3a1cbfa174dec2f463d80409f8714b3ebee86a8ce2e62
The Toddler Lounge,2026-10-27T10:00:00,2026-10-27T12:00:00,Meeting Room A/B at Warsaw Community Public Library,310 East Main Street,Warsaw,IN,"As you walk into Room A/B, you'll notice that there is an area with toddler toys that your children can play with at their leisure, a coloring station for all ages, and a book nook for a little ""book time"".",,Warsaw Community Public Library,https://warsaw.librarycalendar.com/events/list,https://warsaw.librarycalendar.com/event/toddler-lounge-3344,A,Family,,0,CONFIRMED,20,93408a0b05a6c7194b836348fa3f9e811890b897a75f84abf0cde70670887a09
Story Emporium Used Bookstore,2026-10-27T16:00:00,2026-10-27T19:00:00,Stafford Book Sale Room at Warsaw Community Public Library,310 East Main Street,Warsaw,IN,"The Friends of the Library used bookstore sells books, movies, sound recordings, and video games. All proceeds support WCPL.",,Warsaw Community Public Library,https://warsaw.librarycalendar.com/events/list,https://warsaw.librarycalendar.com/event/story-emporium-used-bookstore-2572,A,Music & shows,https://warsaw.librarycalendar.com/sites/default/files/styles/large/public/2025-12/jan%20-%20story%20emporium_2.jpg?itok=cifNdeLU,0,CONFIRMED,20,2a0807ca56058f3bd888077b270f411a183dcd97c0cfdc793d582c270a1f9f53
"""You're Starting A Business? Really?""",2026-10-27T18:00:00,2026-10-27T19:30:00,Meeting Room A/B at Warsaw Community Public Library,310 East Main Street,Warsaw,IN,"This workshop looks at what highly successful entrepreneurs actually do when they face uncertainty, limited resources, and unexpected problems. You’ll learn practical ways to test your idea, keep risks affordable, and decide on your next step.",,Warsaw Community Public Library,https://warsaw.librarycalendar.com/events/list,https://warsaw.librarycalendar.com/event/starting-small-business-3541,A,Arts & learning,,0,CONFIRMED,20,27dbc129498db7e4be935c71a7fd89528ac9de8d83aa401dfaee0a7700dbeae7
Chair Yoga,2026-10-28T11:15:00,2026-10-28T12:00:00,Meeting Room A/B at Warsaw Community Public Library,310 East Main Street,Warsaw,IN,"If it is your first time, or you are a pro, this is perfect you! Join us for light exercise and new friendships.",,Warsaw Community Public Library,https://warsaw.librarycalendar.com/events/list,https://warsaw.librarycalendar.com/event/chair-yoga-3491,A,Community,,0,CONFIRMED,20,f0dd850017ceae0885456048cb69ffc09b06cb5602aa68fc15050fd36f25ad75
Preschool Story Time w/Activity Stations,2026-10-29T10:15:00,2026-10-29T12:00:00,Meeting Room C at Warsaw Community Public Library,310 East Main Street,Warsaw,IN,"Join us in Room C for our Preschool Story Time. Each week we will focus on a topic through books, songs, games and more. Preschool aged children (3-5 years old) can experience social time through free play, story time, and group activities.",,Warsaw Community Public Library,https://warsaw.librarycalendar.com/events/list,https://warsaw.librarycalendar.com/event/preschool-story-time-wactivity-stations-3010,A,Family,,0,CONFIRMED,20,4b39532db3d0229b1fb5c8f5a8bfcea13de3a3b8a3d5e77de76766c84ceb62b1
Quilt Showcase & Talk,2026-10-29T15:00:00,2026-10-29T16:00:00,Meeting Room A/B at Warsaw Community Public Library,310 East Main Street,Warsaw,IN,Join us as Shelly Gilliland shares many of her beautiful quilts and tells the stories behind them.,,Warsaw Community Public Library,https://warsaw.librarycalendar.com/events/list,https://warsaw.librarycalendar.com/event/quilt-showcase-talk-3626,A,Community,,0,CONFIRMED,20,e7891e8b0bfe2fe8497a9a10b63aabb1e7423b3eeb5b7efc2d3e747ccbffac1a
Preschool Story Time w/Activity Stations,2026-10-30T10:15:00,2026-10-30T12:00:00,Meeting Room C at Warsaw Community Public Library,310 East Main Street,Warsaw,IN,"Join us in Room C for our Preschool Story Time. Each week we will focus on a topic through books, songs, games and more. Preschool aged children (3-5 years old) can experience social time through free play, story time, and group activities.",,Warsaw Community Public Library,https://warsaw.librarycalendar.com/events/list,https://warsaw.librarycalendar.com/event/preschool-story-time-wactivity-stations-3011,A,Family,,0,CONFIRMED,20,295a518eb64e3751ab34a8c3da300a83f3bdab1a7849b61515da60da26ad4a4a
Japanese Tea,2026-10-30T15:00:00,2026-10-30T16:00:00,Meeting Room C at Warsaw Community Public Library,310 East Main Street,Warsaw,IN,"Join us as we explore Japanese food, culture and landmarks. You may even get to try your hand at some origami. Places are limited so please register with the library.",,Warsaw Community Public Library,https://warsaw.librarycalendar.com/events/list,https://warsaw.librarycalendar.com/event/japanese-tea-3359,A,Food & markets,,0,CONFIRMED,20,8fa80cb985fc5074731659c08948388659d207abc6d42c93259f7d1a580e3705
Story Emporium Used Bookstore,2026-10-31T10:30:00,2026-10-31T13:30:00,Stafford Book Sale Room at Warsaw Community Public Library,310 East Main Street,Warsaw,IN,"The Friends of the Library used bookstore sells books, movies, sound recordings, and video games. All proceeds support WCPL.",,Warsaw Community Public Library,https://warsaw.librarycalendar.com/events/list,https://warsaw.librarycalendar.com/event/story-emporium-used-bookstore-2625,A,Music & shows,https://warsaw.librarycalendar.com/sites/default/files/styles/large/public/2025-12/jan%20-%20story%20emporium_1.jpg?itok=8166Ip4-,0,CONFIRMED,20,c106078f86c7a233d69bd4cde1adedd2ff22fd9e0f4c3da576a8ba62adbe4315
Toddler Story Time w/Play Time,2026-11-02T10:15:00,2026-11-02T11:30:00,Meeting Room C at Warsaw Community Public Library,310 East Main Street,Warsaw,IN,"Join us on Monday mornings as we share books, songs, and games designed for newborns to toddlers. There will be playtime for the little ones, allowing them to make new friends and become comfortable in a group setting.",,Warsaw Community Public Library,https://warsaw.librarycalendar.com/events/list,https://warsaw.librarycalendar.com/event/toddler-story-time-wplay-time-2995,A,Family,,0,CONFIRMED,20,d2aa3f3ce430d22d9309c453c015d33c31450d356d494b98d7236853f70f6729
Friends of the Library,2026-11-02T13:00:00,2026-11-02T14:00:00,Meeting Room A/B at Warsaw Community Public Library,310 East Main Street,Warsaw,IN,The Friends of the Library is an organization supporting the Warsaw Community Public Library. Individuals are encouraged to attend and learn more about FOL projects and community involvement.,,Warsaw Community Public Library,https://warsaw.librarycalendar.com/events/list,https://warsaw.librarycalendar.com/event/friends-library-2691,A,Arts & learning,,0,CONFIRMED,20,080d4a5cfc83ae4941ebba9ed031d091b0fde42ccf718f31815d681f4cd988dc
Popsicle Uncle Sam,2026-11-02T18:00:00,2026-11-02T19:00:00,Meeting Room C at Warsaw Community Public Library,310 East Main Street,Warsaw,IN,Come and make a gnome-like Uncle Same out of popsicle sticks that will celebrate any patriotic holiday. Materials are provided but must register with the library.,,Warsaw Community Public Library,https://warsaw.librarycalendar.com/events/list,https://warsaw.librarycalendar.com/event/popsicle-uncle-sam-3598,A,Arts & learning,,0,CONFIRMED,20,3dd3497fb3d70c39e30f0792ecd01d319943b4762925912cb753ee5cb1eb6d90
The Toddler Lounge,2026-11-03T10:00:00,2026-11-03T12:00:00,Meeting Room A/B at Warsaw Community Public Library,310 East Main Street,Warsaw,IN,"As you walk into Room A/B, you'll notice that there is an area with toddler toys that your children can play with at their leisure, a coloring station for all ages, and a book nook for a little ""book time"".",,Warsaw Community Public Library,https://warsaw.librarycalendar.com/events/list,https://warsaw.librarycalendar.com/event/toddler-lounge-3139,A,Family,,0,CONFIRMED,20,872db559cab3a93689a8cb2d973ac092d327c5c82ee65d26eedec593327ced5e
Story Emporium Used Bookstore,2026-11-03T16:00:00,2026-11-03T19:00:00,Stafford Book Sale Room at Warsaw Community Public Library,310 East Main Street,Warsaw,IN,"The Friends of the Library used bookstore sells books, movies, sound recordings, and video games. All proceeds support WCPL.",,Warsaw Community Public Library,https://warsaw.librarycalendar.com/events/list,https://warsaw.librarycalendar.com/event/story-emporium-used-bookstore-2573,A,Music & shows,https://warsaw.librarycalendar.com/sites/default/files/styles/large/public/2025-12/jan%20-%20story%20emporium_2.jpg?itok=cifNdeLU,0,CONFIRMED,20,adbf14a285644e80c66caf71537c3f4af610a2bdce5149a6d8740ee68c731969
Chair Yoga,2026-11-04T11:15:00,2026-11-04T12:00:00,Meeting Room A/B at Warsaw Community Public Library,310 East Main Street,Warsaw,IN,All adults are welcome to this program of light exercise and stretching.,,Warsaw Community Public Library,https://warsaw.librarycalendar.com/events/list,https://warsaw.librarycalendar.com/event/chair-yoga-3492,A,Community,,0,CONFIRMED,20,e5820b6f70f0fa68b118792bb75fe61541d2fc25a48996e3907d816c97c37893
Preschool Story Time w/Activity Stations,2026-11-05T10:15:00,2026-11-05T12:00:00,Meeting Room C at Warsaw Community Public Library,310 East Main Street,Warsaw,IN,"Join us in Room C for our Preschool Story Time. Each week we will focus on a topic through books, songs, games and more. Preschool aged children (3-5 years old) can experience social time through free play, story time, and group activities.",,Warsaw Community Public Library,https://warsaw.librarycalendar.com/events/list,https://warsaw.librarycalendar.com/event/preschool-story-time-wactivity-stations-3012,A,Family,,0,CONFIRMED,20,f0a4e34565cc31f551b44db086a00dac69a351e2d8b32381c4adbffc02c2d240
Preschool Story Time w/Activity Stations,2026-11-06T10:15:00,2026-11-06T12:00:00,Meeting Room C at Warsaw Community Public Library,310 East Main Street,Warsaw,IN,"Join us in Room C for our Preschool Story Time. Each week we will focus on a topic through books, songs, games and more. Preschool aged children (3-5 years old) can experience social time through free play, story time, and group activities.",,Warsaw Community Public Library,https://warsaw.librarycalendar.com/events/list,https://warsaw.librarycalendar.com/event/preschool-story-time-wactivity-stations-3013,A,Family,,0,CONFIRMED,20,4d48e0f20c8473aa357ece633db17f00cfc832d838ffab35044c23429ab73d56
Woodcarving Showcase,2026-11-06T15:00:00,2026-11-06T18:00:00,Meeting Room A/B at Warsaw Community Public Library,310 East Main Street,Warsaw,IN,This come and go event will showcase some beautiful wood carving by one of the area clubs in town. There will be opportunities to learn the basics of woodcarving for people who are interested.,,Warsaw Community Public Library,https://warsaw.librarycalendar.com/events/list,https://warsaw.librarycalendar.com/event/woodcarving-showcase-3569,A,Arts & learning,,0,CONFIRMED,20,ed44bc2cb49de43d93daab215f1ad675e131378f396a6ae3c1d7569b9421083c
Woodcarving Showcase,2026-11-07T10:00:00,2026-11-07T13:30:00,Meeting Room A/B at Warsaw Community Public Library,310 East Main Street,Warsaw,IN,This come and go event will showcase some beautiful wood carving by one of the area clubs in town. There will be opportunities to learn the basics of woodcarving for people who are interested.,,Warsaw Community Public Library,https://warsaw.librarycalendar.com/events/list,https://warsaw.librarycalendar.com/event/woodcarving-showcase-3570,A,Arts & learning,,0,CONFIRMED,20,86a5f1a1129f878f9c7c8485f48849d26e3ca20c96049c91499bc5f53ef0635c
Library LEGO,2026-11-07T10:30:00,2026-11-07T12:00:00,Meeting Room C at Warsaw Community Public Library,310 East Main Street,Warsaw,IN,Do you like to build with LEGOs? We supply the LEGOs. You supply the creativity. Build together as a family or go solo. Stay for a few minutes or the entire time. What can you build in a room full of LEGOs?,,Warsaw Community Public Library,https://warsaw.librarycalendar.com/events/list,https://warsaw.librarycalendar.com/event/library-lego-1676,A,Family,,0,CONFIRMED,20,821bee90b851408b80fec293befb9255651b5c1623ec4ae6811d6349863df535
Story Emporium Used Bookstore,2026-11-07T10:30:00,2026-11-07T13:30:00,Stafford Book Sale Room at Warsaw Community Public Library,310 East Main Street,Warsaw,IN,"The Friends of the Library used bookstore sells books, movies, sound recordings, and video games. All proceeds support WCPL.",,Warsaw Community Public Library,https://warsaw.librarycalendar.com/events/list,https://warsaw.librarycalendar.com/event/story-emporium-used-bookstore-2626,A,Music & shows,https://warsaw.librarycalendar.com/sites/default/files/styles/large/public/2025-12/jan%20-%20story%20emporium_1.jpg?itok=8166Ip4-,0,CONFIRMED,20,83d4541c1af5398fb35072e748acec51b453bf3fcec568e153c592d843451f9f
"BU @ Rex’s Nov. 7, 9-1",2026-11-07T21:00:00,2026-11-08T01:00:00,Rex's Rendezvous,"204 S Buffalo St, Warsaw, IN 46580-4301, United States",Warsaw,IN,,,Warsaw events index,https://allevents.in/warsaw-in/all,https://allevents.in/warsaw/bu-rexs-nov-7-9-1/200029807507937,C,Community,https://cdn-ip.allevents.in/s/rs:fill:500:250/g:sm/sh:100/aHR0cHM6Ly9jZG4tYXouYWxsZXZlbnRzLmluL2V2ZW50czEwL2Jhbm5lcnMvZjNmMGYxZTM0YzZiODZlNTgzYzY3MGMxNGExMGMyOTM5OTU4Y2M5NjU4ZDVhM2Y4MTZlNWY0MzNiMjM1YWE3Mi1yaW1nLXcxMjAwLWg3MDctZGMwMjAxMTgtZ21pcj92PTE3ODUxNzAwOTk.avif,0,CONFIRMED,15,a1e616877b61d49bdde942b91029c2fbc6b9cd6600fe6f88710f90fd57dbabe9
Toddler Story Time w/Play Time,2026-11-09T10:15:00,2026-11-09T11:30:00,Meeting Room C at Warsaw Community Public Library,310 East Main Street,Warsaw,IN,"Join us on Monday mornings as we share books, songs, and games designed for newborns to toddlers. There will be playtime for the little ones, allowing them to make new friends and become comfortable in a group setting.",,Warsaw Community Public Library,https://warsaw.librarycalendar.com/events/list,https://warsaw.librarycalendar.com/event/toddler-story-time-wplay-time-2996,A,Family,,0,CONFIRMED,20,617a9d59f028fb931f9996e01fb6406610b8b74bfe6891bd4c23a27e6b2bbc2c
Genre Book Club,2026-11-09T18:00:00,2026-11-09T19:00:00,Meeting Room A/B at Warsaw Community Public Library,310 East Main Street,Warsaw,IN,We are thankful for our book club and would love for you to join us! We are excited about many different genres and want to share what we love about them. November Theme: Cookbook & Make Something to Bring,,Warsaw Community Public Library,https://warsaw.librarycalendar.com/events/list,https://warsaw.librarycalendar.com/event/genre-book-club-3368,A,Arts & learning,,0,CONFIRMED,20,305694083196edb043a3d07d507119f26682757cc77f590fc5ef9fba0d68a3bd
Story Emporium Used Bookstore,2026-11-10T16:00:00,2026-11-10T19:00:00,Stafford Book Sale Room at Warsaw Community Public Library,310 East Main Street,Warsaw,IN,"The Friends of the Library used bookstore sells books, movies, sound recordings, and video games. All proceeds support WCPL.",,Warsaw Community Public Library,https://warsaw.librarycalendar.com/events/list,https://warsaw.librarycalendar.com/event/story-emporium-used-bookstore-2574,A,Music & shows,https://warsaw.librarycalendar.com/sites/default/files/styles/large/public/2025-12/jan%20-%20story%20emporium_2.jpg?itok=cifNdeLU,0,CONFIRMED,20,1ed867ba71f3d1c190ed5112f11b7c0175ec721aebba71b1f023801655a65803
Creative Writing Club,2026-11-10T17:30:00,2026-11-10T18:30:00,Meeting Room A/B at Warsaw Community Public Library,310 East Main Street,Warsaw,IN,"If you are interested in learning about writing, or want to share some of your own writing with us, come and join us in the adventure. We enjoy all kinds of writing and encouraging each other in the craft.",,Warsaw Community Public Library,https://warsaw.librarycalendar.com/events/list,https://warsaw.librarycalendar.com/event/creative-writing-club-3372,A,Arts & learning,,0,CONFIRMED,20,ffddc5f4083ee3aa9ed52afe6f250b4c13ed7af176ef654cfd8a85667ee12220
Preschool Story Time w/Activity Stations,2026-11-12T10:15:00,2026-11-12T12:00:00,Meeting Room C at Warsaw Community Public Library,310 East Main Street,Warsaw,IN,"Join us in Room C for our Preschool Story Time. Each week we will focus on a topic through books, songs, games and more. Preschool aged children (3-5 years old) can experience social time through free play, story time, and group activities.",,Warsaw Community Public Library,https://warsaw.librarycalendar.com/events/list,https://warsaw.librarycalendar.com/event/preschool-story-time-wactivity-stations-3014,A,Family,,0,CONFIRMED,20,f024b3a5c2ff0f2bb067c6455a5be23fb12dcc72bd5973970dab8024a5660431
Preschool Story Time w/Activity Stations,2026-11-13T10:15:00,2026-11-13T12:00:00,Meeting Room C at Warsaw Community Public Library,310 East Main Street,Warsaw,IN,"Join us in Room C for our Preschool Story Time. Each week we will focus on a topic through books, songs, games and more. Preschool aged children (3-5 years old) can experience social time through free play, story time, and group activities.",,Warsaw Community Public Library,https://warsaw.librarycalendar.com/events/list,https://warsaw.librarycalendar.com/event/preschool-story-time-wactivity-stations-3015,A,Family,,0,CONFIRMED,20,6dea118f61683d447e245cc31569c4e6fce6f5d0baa71cc52ee800d975f07fc3
Greyt Readers,2026-11-14T10:30:00,2026-11-14T12:00:00,Warsaw Community Public Library,310 East Main Street,Warsaw,IN,We are so thankful for our greyhounds who come and visit with us every month. Come and show them your appreciation and spend a little time getting to know them! They love people and they love stories!,,Warsaw Community Public Library,https://warsaw.librarycalendar.com/events/list,https://warsaw.librarycalendar.com/event/greyt-readers-3464,A,Community,,0,CONFIRMED,20,c082d5b9d3ec0550dbf437f1f903d6c54a6fb3d48c8003f5cd85fd5b2a795e6c
Kids Picture Bingo,2026-11-14T10:30:00,2026-11-14T11:30:00,Meeting Room A/B at Warsaw Community Public Library,310 East Main Street,Warsaw,IN,Join us for an hour of picture bingo fun!,,Warsaw Community Public Library,https://warsaw.librarycalendar.com/events/list,https://warsaw.librarycalendar.com/event/kids-picture-bingo-3020,A,Family,,0,CONFIRMED,20,06b68c759c1743184d17a357abf27c9e923ee04d5dc6d8d16413251d7efa757e
Story Emporium Used Bookstore,2026-11-14T10:30:00,2026-11-14T13:30:00,Stafford Book Sale Room at Warsaw Community Public Library,310 East Main Street,Warsaw,IN,"The Friends of the Library used bookstore sells books, movies, sound recordings, and video games. All proceeds support WCPL.",,Warsaw Community Public Library,https://warsaw.librarycalendar.com/events/list,https://warsaw.librarycalendar.com/event/story-emporium-used-bookstore-2627,A,Music & shows,https://warsaw.librarycalendar.com/sites/default/files/styles/large/public/2025-12/jan%20-%20story%20emporium_1.jpg?itok=8166Ip4-,0,CONFIRMED,20,d8fe6553585486acc79b6296eee16c746fd76c280fe25e6ffda603b3f3aeeb1f
Heavenly Harmonies,2026-11-14T19:00:00,2026-11-14T20:30:00,Wagon Wheel Center for the Arts,2515 E. Center Street,Warsaw,IN,"Symphony of the Lakes presents Heavenly Harmonies. Immerse yourself in an evening of beauty with Heavenly Harmonies, a Symphony of the Lakes concert that lifts the spirit and soothes the soul. Featuring Ravel’s Le Tombeau de Couperin and Handel’s Ode for St. Cecilia’s Day, this program reflects on the transformative power of music, capturing joy, serenity, peace, and hope through the transformative storytelling of live instruments. Maurice Ravel: Pavane pour une infante défunte (Pavane for a Dead Princess), 1910. Ravel described this as “an evocation of a pavane that a little princess might, in former times, have danced at the […]",General Admission – All tickets $25,Wagon Wheel Center,https://wagonwheelcenter.org/upcoming-events/,https://wagonwheelcenter.org/event/heavenly-harmonies-symphony-of-the-lakes/,A,Music & shows,,0,CONFIRMED,20,2639ee3e04c8916bc7dcd568150e52b7946d1e121da973afd5128da07b1fb5e5
Toddler Story Time w/Play Time,2026-11-16T10:15:00,2026-11-16T11:30:00,Meeting Room C at Warsaw Community Public Library,310 East Main Street,Warsaw,IN,"Join us on Monday mornings as we share books, songs, and games designed for newborns to toddlers. There will be playtime for the little ones, allowing them to make new friends and become comfortable in a group setting.",,Warsaw Community Public Library,https://warsaw.librarycalendar.com/events/list,https://warsaw.librarycalendar.com/event/toddler-story-time-wplay-time-2997,A,Family,,0,CONFIRMED,20,54fd42a356154025271c54315f1a9bf3d56c5ba4c6e477ace3b5ed1c09131d38
Story Emporium Used Bookstore,2026-11-17T16:00:00,2026-11-17T19:00:00,Stafford Book Sale Room at Warsaw Community Public Library,310 East Main Street,Warsaw,IN,"The Friends of the Library used bookstore sells books, movies, sound recordings, and video games. All proceeds support WCPL.",,Warsaw Community Public Library,https://warsaw.librarycalendar.com/events/list,https://warsaw.librarycalendar.com/event/story-emporium-used-bookstore-2575,A,Music & shows,https://warsaw.librarycalendar.com/sites/default/files/styles/large/public/2025-12/jan%20-%20story%20emporium_2.jpg?itok=cifNdeLU,0,CONFIRMED,20,e158dd41143b5e32320fbbbe7bb11f8535a8512892347b1acd788172b5eb240a
Chair Yoga,2026-11-18T11:15:00,2026-11-18T12:00:00,Meeting Room A/B at Warsaw Community Public Library,310 East Main Street,Warsaw,IN,Come and enjoy some time of light exercise and meeting new people.,,Warsaw Community Public Library,https://warsaw.librarycalendar.com/events/list,https://warsaw.librarycalendar.com/event/chair-yoga-3493,A,Community,,0,CONFIRMED,20,8804e280e4f32129a70123cab52bdbe23787af545efdbc140d135ef95b3cba03
Preschool Story Time w/Activity Stations,2026-11-19T10:15:00,2026-11-19T12:00:00,Meeting Room C at Warsaw Community Public Library,310 East Main Street,Warsaw,IN,"Join us in Room C for our Preschool Story Time. Each week we will focus on a topic through books, songs, games and more. Preschool aged children (3-5 years old) can experience social time through free play, story time, and group activities.",,Warsaw Community Public Library,https://warsaw.librarycalendar.com/events/list,https://warsaw.librarycalendar.com/event/preschool-story-time-wactivity-stations-3016,A,Family,,0,CONFIRMED,20,634f5e2f2b2f4dabde82b5470b54ce502524e81a13bfed411d00704467c71992
Pinecone Christmas Tree,2026-11-19T16:00:00,2026-11-19T17:30:00,Meeting Room C at Warsaw Community Public Library,310 East Main Street,Warsaw,IN,"We will be making a decorative Christmas tree out of pine cones. You can be as elaborate as you would like, or as simple as needed. Materials are provided but registration is required.",,Warsaw Community Public Library,https://warsaw.librarycalendar.com/events/list,https://warsaw.librarycalendar.com/event/pinecone-christmas-tree-3599,A,Community,,0,CONFIRMED,20,0ba5965c7b31102298d6223be1317fe537683c64ac0f7ece2ee4c592760dbdcd
Preschool Story Time w/Activity Stations,2026-11-20T10:15:00,2026-11-20T12:00:00,Meeting Room C at Warsaw Community Public Library,310 East Main Street,Warsaw,IN,"Join us in Room C for our Preschool Story Time. Each week we will focus on a topic through books, songs, games and more. Preschool aged children (3-5 years old) can experience social time through free play, story time, and group activities.",,Warsaw Community Public Library,https://warsaw.librarycalendar.com/events/list,https://warsaw.librarycalendar.com/event/preschool-story-time-wactivity-stations-3017,A,Family,,0,CONFIRMED,20,fd787814ab409d09d4ab195f52ffab036f25c97381398e0c2aad176cfa8089db
Story Emporium Used Bookstore,2026-11-21T10:30:00,2026-11-21T13:30:00,Stafford Book Sale Room at Warsaw Community Public Library,310 East Main Street,Warsaw,IN,"The Friends of the Library used bookstore sells books, movies, sound recordings, and video games. All proceeds support WCPL.",,Warsaw Community Public Library,https://warsaw.librarycalendar.com/events/list,https://warsaw.librarycalendar.com/event/story-emporium-used-bookstore-2628,A,Music & shows,https://warsaw.librarycalendar.com/sites/default/files/styles/large/public/2025-12/jan%20-%20story%20emporium_1.jpg?itok=8166Ip4-,0,CONFIRMED,20,4b4b5a9c410859c7fb52bdbe455d166ed55bc9e1b30a12d60baf65df392f9ea9
Story Emporium Used Bookstore,2026-11-24T16:00:00,2026-11-24T19:00:00,Stafford Book Sale Room at Warsaw Community Public Library,310 East Main Street,Warsaw,IN,"The Friends of the Library used bookstore sells books, movies, sound recordings, and video games. All proceeds support WCPL.",,Warsaw Community Public Library,https://warsaw.librarycalendar.com/events/list,https://warsaw.librarycalendar.com/event/story-emporium-used-bookstore-2576,A,Music & shows,https://warsaw.librarycalendar.com/sites/default/files/styles/large/public/2025-12/jan%20-%20story%20emporium_2.jpg?itok=cifNdeLU,0,CONFIRMED,20,f82a3d5716dfba2a0cdd38372c7f3ef8986c886f49b6982e75e9bdfd33fb7d36
The Toddler Lounge,2026-12-01T10:00:00,2026-12-01T12:00:00,Meeting Room A/B at Warsaw Community Public Library,310 East Main Street,Warsaw,IN,"As you walk into Room A/B, you'll notice that there is an area with toddler toys that your children can play with at their leisure, a coloring station for all ages, and a book nook for a little ""book time"".",,Warsaw Community Public Library,https://warsaw.librarycalendar.com/events/list,https://warsaw.librarycalendar.com/event/toddler-lounge-3140,A,Family,,0,CONFIRMED,20,4f1a0bf84815e71b8145c68ccabce410dedd8a2d8745210e934051692a84dc6f
Story Emporium Used Bookstore,2026-12-01T16:00:00,2026-12-01T19:00:00,Stafford Book Sale Room at Warsaw Community Public Library,310 East Main Street,Warsaw,IN,"The Friends of the Library used bookstore sells books, movies, sound recordings, and video games. All proceeds support WCPL.",,Warsaw Community Public Library,https://warsaw.librarycalendar.com/events/list,https://warsaw.librarycalendar.com/event/story-emporium-used-bookstore-2577,A,Music & shows,https://warsaw.librarycalendar.com/sites/default/files/styles/large/public/2025-12/jan%20-%20story%20emporium_2.jpg?itok=cifNdeLU,0,CONFIRMED,20,9b1459ff5c66310881a36528b09d14562f875248489cd6b532c49db7cd923801
Certified Peer Support Professional Training,2026-12-02T08:00:00,2026-12-02T16:00:00,Ivy Tech Community College Warsaw,2545 Silveus Crossing,Warsaw,IN,,Free,Warsaw events index,https://allevents.in/warsaw-in/all,https://allevents.in/warsaw/certified-peer-support-professional-training/100001977734102941,C,Community,https://dyn-image.allevents.in/generate-image?v=4&title=Certified+Peer+Support+Professional+Training&date=Wed+Dec+02+2026+at+08%3A00+am&bg=2,0,CONFIRMED,15,38ae28da4c691d2cf470d045d4810610cfd40813e6f3bcac31ee758432cba114
Chair Yoga,2026-12-02T11:15:00,2026-12-02T12:00:00,Meeting Room A/B at Warsaw Community Public Library,310 East Main Street,Warsaw,IN,Join us for some relaxation and stretching before the busyness of the holiday seasons hits. Any adult is welcome.,,Warsaw Community Public Library,https://warsaw.librarycalendar.com/events/list,https://warsaw.librarycalendar.com/event/chair-yoga-3494,A,Community,,0,CONFIRMED,20,34bce7b1eef498ce450792040aaf381a169c06cb986b739ca3bbd5375536aa0e
Winona Monster Weekend 2026,2026-08-07T11:00:00,2026-08-08T22:00:00,"904 Park Avenue, Winona Lake, IN, United States, Indiana 46590","904 Park Ave, Winona Lake, IN 46590-1051, United States",Winona Lake,IN,,,Winona Lake events index,https://allevents.in/winona-lake/all,https://allevents.in/winona-lake/winona-monster-weekend-2026/200030371009742,C,Community,https://cdn-ip.allevents.in/s/rs:fill:500:250/g:sm/sh:100/aHR0cHM6Ly9jZG4tYXouYWxsZXZlbnRzLmluL2V2ZW50czgvYmFubmVycy9jYWMzM2M2OWM2ZDUxMzBiYmEwMmY4MWNkNTU4NDkwOTI0YTAyYjI5NDIzNTZhMDg5MDY4YjI1NzMxZDhiNjA5LXJpbWctdzEyMDAtaDQ0NC1kYzg4NDgzOC1nbWlyP3Y9MTc4NTQ1NTE3Mw.avif,3,CONFIRMED,15,ebfee5f39f6f662fd2cadb45041bc944bf4661beeb0fd439bbfdd08eceeff239
Kids P.O.P. (Power of Produce),2026-08-08T00:00:00,,"705 Park Avenue, Winona Lake, IN, United States, Indiana 46590","705 Park Ave, Winona Lake, IN 46590-1047, United States",Winona Lake,IN,,,Winona Lake events index,https://allevents.in/winona-lake/all,https://allevents.in/winona-lake/kids-pop-power-of-produce/200029977074817,C,Family,https://cdn-ip.allevents.in/s/rs:fill:500:250/g:sm/sh:100/aHR0cHM6Ly9jZG4tYXouYWxsZXZlbnRzLmluL2V2ZW50czUvYmFubmVycy8xOWEwMjM0ZDk5MmFhNTUzNTdiNDljYjIyNWI1MzgzMTg2MmYwMzM5MWJkNGRlOWQwNmVlZmJmYTA2MWM1N2IzLXJpbWctdzEwNDAtaDU1Ny1kY2ZmZmZmZi1nbWlyP3Y9MTc4MzYyMTE2MA.avif,3,CONFIRMED,15,579a93839a7fe7ba47faa53d4779846fbab253564936f1fedc0480190b12728e
An afternoon with the Guardians and No Name Quartet,2026-08-08T14:00:00,2026-08-08T17:00:00,Rodeheaver Auditorium,"155 W 9th St, Winona Lake, IN 46590, United States",Winona Lake,IN,,,Winona Lake events index,https://allevents.in/winona-lake/all,https://allevents.in/winona-lake/an-afternoon-with-the-guardians-and-no-name-quartet/200030144548602,C,Arts & learning,https://cdn-ip.allevents.in/s/rs:fill:500:250/g:sm/sh:100/aHR0cHM6Ly9jZG4tYXouYWxsZXZlbnRzLmluL2V2ZW50czEvYmFubmVycy80MmQ2Yjc2ZTEzZDRhMjBhYjkzODM1YWY4ZTM3YTJmZDBmOWJiOTI3ZjZmMDU0NTVkNTI2NmNkNjI0MjkxN2ZjLXJpbWctdzEwMjMtaDE1MzctZGMwODA4MTgtZ21pcj92PTE3ODU0NTUxNzg.avif,3,CONFIRMED,15,bc7831812e132232ee591c0991080f9d2dd1ad0da3daa0d3f6b4b123619b07d3
Backyard Cafe,2026-08-14T18:00:00,2026-08-14T22:00:00,"702 Chestnut Ave, Winona Lake, IN 46590-1314, United States","702 Chestnut St, Winona Lake, IN 46590-1314, United States",Winona Lake,IN,,,Winona Lake events index,https://allevents.in/winona-lake/all,https://allevents.in/winona-lake/backyard-cafe/200030440825123,C,Community,https://cdn-ip.allevents.in/s/rs:fill:500:250/g:sm/sh:100/aHR0cHM6Ly9jZG4tYXouYWxsZXZlbnRzLmluL2V2ZW50czUvYmFubmVycy9lODJhZjk4ODQyY2Q2MGVjMWM3MjVmYTE1ZGM0YWI1Zjc5ODFlY2I0ZmIzZGUzM2M2MTBkYTMwNTdjY2VkZGIzLXJpbWctdzEyMDAtaDYyOC1kY2ZmOTEzYy1nbWlyP3Y9MTc4NTM1NjEwOA.avif,3,CONFIRMED,15,35da96adf6ae58c060b4f8eabd70f60f7238fd6ae3ea7430d1b48fc21b3741b7
Glow Float - Winona Lake Night Paddle 2026,2026-08-15T20:00:00,2026-08-15T22:00:00,Winona Lake Limitless Park and Splash Pad,1598 Park Avenue,Winona Lake,IN,,Free,Winona Lake events index,https://allevents.in/winona-lake/all,https://allevents.in/winona-lake/glow-float-winona-lake-night-paddle-2026/100001993973214561,C,Community,https://cdn-ip.allevents.in/s/rs:fill:500:250/g:sm/sh:100/aHR0cHM6Ly9jZG4tYXouYWxsZXZlbnRzLmluL2V2ZW50czkvYmFubmVycy8zOWNmZDJkZTFkMGRkMDNkMWQyZDU2ODQ1NTc0OTBmMjg0ZDYxMzZjNmFkODEwNWI4MzE0YjRkYWY3NTFkMTQ1LXJpbWctdzEyMDAtaDYwMC1kYzkzOTM4YS1nbWlyLmpwZz92PTE3ODQwNzc2Mjg.avif,3,CONFIRMED,15,2b720e9f8fdb8d43201d64f591322531dc5fbcdcc25271a2e70f816042f99883
Canal Days,2026-08-22T10:00:00,2026-08-22T16:00:00,The Village at Winona,,Winona Lake,IN,Vendor Applications Will Open In Mid June,,The Village at Winona,https://villageatwinona.com/events/,https://villageatwinona.com/events/canal-days/,A,Festivals,https://villageatwinona.com/wp-content/uploads/2021/11/Thumb_PPS.jpg,3,CONFIRMED,20,d198dd1e8abfc573a6117f08b0464088c62aea6a9b929b3ab7d8d8c194e66ba2
Plug and Play Indiana | Warsaw Medtech Expo Batch 5 (September 2026),2026-09-02T13:30:00,2026-09-02T17:30:00,Miller Sunset Pavilion,705 Park Avenue,Winona Lake,IN,,Free,Winona Lake events index,https://allevents.in/winona-lake/all,https://allevents.in/winona-lake/plug-and-play-indiana-warsaw-medtech-expo-batch-5-september-2026/100001984418326634,C,Community,https://cdn-ip.allevents.in/s/rs:fill:500:250/g:sm/sh:100/aHR0cHM6Ly9jZG4tYXouYWxsZXZlbnRzLmluL2V2ZW50czIvYmFubmVycy8wM2I1YjZhMjMxMzQ4YWM4YjkxMzlkYzVkN2MxMTZlMWJmZjQ0M2E4MzFhNWZlOGRkZDIwOTYzOGJkZWIwYTdkLXJpbWctdzkwMC1oNDcwLWRjZjdmN2ZhLWdtaXIuanBnP3Y9MTc3NDU3NjA3Mw.avif,3,CONFIRMED,15,a18e5c46b42164f35843c165010972d2e6f18a9cadaac973da035020dea25e45
18th Annual - Golf Outing,2026-09-08T11:30:00,2026-09-08T17:00:00,"2850 E Pierceton Rd, Winona Lake, IN 46590-8273, United States","2850 E Pierceton Rd, Winona Lake, IN 46590-8273, United States",Winona Lake,IN,,,Winona Lake events index,https://allevents.in/winona-lake/all,https://allevents.in/winona-lake/18th-annual-golf-outing/200030224974020,C,Community,https://cdn-ip.allevents.in/s/rs:fill:500:250/g:sm/sh:100/aHR0cHM6Ly9jZG4tYXouYWxsZXZlbnRzLmluL2V2ZW50czMvYmFubmVycy8zNzVkMzc0NTAyNjEwN2I3MjZlMzhiZGRhZWQ4ZWE3MzI3OGZjZmRjMmE2NTg4YzMwNmM0ZjcxOWZhZTQ0NGU0LXJpbWctdzg1MS1oMzE1LWRjZjhmOGY4LWdtaXI_dj0xNzg1NDU1MTY2.avif,3,CONFIRMED,15,a8fc95a21f35b22e57229dbb3a13e18d7cb029fe80f3d3cc6c2ed8fd47e6b0a7
Tabletop Adventure Con IV,2026-09-12T08:00:00,2026-09-13T17:00:00,"901 Park Ave, Winona Lake, IN 46590-1073, United States","901 Park Ave, Winona Lake, IN 46590-1073, United States",Winona Lake,IN,,,Winona Lake events index,https://allevents.in/winona-lake/all,https://allevents.in/winona-lake/tabletop-adventure-con-iv/200029825287649,C,Community,https://cdn-ip.allevents.in/s/rs:fill:500:250/g:sm/sh:100/aHR0cHM6Ly9jZG4tYXouYWxsZXZlbnRzLmluL2V2ZW50czUvYmFubmVycy85MmZiNDcyZmZhMTQxOGRlMDc4M2NkYTgzZDgyYjU1ZWI3ZTI0ZWFiZDdmOTVkOGMxZWJlMjcyN2E3MmE3NGZkLXJpbWctdzQ0Mi1oNDQzLWRjZjhmOGY4LWdtaXI_dj0xNzg1Njk4MzI2.avif,3,CONFIRMED,15,6bb715bad31211f58f6342658db6805ba76e65d0515f4e17a9073bb5ef7bd917
4th Annual - Every Word,2026-09-14T07:00:00,2026-09-19T11:00:00,Winona Lake Limitless Park,"1590 Park Ave, Winona Lake, IN 46590-1633, United States",Winona Lake,IN,,,Winona Lake events index,https://allevents.in/winona-lake/all,https://allevents.in/winona-lake/4th-annual-every-word/200030440825325,C,Community,https://cdn-ip.allevents.in/s/rs:fill:500:250/g:sm/sh:100/aHR0cHM6Ly9jZG4tYXouYWxsZXZlbnRzLmluL2V2ZW50czIvYmFubmVycy84NWFmZTI1MmY5MjEzNTlmODJlOWU3OGMyOTY2MmEwNmU3Nzk0M2JhNTk5ODI3YWQ4YjU1ZGY0OTE3OTI5ZTViLXJpbWctdzEyMDAtaDkwMC1kY2E4YjhkOC1nbWlyP3Y9MTc4NTc1NTM1MQ.avif,3,CONFIRMED,15,f32a27ec2c62a5a05b6b937258997c3f80ca82f635598e75736e65d4f69ec229
Tree Lighting Ceremony,2026-11-21T15:30:00,2026-11-21T18:30:00,The Village at Winona,,Winona Lake,IN,Bring the whole family for an afternoon of fun at The Village Tree Lighting Ceremony.,,The Village at Winona,https://villageatwinona.com/events/,https://villageatwinona.com/events/tree-lighting-ceremony/,A,Family,https://villageatwinona.com/wp-content/uploads/2021/11/Thumb_PPS.jpg,3,CONFIRMED,20,b3de61a0bf194a00cb732f1fc96fea085f83e4a6eb2c1553f768ad05012b79e3
Comedy Fundraiser for Fulton County Animal Center,2026-08-07T19:00:00,,The Times Theater,"618 Main St, Rochester, IN 46975-1320, United States",Rochester,IN,,,Rochester events index,https://allevents.in/rochester-in/all,https://allevents.in/rochester/comedy-fundraiser-for-fulton-county-animal-center/200030321607508,C,Music & shows,https://cdn-ip.allevents.in/s/rs:fill:500:250/g:sm/sh:100/aHR0cHM6Ly9jZG4tYXouYWxsZXZlbnRzLmluL2V2ZW50czYvYmFubmVycy9mOTgwODU4MTEzNTJjNjBhMGYyYzVkYTVlZDE3YmQ0NjdkMjM5ODEyNDBjYWY2OWQyNTNiZWYxNzJjNmE2NTVjLXJpbWctdzEwODAtaDQxMS1kYzRhOTNjZi1nbWlyP3Y9MTc4NDk4MTE2Mg.avif,24,CONFIRMED,12,7108e2cc442c36ab05b3681ba8e332224ee08fa2417136d1f007072c40219846
Serenity on the Water 2026,2026-08-13T19:00:00,2026-08-13T20:00:00,Rochester City Pool,"701 E 6th St,Rochester,IN,United States",Rochester,IN,,,Rochester events index,https://allevents.in/rochester-in/all,https://allevents.in/rochester/serenity-on-the-water-2026/200030445941908,C,Community,https://cdn-ip.allevents.in/s/rs:fill:500:250/g:sm/sh:100/aHR0cHM6Ly9jZG4tYXouYWxsZXZlbnRzLmluL2V2ZW50czgvYmFubmVycy8xNzQxOGJlMGM5MzViZjg4ZjUxNzliYjdmOGY3NzU5MTgzNzVmNTZiMmUxMTdkNDdkMDA5M2Q4ZDQ4ODNkOWIwLXJpbWctdzcxOC1oMjc1LWRjNzg4ODk4LWdtaXI_dj0xNzg1NTY2NTUz.avif,24,CONFIRMED,12,5aa4405f88bd5b1836833a47e9602ac2f2a3d49abb63b80933facb649b8304ed
Rust & Relics Market | Craft Show | Swap Meet | Flea Market,2026-08-15T10:00:00,2026-08-15T17:00:00,Fulton County Historical Society Inc.,"1316 Franklin St, Rochester, IN 46975-2236, United States",Rochester,IN,,,Rochester events index,https://allevents.in/rochester-in/all,https://allevents.in/rochester/rust-and-relics-market-craft-show-swap-meet-flea-market/200030023030842,C,Food & markets,https://cdn-ip.allevents.in/s/rs:fill:500:250/g:sm/sh:100/aHR0cHM6Ly9jZG4tYXouYWxsZXZlbnRzLmluL2V2ZW50czEvYmFubmVycy8yYWExMDBiNjQxMWM5MzJkYzIzZDIzZmJkMmU4MmJhNWQ0OWUyZDI3MGZlYzNkY2Q0MjhlOTcxZGE4N2E5ZDc4LXJpbWctdzEyMDAtaDgwMC1kYzI4MTgwOC1nbWlyP3Y9MTc4NTg3MzU2OA.avif,24,CONFIRMED,12,8b0c159b76e78aa79d25fe1955e48a5feac2d1ad2e935e59e0b4526d9e37731c
Connection Corner,2026-08-19T11:00:00,2026-08-19T14:00:00,"122 W 8th St, Rochester, IN 46975-1510, United States","122 W 8th St, Rochester, IN 46975-1510, United States",Rochester,IN,,,Rochester events index,https://allevents.in/rochester-in/all,https://allevents.in/rochester/connection-corner/200030409492400,C,Community,https://cdn-ip.allevents.in/s/rs:fill:500:250/g:sm/sh:100/aHR0cHM6Ly9jZG4tYXouYWxsZXZlbnRzLmluL2V2ZW50czQvYmFubmVycy82YTQxODRkNGNhZmZlODY2MTkwYjZkY2ZiNWM1Mzc0YzE4MjI0MTNlMDQwNzY2ODVkZWUxMDY0MzlmMDczYWFmLXJpbWctdzEyMDAtaDYyOC1kYzA4MDgwOC1nbWlyP3Y9MTc4NTQzNDM1OA.avif,24,CONFIRMED,12,52e35e2f78673a550f21b6592e01586b7d6b70ef15674ac785550211f18077f6
8th Annual FCAC Rummage Sale Fundraiser,2026-08-21T10:00:00,2026-08-23T16:00:00,Fulton County Historical Society Inc.,"37 E 375 N,Rochester, Indiana",Rochester,IN,,,Rochester events index,https://allevents.in/rochester-in/all,https://allevents.in/rochester/8th-annual-fcac-rummage-sale-fundraiser/200030446920345,C,Community,https://cdn-ip.allevents.in/s/rs:fill:500:250/g:sm/sh:100/aHR0cHM6Ly9jZG4tYXouYWxsZXZlbnRzLmluL2V2ZW50czIvYmFubmVycy84MzczNWVmODNmMGY1MWNhYzlkOGYzODE4MGU1MWVmY2NjNGFkMzM3NDQ3MjNiOTIwNzEyNGMyMWQ2OTNmN2U1LXJpbWctdzEyMDAtaDEyMDAtZGNmOGU4ZDgtZ21pcj92PTE3ODU0OTI4MzU.avif,24,CONFIRMED,12,4ec11650fd63c7ece97bf2b62e28e3c27e921d48011cc8d61d5789c10e2db6a6
Customer Appreciation & Jon Ringer Memorial Shoot,2026-08-22T08:00:00,2026-08-22T12:00:00,"6400 County Road 325 W, Rochester, IN","6400 N County Road 325 W, Rochester, IN 46975-9033, United States",Rochester,IN,,,Rochester events index,https://allevents.in/rochester-in/all,https://allevents.in/rochester/customer-appreciation-and-jon-ringer-memorial-shoot/200030180298934,C,Community,https://cdn-ip.allevents.in/s/rs:fill:500:250/g:sm/sh:100/aHR0cHM6Ly9jZG4tYXouYWxsZXZlbnRzLmluL2V2ZW50czcvYmFubmVycy9hZTk2Yjk4ODcyNzZhZmY3ZGM0Yjk1OWNmZWY2ZDEwZjEzYjE5NzU4YmY1Zjc3ODlmYjE2MmIzYTA4ZmY3OTE4LXJpbWctdzEyMDAtaDkwMC1kYzc1NWU0OS1nbWlyP3Y9MTc4NTMwNDY3OQ.avif,24,CONFIRMED,12,3ccc7811b9f4daa37ca9a3c99af3651383c7dfc5b38a78a6747654d152c0484b
8/22/26 Rochester's Nickel Plate Music Feast-ival with Friends of Fred,2026-08-22T11:00:00,2026-08-22T22:30:00,"Fulton County Courthouse (Rochester, Indiana)","Rochester, Indiana",Rochester,IN,,,Rochester events index,https://allevents.in/rochester-in/all,https://allevents.in/rochester/8-22-26-rochesters-nickel-plate-music-feast-ival-with-friends-of-fred/200030130940542,C,Music & shows,https://cdn-ip.allevents.in/s/rs:fill:500:250/g:sm/sh:100/aHR0cHM6Ly9jZG4tYXouYWxsZXZlbnRzLmluL2V2ZW50czkvYmFubmVycy9kZWMwZTA1ZWEwMmY1YzAxNjNhMTkxY2U1YzYwOGQyN2QzODc4NmRjZDI0NTBmZjVjZmNhMDM1MGI3NjllOGY3LXJpbWctdzk1Mi1oNjM1LWRjZjhlOGM4LWdtaXI_dj0xNzg1NzgzNTI5.avif,24,CONFIRMED,12,f2de7742ba4bc3ef786a06f2242f8153df25af4f569d6efeddb6b93e77a4661d
Nickel Plate Music & Arts Festiva,2026-08-22T11:00:00,,Rochester Downtown Historic District,"Rochester, Indiana",Rochester,IN,,,Rochester events index,https://allevents.in/rochester-in/all,https://allevents.in/rochester/nickel-plate-music-and-arts-festiva/200029689331625,C,Music & shows,https://cdn-ip.allevents.in/s/rs:fill:500:250/g:sm/sh:100/aHR0cHM6Ly9jZG4tYXouYWxsZXZlbnRzLmluL2V2ZW50czEvYmFubmVycy82OGNjZWQxNjQxMmY0ZTI5OWFmY2M0YmI3Mjg1NjdiNjUyYmM1NDg4MWNhY2UxNWM2OWE0ZjY0OWM4YjFhN2Y1LXJpbWctdzEyMDAtaDkwMC1kYzI4YThkOC1nbWlyP3Y9MTc4NTY5NjQ5Ng.avif,24,CONFIRMED,12,49ff0cee8a63a09d9d2fa1f1570ec6f3c8df49314e1ee6c66a1e60d8655d4d15
Park Fest 2026,2026-08-22T18:00:00,2026-08-22T21:00:00,Barnhart Field at Falls Park,"1601 Park Rd, Rochester, IN 46975, United States",Rochester,IN,,,Rochester events index,https://allevents.in/rochester-in/all,https://allevents.in/rochester/park-fest-2026/200030130941444,C,Community,https://cdn-ip.allevents.in/s/rs:fill:500:250/g:sm/sh:100/aHR0cHM6Ly9jZG4tYXouYWxsZXZlbnRzLmluL2V2ZW50czYvYmFubmVycy8yY2I4ZjIwNTZlNDYzMWUzNGI2YmFkMDEzZTAzZmIyY2ViNTUxMTBmMWFmM2Y5NDkwNmFjNzU2NGFhOTIyNjZlLXJpbWctdzEyMDAtaDgwMC1kY2ZmZmZmZi1nbWlyP3Y9MTc4NTAwNzM0MQ.avif,24,CONFIRMED,12,0ad2dc06e77debdd5e4855010fec11b84cc871ac7fae1717e19fd6f4be17bebc
Pizza Quick,2026-09-05T19:00:00,,"Rochester, Indiana","Rochester, Indiana",Rochester,IN,,,Rochester events index,https://allevents.in/rochester-in/all,https://allevents.in/rochester/pizza-quick/200030325851113,C,Community,https://cdn-ip.allevents.in/s/rs:fill:500:250/g:sm/sh:100/aHR0cHM6Ly9jZG4tYXouYWxsZXZlbnRzLmluL2V2ZW50czcvYmFubmVycy9jN2M5ODg2NmE4OTAxNTExZDZhZTdjMjcxNTRiOTUzYTYwN2MzYTk5NzcyMDIzOWQ2MGU4MTRjYzYxZTc5N2QyLXJpbWctdzgyOC1oNDU3LWRjMTgxODE4LWdtaXI_dj0xNzg1NTQ4MzE1.avif,24,CONFIRMED,12,6ae1ebd3cb3ad4519f572784ad342b9429c6c78095eb7e0d6709c3cce2e2cf28
Comedy Fundraiser for Fulton County Animal Center,2026-09-11T19:00:00,,The Times Theater,"618 Main St, Rochester, IN 46975-1320, United States",Rochester,IN,,,Rochester events index,https://allevents.in/rochester-in/all,https://allevents.in/rochester/comedy-fundraiser-for-fulton-county-animal-center/200030321607508,C,Music & shows,https://cdn-ip.allevents.in/s/rs:fill:500:250/g:sm/sh:100/aHR0cHM6Ly9jZG4tYXouYWxsZXZlbnRzLmluL2V2ZW50czYvYmFubmVycy9mOTgwODU4MTEzNTJjNjBhMGYyYzVkYTVlZDE3YmQ0NjdkMjM5ODEyNDBjYWY2OWQyNTNiZWYxNzJjNmE2NTVjLXJpbWctdzEwODAtaDQxMS1kYzQ4ODhjOC1nbWlyP3Y9MTc4NTY2MzU2OQ.avif,24,CONFIRMED,12,e8ac6be941eee86872d7c0fdc050e960f9041af92d0da3acd66ef347624df838
Comedy to the Rescue - Stand up Benefit at The Times,2026-09-11T19:30:00,2026-09-11T21:30:00,The Times Theater Inc,618 Main Street,Rochester,IN,,USD 29 to 162,Rochester events index,https://allevents.in/rochester-in/all,https://allevents.in/rochester/comedy-to-the-rescue-stand-up-benefit-at-the-times/100001995459924350,C,Music & shows,https://dyn-image.allevents.in/generate-image?v=4&title=Comedy++to+the+Rescue+-+Stand+up+Benefit+at+The+Times&date=Fri+Sep+11+2026+at+07%3A30+pm&bg=1,24,CONFIRMED,12,81a8897d983eeb3e9aaa1573e83cb18c9a46e1d6d114e41839e1bd01c99321c3
Johnny Folsom 4 - Johnny Cash Tribute,2026-09-12T20:00:00,2026-09-12T22:00:00,The Times Theater Inc,618 Main Street,Rochester,IN,,USD 7 to 162,Rochester events index,https://allevents.in/rochester-in/all,https://allevents.in/rochester/johnny-folsom-4-johnny-cash-tribute/100001995195952804,C,Community,https://cdn-ip.allevents.in/s/rs:fill:500:250/g:sm/sh:100/aHR0cHM6Ly9jZG4tYXouYWxsZXZlbnRzLmluL2V2ZW50czIvYmFubmVycy9iMzc3MTVlNDUyYmMxZDI5ZWU2Y2VhOGI4ODJlMGNhYzFiYzkyZTljMDVlMzU5MDFjN2RlODQ1NWE2OGRmYWJiLXJpbWctdzEyMDAtaDYwMC1kYzFhMTIwZi1nbWlyLmpwZz92PTE3ODUwMjI4MTQ.avif,24,CONFIRMED,12,7b618050e090c2e429b5c2a222e53e6f3993aeb32afc0aeb67c00e6b9205b2e1
MFC Monthly Meeting,2026-09-18T19:00:00,2026-09-18T20:00:00,Fulton County Airport (Indiana),"1905 E State Road 14,Rochester,IN,United States",Rochester,IN,,,Rochester events index,https://allevents.in/rochester-in/all,https://allevents.in/rochester/mfc-monthly-meeting/200030281685450,C,Community,https://cdn-ip.allevents.in/s/rs:fill:500:250/g:sm/sh:100/aHR0cHM6Ly9jZG4tYXouYWxsZXZlbnRzLmluL2V2ZW50czkvYmFubmVycy82ZjJmZDc4NTlhZjdhMGNhYmVlZGMwZWY0YTNhYWE4MDBkNGI2N2I2M2IxNTJjNjc2ODYyMmQzNGZiMjMwMzViLXJpbWctdzk2MC1oNzIwLWRjOGM4YzkwLWdtaXI_dj0xNzg1MzcxNzI4.avif,24,CONFIRMED,12,0ea22f87efb97728615934ec75aa14316c1adf28fa7a136ee14203336ba85852
Full Service-Closing Day,2026-09-26T10:00:00,2026-09-26T16:00:00,"878 N 200 W , Rochester, IN, United States, Indiana 46975","2001 W County Road 100 N, Rochester, IN 46975, United States",Rochester,IN,,,Rochester events index,https://allevents.in/rochester-in/all,https://allevents.in/rochester/full-service-closing-day/200030325852316,C,Community,https://cdn-ip.allevents.in/s/rs:fill:500:250/g:sm/sh:100/aHR0cHM6Ly9jZG4tYXouYWxsZXZlbnRzLmluL2V2ZW50czIvYmFubmVycy8xMWE3MTUwZjg4YWUwOGJhMzQ4OWE3MDA3M2UyODAwMjg0MDY0YTkzOWMwNzIxMTZmMDZlMTc4M2Q1NGI4NmI3LXJpbWctdzEyMDAtaDEyMDAtZGM5ODA4MTgtZ21pcj92PTE3ODU2NjkyMzk.avif,24,CONFIRMED,12,9619d78a6c2c74d74087f01da8d460c212ef774957db17ae18a80b51eb7f21fc
Fleatwood Mac,2026-10-09T20:00:00,2026-10-09T22:00:00,The Times Theater Inc,618 Main Street,Rochester,IN,,USD 24 to 215,Rochester events index,https://allevents.in/rochester-in/all,https://allevents.in/rochester/fleatwood-mac/100001984329649398,C,Community,https://cdn-ip.allevents.in/s/rs:fill:500:250/g:sm/sh:100/aHR0cHM6Ly9jZG4tYXouYWxsZXZlbnRzLmluL2V2ZW50czYvYmFubmVycy9kMDc1NzNiMTU1NDI5ZjY5OGE3OGUwZjM1MmUwMjBiZDgyNWU1MDg4YWVmODI4MmU2ZTk5MjE5MGIwMjNhOThjLXJpbWctdzEyMDAtaDYwMC1kYzE3MTcxNy1nbWlyLmpwZz92PTE3NzI4MDEyNDc.avif,24,CONFIRMED,12,ab7c0ad267600405d1a6bf69775ba28e62e0036bf157bef65e501ceff859955d
2026 Chili Cook-Off and Red Hot Car Show,2026-10-10T08:00:00,2026-10-10T17:00:00,"Rochester, Indiana","901 Main St, Rochester, IN 46975-1739, United States",Rochester,IN,,,Rochester events index,https://allevents.in/rochester-in/all,https://allevents.in/rochester/2026-chili-cook-off-and-red-hot-car-show/200030316587923,C,Community,https://cdn-ip.allevents.in/s/rs:fill:500:250/g:sm/sh:100/aHR0cHM6Ly9jZG4tYXouYWxsZXZlbnRzLmluL2V2ZW50czMvYmFubmVycy84OWY2MDc1NGM4ODcyNmVlZTJlMzVkMzQ2MTcwYjUzYTM1M2UxYjA0ZjFiNTNmY2JkNGM0MjRmY2VmYjU5NmNiLXJpbWctdzEyMDAtaDYyOC1kY2E4MjgyOC1nbWlyP3Y9MTc4NTkyMTQ2Mg.avif,24,CONFIRMED,15,b2524e098a5ae2f2d51f8592be1d086363d71cba1d18c92973d4d51e65b97c27
30th Annual Red Hot Car Show,2026-10-10T08:00:00,2026-10-10T16:00:00,112 E 8th St,112 East 8th Street,Rochester,IN,,USD 23,Rochester events index,https://allevents.in/rochester-in/all,https://allevents.in/rochester/30th-annual-red-hot-car-show/100001992058293982,C,Community,https://cdn-ip.allevents.in/s/rs:fill:500:250/g:sm/sh:100/aHR0cHM6Ly9jZG4tYXouYWxsZXZlbnRzLmluL2V2ZW50czEwL2Jhbm5lcnMvMzAwNDU2OTE0MTIzYzRkZGIxYzM5YmZkNTQxNWM5MThlZDk3NmNhNGViOTg3OTExMzk2MGY3NmRjYTIxYmIyOC1yaW1nLXcxMjAwLWg2MDAtZGM0M2M1YzEtZ21pci5qcGc_dj0xNzgxODE2NjYx.avif,24,CONFIRMED,15,78fbd0edbc6d442603abca7325e279c118d06c0b664dda8102f5a22d171e5ae4
Heywood Banks live at The Times Theater,2026-10-10T20:00:00,2026-10-10T21:30:00,The Times Theater Inc,618 Main Street,Rochester,IN,,USD 39 to 258,Rochester events index,https://allevents.in/rochester-in/all,https://allevents.in/rochester/heywood-banks-live-at-the-times-theater/100001995196379079,C,Music & shows,https://cdn-ip.allevents.in/s/rs:fill:500:250/g:sm/sh:100/aHR0cHM6Ly9jZG4tYXouYWxsZXZlbnRzLmluL2V2ZW50czcvYmFubmVycy82ZjQ0ZDYxNWQ3MjUzNzc0ODUyYWI0ZDYwOTFlMTRhY2U3MThkZWNiNWRhODYzYjlhYmI1ZGJhOTI1ZTM2NzRiLXJpbWctdzEyMDAtaDYwMC1kYzQ5NTU2ZC1nbWlyLmpwZz92PTE3ODUzMjUwNTc.avif,24,CONFIRMED,12,7b07073e20c4adf544e89d546328e296517e6b1c0c5770e57587e0bf2f76eaae
The 77 Experience,2026-10-24T20:00:00,,"618 Main St, Rochester, IN","618 Main St, Rochester, IN 46975-1320, United States",Rochester,IN,,,Rochester events index,https://allevents.in/rochester-in/all,https://allevents.in/rochester/the-77-experience/200029811587411,C,Community,https://cdn-ip.allevents.in/s/rs:fill:500:250/g:sm/sh:100/aHR0cHM6Ly9jZG4tYXouYWxsZXZlbnRzLmluL2V2ZW50czYvYmFubmVycy8zZDY3OGUwMTFlNDMzNTA2NGQxNThkYTE5Yjg1ZWE0N2Y1OWFhZDllZDlkYzUwNTI0ZjIwNzE1Yjc5MjNiOTM2LXJpbWctdzEyMDAtaDE1NTMtZGNmZmZmZmYtZ21pcj92PTE3NzM1MzE0OTE.avif,24,CONFIRMED,12,2cbfe10b5591c7436e6d15f923a367074443b812eac27d7e7a9dafc14cbe0203
Rochester Legion,2026-10-31T19:00:00,,"Rochester, Indiana","Rochester, Indiana",Rochester,IN,,,Rochester events index,https://allevents.in/rochester-in/all,https://allevents.in/rochester/rochester-legion/200030502842448,C,Community,https://cdn-ip.allevents.in/s/rs:fill:500:250/g:sm/sh:100/aHR0cHM6Ly9jZG4tYXouYWxsZXZlbnRzLmluL2V2ZW50czkvYmFubmVycy9iMzQxMjdkYTdhZGE2YjQ5M2QxZjdkNDM5MTY5NzZhMDIzZDIzNmViODE2Yzc4ODVjY2FhMmNiNWIzNGI0ZDgzLXJpbWctdzgyOC1oNDU3LWRjMTgxODE4LWdtaXI_dj0xNzg1NzgzNTI4.avif,24,CONFIRMED,12,4a8836d5cd6247b5721b1524466e97d8062504426fcdd5c88b3d643982181786
Baby & Me Lapsit,2026-08-07T10:30:00,2026-08-07T13:30:00,"601 S 5th St, Goshen, IN, United States, Indiana 46526","601 S 5th St, Goshen, IN 46526-3969, United States",Goshen,IN,,,Goshen events index,https://allevents.in/goshen/all,https://allevents.in/goshen/baby-and-me-lapsit/200030489261611,C,Community,https://cdn-ip.allevents.in/s/rs:fill:500:250/g:sm/sh:100/aHR0cHM6Ly9jZG4tYXouYWxsZXZlbnRzLmluL2V2ZW50czgvYmFubmVycy9lYWFiZGQ0MjZmNGQyNDg1MGFkM2I3NGMzYWEwMjBlZjlmZTQ3NjE5YmE2NGM2NzI2NjQ5YmZmNWI3MTVhNTE3LXJpbWctdzEyMDAtaDY3Ni1kY2Y4ZjhmOC1nbWlyP3Y9MTc4NTU0NzMzMQ.avif,30,CONFIRMED,9,853b6dd46cbafea20b426cd2e5e5eb14b0b4bcaf632317d7864aac05e8e9949c
Goshen Games | August First Fridays,2026-08-07T17:00:00,2026-08-07T21:00:00,"324 South Fifth Street, Goshen, IN, United States, Indiana 46528","324 S 5th St, Goshen, IN 46528-3716, United States",Goshen,IN,,,Goshen events index,https://allevents.in/goshen/all,https://allevents.in/goshen/goshen-games-august-first-fridays/200029810548759,C,Festivals,https://cdn-ip.allevents.in/s/rs:fill:500:250/g:sm/sh:100/aHR0cHM6Ly9jZG4tYXouYWxsZXZlbnRzLmluL2V2ZW50czgvYmFubmVycy84Mzk4MTZiNmU2NzJkMGVkZTYxNTVkMWEyZTBhNGMwNDFkYTI5N2M1ZTNmYTdkMGMyNWVmZjhjMWM5Y2FiNTc4LXJpbWctdzEyMDAtaDYyOC1kY2Y4ZjhmOC1nbWlyP3Y9MTc4NTYxNDQ2OA.avif,30,CONFIRMED,9,0e86293b70039f3909cd48ecec9c83d6b0866dacf59dbc2300d3186ca7971b6e
Urban Night,2026-08-07T18:00:00,,"301 S Main St, Goshen, IN 46526-3724, United States","301 S Main St, Goshen, IN 46526-3724, United States",Goshen,IN,,,Goshen events index,https://allevents.in/goshen/all,https://allevents.in/goshen/urban-night/200030501948747,C,Community,https://cdn-ip.allevents.in/s/rs:fill:500:250/g:sm/sh:100/aHR0cHM6Ly9jZG4tYXouYWxsZXZlbnRzLmluL2V2ZW50czcvYmFubmVycy9iY2MzZmYyOTE4NjY0N2RkZGY5MmU5OWI5YzNhZTRhMjdjZmNkNTczMjAyMWRiNGM5MzBiNmYyMzVhOWM0OGNkLXJpbWctdzEyMDAtaDYyOC1kYzE4MTgxOC1nbWlyP3Y9MTc4NTc2NDAyNw.avif,30,CONFIRMED,9,08f59c42348d85e421c0179ef95c22408f2390a6c43bb23da351ffc5f4cc5b7e
"Comedy Night Starring SHAMA MREMA with Bailey Hostetler at Funny Pharm Comedy Club in Goshen, IN",2026-08-07T19:30:00,,"1100 Chicago Ave, Goshen, IN 46528-1900, United States","1100 N Chicago Ave, Goshen, IN 46528-1900, United States",Goshen,IN,,,Goshen events index,https://allevents.in/goshen/all,https://allevents.in/goshen/comedy-night-starring-shama-mrema-with-bailey-hostetler-at-funny-pharm-comedy-club-in-goshen-in/200030267104042,C,Music & shows,https://cdn-ip.allevents.in/s/rs:fill:500:250/g:sm/sh:100/aHR0cHM6Ly9jZG4tYXouYWxsZXZlbnRzLmluL2V2ZW50czUvYmFubmVycy8wMDg1NGQ0MmMyZWU0OWY5ZmM2NmQ1ZjBhZTAyYWIwNjMxNTkxMzY4MDVjOGU3Mjk0NWNjNGJlMzc5MjRmNThjLXJpbWctdzc4MC1oNTIwLWRjMTgxODE4LWdtaXI_dj0xNzg1Njk2MDQ3.avif,30,CONFIRMED,9,17d427aacc0e974707f4b287e1028544c2ff2f0db5ba2dce7a9f579184e2b9e2
The Birthplace Hospital Group Tour,2026-08-08T00:00:00,,Goshen Hospital,"200 High Park Ave, Goshen, IN 46526-4810, United States",Goshen,IN,,,Goshen events index,https://allevents.in/goshen/all,https://allevents.in/goshen/the-birthplace-hospital-group-tour/200030112493119,C,Community,https://cdn-ip.allevents.in/s/rs:fill:500:250/g:sm/sh:100/aHR0cHM6Ly9jZG4tYXouYWxsZXZlbnRzLmluL2V2ZW50czkvYmFubmVycy84ZjFiZThiMDcxNjYzOWEwZGZmNDNiNzU0YTAyYmM5MzU5M2I4MWIxNjMwZTMwMmQ4YzUxNzdjNjhiZTk4NGFhLXJpbWctdzEyMDAtaDgwMC1kY2Y5ZjhmNi1nbWlyP3Y9MTc4MDk5NTU0Mw.avif,30,CONFIRMED,9,05ccc56c15c60a90023da22be03416c4072084d390375f256bed84e73e0aa664
Rock the Quarry | 2026,2026-08-08T08:00:00,,Fidler Pond Goshen Parks & Recreation,"1424 Lincolnway E,Goshen, Indiana",Goshen,IN,,,Goshen events index,https://allevents.in/goshen/all,https://allevents.in/goshen/rock-the-quarry-2026/200029748230231,C,Community,https://cdn-ip.allevents.in/s/rs:fill:500:250/g:sm/sh:100/aHR0cHM6Ly9jZG4tYXouYWxsZXZlbnRzLmluL2V2ZW50czYvYmFubmVycy8xYzliNDAyNDU2MzNkNjk4OGU1YjU3OGQ1ZDEyMDM4ZjUzNmYyNDYwYmJjMWQzNDg1NTI5YzkwZmM1ZmJkYWZkLXJpbWctdzEyMDAtaDgwMC1kY2E4YjhjOC1nbWlyP3Y9MTc4NTg3MDg2Ng.avif,30,CONFIRMED,9,d7e02fa9c0b2601ac5edb4f71886be63a3388b9fa2f2f241725570b38701ef48
Back to School Bash,2026-08-08T09:00:00,2026-08-08T11:00:00,"57415 Alpha Drive, Goshen, IN","57415 Alpha Dr, Goshen, IN 46528, United States",Goshen,IN,,,Goshen events index,https://allevents.in/goshen/all,https://allevents.in/goshen/back-to-school-bash/200030365670537,C,Community,https://cdn-ip.allevents.in/s/rs:fill:500:250/g:sm/sh:100/aHR0cHM6Ly9jZG4tYXouYWxsZXZlbnRzLmluL2V2ZW50czQvYmFubmVycy84MTdlYjdhMWYzM2IzNTQyZGYwYTI3ZjZkMDdkNmEwNDliOTAyY2Q1Yzc5MzY0Y2U2OTk5N2QwMjhmZmUyOTQzLXJpbWctdzEyMDAtaDY3NS1kYzM4ODhjOC1nbWlyP3Y9MTc4NTU5Nzg4Mg.avif,30,CONFIRMED,9,6213f35f9dfdecbd589cd6a36f9761b11294e551f2e1dfd2c40f100e879677e2
Splash Bash,2026-08-08T11:00:00,,"65154 County Road 21, Goshen, IN, United States, Indiana 46526","65154 County Road 21, Goshen, IN 46526-9109, United States",Goshen,IN,,,Goshen events index,https://allevents.in/goshen/all,https://allevents.in/goshen/splash-bash/200030473892233,C,Community,https://dyn-image.allevents.in/generate-image?v=4&title=Splash+Bash&date=Sat+Aug+08+2026+at+11%3A00+am&bg=4,30,CONFIRMED,9,13cd2090202087455a5f316536327019acd75ac9b90d44447bc46fbba2eae0fd
BBQ & Brew Fest 2026,2026-08-08T16:00:00,,The Elkhart County 4-H Fairgrounds,"212 W Pike St, Goshen, IN 46526, United States",Goshen,IN,,,Goshen events index,https://allevents.in/goshen/all,https://allevents.in/goshen/bbq-and-brew-fest-2026/200030023934554,C,Community,https://cdn-ip.allevents.in/s/rs:fill:500:250/g:sm/sh:100/aHR0cHM6Ly9jZG4tYXouYWxsZXZlbnRzLmluL2V2ZW50czUvYmFubmVycy8zNDkxM2QwNzcxNzdiNDgzMzA1MzM5OWY4ZjhiMWVjMGQ0NGY5NmZiM2VjODUwNDIyZGY0ZTI5ZjBlZTFiNjg5LXJpbWctdzEyMDAtaDQwMC1kYzI4MTgyOC1nbWlyP3Y9MTc4NTYxOTk3OA.avif,30,CONFIRMED,9,7707bf684bda50d6edb9ba89af071ab63c62d8958e7d8bc7f941a4ee4e4a3690
"Sander van Doorn, Rob Tissera, Lisa Lashes, Eddie Halliwell, Kidd Kaos, Guy Alexander in Plymouth",2026-08-08T16:00:00,2026-08-08T18:00:00,The Depo,"The Depo, Plymouth, EN, United Kingdom",Plymouth,EN,,,Plymouth events index,https://allevents.in/plymouth/all,https://allevents.in/plymouth/sander-van-doorn-rob-tissera-lisa-lashes-eddie-halliwell-kidd-kaos-guy-alexander-in-plymouth/3300029957575631,C,Community,https://cdn-ip.allevents.in/s/rs:fill:500:250/g:sm/sh:100/aHR0cHM6Ly9jZG4tYXouYWxsZXZlbnRzLmluL2V2ZW50czgvYmFubmVycy8wOTQzZjAwMC0zYTA5LTExZjEtYmQxZi1mMWUxMGYwM2JlNmYtcmltZy13MTIwMC1oNjc1LWRjMTYxNjE2LWdtaXIud2VicD92PTE3NzYzOTQ1OTE.avif,30,CONFIRMED,9,bfc9dfb29d816ea2f0c4127f47f50fb4d0093f642293aa7b556e77a4cbcf4ddd
Festival of Hope,2026-08-08T17:00:00,2026-08-08T21:00:00,Goshen Brewing Company,"315 W Washington St, Goshen, IN 46526-3732, United States",Goshen,IN,,,Goshen events index,https://allevents.in/goshen/all,https://allevents.in/goshen/festival-of-hope/200030336453308,C,Festivals,https://cdn-ip.allevents.in/s/rs:fill:500:250/g:sm/sh:100/aHR0cHM6Ly9jZG4tYXouYWxsZXZlbnRzLmluL2V2ZW50czMvYmFubmVycy85YzI3MzZkZmJlNmQxMzViMWQ3MDYyZjFkMzEzMmY5ZmIxNmM3YzU1N2E4ZTdkODk0ZGM0YzA3NmZlOWM3NTRjLXJpbWctdzEyMDAtaDYyOC1kY2Y4ZjhmOC1nbWlyP3Y9MTc4NTY5NjA1MA.avif,30,CONFIRMED,12,1d6b640b2f0e01002f0c06470b598a3f0a7e10383ab03de998b3874d7b0dbe3b
"The 1985 - Totally 80's Mixtape LIVE @ BBQ and Brew Festival | Elkhart, IN",2026-08-08T20:00:00,,Elkhart Co. 4-H Fairgrounds,"Goshen, Indiana",Goshen,IN,,,Goshen events index,https://allevents.in/goshen/all,https://allevents.in/goshen/the-1985-totally-80s-mixtape-live-bbq-and-brew-festival-elkhart-in/200030472888324,C,Arts & learning,https://cdn-ip.allevents.in/s/rs:fill:500:250/g:sm/sh:100/aHR0cHM6Ly9jZG4tYXouYWxsZXZlbnRzLmluL2V2ZW50czQvYmFubmVycy81MTg0YzQwN2EzMDdjZDk2MjIyZTk3MzllNWI4MDJkNDNlOWE5NWMyYTU1OGQ2MzhjZmFkN2I5MTI5NDJhNDhlLXJpbWctdzEyMDAtaDY3NS1kYzA4MDgwOC1nbWlyP3Y9MTc4NTg4OTIwMw.avif,30,CONFIRMED,12,ab50205b01119f844d9f9c1365248b53974b9f4eb69d73019410ee82000a3af0
Sander van Doorn in Plymouth,2026-08-08T23:55:00,2026-08-09T01:55:00,THÊ DEPØ VENUE,"THÊ DEPØ VENUE, Plymouth, EN, United Kingdom",Plymouth,EN,,,Plymouth events index,https://allevents.in/plymouth/all,https://allevents.in/plymouth/sander-van-doorn-in-plymouth/3300030222784331,C,Community,https://cdn-ip.allevents.in/s/rs:fill:500:250/g:sm/sh:100/aHR0cHM6Ly9jZG4tYXouYWxsZXZlbnRzLmluL2V2ZW50czEvYmFubmVycy85ZWRlMjNjMC02NWFhLTExZjEtYmE1Mi1iZmQ4NTM2YWNlOTUtcmltZy13MTIwMC1oNjc1LWRjMTYxNjE2LWdtaXIud2VicD92PTE3ODExOTE4OTE.avif,30,CONFIRMED,9,62383c7f89498c46476aec5b242725cc052b712b32575bba81010e054de5c19d
British Firework Championships,2026-08-12T16:00:00,2026-08-13T22:00:00,Plymouth Hoe,,Plymouth,EN,,,Plymouth events index,https://allevents.in/plymouth/all,https://allevents.in/plymouth/british-firework-championships/200029646083756,C,Community,https://cdn-ip.allevents.in/s/rs:fill:500:250/g:sm/sh:100/aHR0cHM6Ly9jZG4tYXouYWxsZXZlbnRzLmluL2V2ZW50czkvYmFubmVycy9hNzAyMzdhM2UxNmU1MjQ3MTI1ZDFmZTZjNzE1MTZmZWZlZDYxODg5NjFkNjMzMTcwNmFjZmIwYmIxOTFlNWEwLXJpbWctdzEyMDAtaDY3NS1kYzA4MDgwOC1nbWlyP3Y9MTc4NTY3MjYxNA.avif,30,CONFIRMED,9,dbfd065c8fc42c83bc1a85849973cf641ebe7661e13f749229d3f9d41b838d7e
Talk Time! English Conversations,2026-08-13T17:30:00,2026-08-13T18:30:00,"601 S 5th St, Goshen, IN, United States, Indiana 46526","601 S 5th St, Goshen, IN 46526-3969, United States",Goshen,IN,,,Goshen events index,https://allevents.in/goshen/all,https://allevents.in/goshen/talk-time-english-conversations/200030495931509,C,Community,https://cdn-ip.allevents.in/s/rs:fill:500:250/g:sm/sh:100/aHR0cHM6Ly9jZG4tYXouYWxsZXZlbnRzLmluL2V2ZW50czkvYmFubmVycy8zYjUzZmMzMDIzZmE4NjgxMmVlMzA4ODU5ZDljNjRiNzlhOTE0Y2EzYzBjOTVjOGNkYzIxYzBkYWU2OWY1ZDNlLXJpbWctdzEyMDAtaDYyOC1kYzY4ODgzOC1nbWlyP3Y9MTc4NTY2MTY4OQ.avif,30,CONFIRMED,9,df778d870d4cc8ef0cd3e2bf4604e46078cc1f2c5f42691cac762d089f1dbbe4
Free Movie Night Spider-Man: No Way Home,2026-08-14T18:30:00,,Pringle Park,"1912 W Lincoln Ave, Goshen, IN 46526-5907, United States",Goshen,IN,,,Goshen events index,https://allevents.in/goshen/all,https://allevents.in/goshen/free-movie-night-spider-man-no-way-home/200030476216755,C,Music & shows,https://cdn-ip.allevents.in/s/rs:fill:500:250/g:sm/sh:100/aHR0cHM6Ly9jZG4tYXouYWxsZXZlbnRzLmluL2V2ZW50czUvYmFubmVycy81MjE5ODIzMmMyNjY4Y2IwZWQxMDdkOWE3ZGIyNzkyODJmZGRiZDI2ZDk2ZGI4YTE2MTg5YmE2NjJlMmQ4OWFkLXJpbWctdzEyMDAtaDE1NTMtZGMxNTE3MjgtZ21pcj92PTE3ODUzMzE4NTU.avif,30,CONFIRMED,9,0d11d374386aa5b940b184529c230c8e0dea97a17d72b106d87829ce2b9b8a10
Latin Dance JAM!,2026-08-14T19:00:00,2026-08-14T22:00:00,GoDance Studio,"233 S Main St, Goshen, IN 46526-3722, United States",Goshen,IN,,,Goshen events index,https://allevents.in/goshen/all,https://allevents.in/goshen/latin-dance-jam/200030498236820,C,Music & shows,https://cdn-ip.allevents.in/s/rs:fill:500:250/g:sm/sh:100/aHR0cHM6Ly9jZG4tYXouYWxsZXZlbnRzLmluL2V2ZW50czEwL2Jhbm5lcnMvMjNhNDdkNDAxNjExOTkzMzAxMmVjNWUwMmY3Mzg0YzYzN2VkNzY5YzcwYjJkZmM4MTU0NmZmMjUxNzg4YjliMi1yaW1nLXc5NTktaDY3OC1kYzE4MTgxOC1nbWlyP3Y9MTc4NTcwMjIwMA.avif,30,CONFIRMED,9,569e9f465663d953dec367c8893f9d0bf4103e405c5d47fe7c021bcd5f9cee74
The Bar-Kays in Elkhart,2026-08-14T19:00:00,2026-08-14T21:00:00,The Lerner Theatre,"The Lerner Theatre, Goshen, IN, United States",Goshen,IN,,,Goshen events index,https://allevents.in/goshen/all,https://allevents.in/goshen/the-bar-kays-in-elkhart/3300029740918308,C,Arts & learning,https://cdn-ip.allevents.in/s/rs:fill:500:250/g:sm/sh:100/aHR0cHM6Ly9jZG4tYXouYWxsZXZlbnRzLmluL2V2ZW50czEwL2Jhbm5lcnMvODk1ZDQ5MzAtMTNkNS0xMWYxLTgzOWQtNDMzMWNlYzY3MjRiLXJpbWctdzEyMDAtaDY3NS1kYzAxMDEwMS1nbWlyLndlYnA_dj0xNzcyMTk0MzI4.avif,30,CONFIRMED,9,fe314cfd5a070a133847643e699ae99b34696251fbc16029c7ffbb999e1c2a74
"Live Comedy Show Night with Ventriloquist David Pendleton at Funny Pharm Comedy Club in Goshen, IN",2026-08-14T19:30:00,2026-08-14T21:00:00,"1100 Chicago Ave, Goshen, IN 46528-1900, United States","1100 N Chicago Ave, Goshen, IN 46528-1900, United States",Goshen,IN,,,Goshen events index,https://allevents.in/goshen/all,https://allevents.in/goshen/live-comedy-show-night-with-ventriloquist-david-pendleton-at-funny-pharm-comedy-club-in-goshen-in/200030112493924,C,Music & shows,https://cdn-ip.allevents.in/s/rs:fill:500:250/g:sm/sh:100/aHR0cHM6Ly9jZG4tYXouYWxsZXZlbnRzLmluL2V2ZW50czMvYmFubmVycy80ZWExMGQ0N2EzYTlkNjY3MzMzNWQyNTUwZjA3MGIwMzk1NjNkYWI0MjNkMDRiYjZhNDVjNzJhNzM3M2RjMzUwLXJpbWctdzEyMDAtaDE1NTMtZGMzOGI4ZjgtZ21pcj92PTE3ODU1NDczNDQ.avif,30,CONFIRMED,9,dc1fa904067931c52470eb6c73aa64b36ddbb57a1cdcca2146f6b12d6c469364
Celebration of Life for Teresa Douglas (TW),2026-08-15T13:00:00,2026-08-15T16:00:00,Ryan's Place,"1600 Regent St, Goshen, IN 46526, United States",Goshen,IN,,,Goshen events index,https://allevents.in/goshen/all,https://allevents.in/goshen/celebration-of-life-for-teresa-douglas-tw/200030498181850,C,Festivals,https://cdn-ip.allevents.in/s/rs:fill:500:250/g:sm/sh:100/aHR0cHM6Ly9jZG4tYXouYWxsZXZlbnRzLmluL2V2ZW50czEwL2Jhbm5lcnMvNTczZmQwZGIxMGFlOTNiODY4OWI5YjYxMjMxNGUxYjNkNzA3NTY0YmJiODY2YjczNDI5ODNhMzIzNzExNzE0MC1yaW1nLXcxMjAwLWgxNjAwLWRjOTg3ODY4LWdtaXI_dj0xNzg1NzAxODcw.avif,30,CONFIRMED,9,f6a361c761dac7a98d1cf0a892b4ff06c7e81d035c19f98bd98c02a52655dbbd
Anniversary Party- Picnic and Dance,2026-08-15T15:00:00,,"233 S Main St, Goshen, IN, United States, Indiana 46526","233 S Main St, Goshen, IN 46526-3722, United States",Goshen,IN,,,Goshen events index,https://allevents.in/goshen/all,https://allevents.in/goshen/anniversary-party-picnic-and-dance/200030498548122,C,Music & shows,https://cdn-ip.allevents.in/s/rs:fill:500:250/g:sm/sh:100/aHR0cHM6Ly9jZG4tYXouYWxsZXZlbnRzLmluL2V2ZW50czYvYmFubmVycy80NzFjMDgxZmUxMzBjODQ2YTdhY2ZjMDk1MzMwMDgwZWJjMDRhOWQwZTk5ZTI5MzJkODlmNDRjZGJiZDMzZGFkLXJpbWctdzEyMDAtaDYyOS1kY2Q4ZDhkOC1nbWlyP3Y9MTc4NTcwNzEyMg.avif,30,CONFIRMED,9,48051020a7e17564385fee2ed3cf7f708f25d694e47e338197e5d9de99c1a15a
"Live Comedy Show Night Starring Ventriloquist Dave Pendleton at Funny Pharm Comedy Club in Goshen, I",2026-08-15T19:30:00,2026-08-15T21:00:00,"1100 Chicago Ave, Goshen, IN 46528-1900, United States","1100 N Chicago Ave, Goshen, IN 46528-1900, United States",Goshen,IN,,,Goshen events index,https://allevents.in/goshen/all,https://allevents.in/goshen/live-comedy-show-night-starring-ventriloquist-dave-pendleton-at-funny-pharm-comedy-club-in-goshen-i/200030112487357,C,Music & shows,https://cdn-ip.allevents.in/s/rs:fill:500:250/g:sm/sh:100/aHR0cHM6Ly9jZG4tYXouYWxsZXZlbnRzLmluL2V2ZW50czkvYmFubmVycy8wN2E1YjVlMTdjMzE5N2ViMzU1MGNlN2Y3NGE0Njg5OTQ5ODEwYmI3ZDZlOTc0ODYxMmZiZTI3YjIwYzU3NjMwLXJpbWctdzEyMDAtaDE1NTMtZGMzOGI4ZjgtZ21pcj92PTE3ODU2OTYwNDk.avif,30,CONFIRMED,9,05033078aa8dead6eca6f64faa94c8c7d7e4973df3397a61b964f2dd9a7c8131
Build Your Own Band Fest,2026-08-15T20:00:00,,"216 S Main St., Goshen, IN, United States, Indiana 46526","216 S Main St, Goshen, IN 46526-3723, United States",Goshen,IN,,,Goshen events index,https://allevents.in/goshen/all,https://allevents.in/goshen/build-your-own-band-fest/200030295275401,C,Community,https://cdn-ip.allevents.in/s/rs:fill:500:250/g:sm/sh:100/aHR0cHM6Ly9jZG4tYXouYWxsZXZlbnRzLmluL2V2ZW50czEvYmFubmVycy81YTljMWQ0ODk0NjE4MTJhZDdiNjk0MDI0Yjc2YjA0MjJlYTkxNzY0ZjYyYWI3MWUwYjNhYWQ3NGQ2YTdhOTgxLXJpbWctdzEyMDAtaDY3NS1kY2Y4ZjhmOC1nbWlyP3Y9MTc4NTQ1MjU0Mw.avif,30,CONFIRMED,9,29082f152cc3c96bca2e6b1011117387a3aa9e06c7ec545d9dbfc12986989f5d
2026 International FROG Rally,2026-08-16T09:00:00,2026-08-22T16:00:00,Elkhart County 4-H Fair,"17746 County Road 34, Goshen, IN 46528-9201, United States",Goshen,IN,,,Goshen events index,https://allevents.in/goshen/all,https://allevents.in/goshen/2026-international-frog-rally/200030470944659,C,Community,https://cdn-ip.allevents.in/s/rs:fill:500:250/g:sm/sh:100/aHR0cHM6Ly9jZG4tYXouYWxsZXZlbnRzLmluL2V2ZW50czEwL2Jhbm5lcnMvNjUxMTNjNWIxYmQ4ODUyNjkyYzY5YzRjYmQwOWQyODRkYjAwNmFlNTk3MDQ1ZmYxZTIyN2ZlZjNmOTYwMDhiNy1yaW1nLXcxMjAwLWgzODQtZGMwODY4NDgtZ21pcj92PTE3ODU4OTU0NTg.avif,30,CONFIRMED,9,24aee75edffc1518ed6afa867707c2263f90f2fcddca1a37fde380838df557a7
Corey Mann & Jason Gray at Funny Pharm Comedy Club,2026-08-21T19:30:00,2026-08-21T21:30:00,"Goshen, Indiana","Goshen, Indiana",Goshen,IN,,,Goshen events index,https://allevents.in/goshen/all,https://allevents.in/goshen/corey-mann-and-jason-gray-at-funny-pharm-comedy-club/200030508389655,C,Music & shows,https://cdn-ip.allevents.in/s/rs:fill:500:250/g:sm/sh:100/aHR0cHM6Ly9jZG4tYXouYWxsZXZlbnRzLmluL2V2ZW50czYvYmFubmVycy84N2UzNDgxYzZjNzNiMDVjYzY1YzYyNmM1MWMxNGQyY2Y2NzNkMjkwZTk4NmY5ODhjNzQwYzM2MTYyNTY1YzFiLXJpbWctdzEwODAtaDEwODAtZGMwODA4MDgtZ21pcj92PTE3ODU4NzA3MTM.avif,30,CONFIRMED,9,d7b673f29423727de97450c48792da7a6ca2ceeb942f6af1bc238922f0a27cbe
Joseph and the Amazing Technicolor Dreamcoat,2026-08-21T19:30:00,2026-08-21T21:30:00,"216 S Main St, Goshen, IN, United States, Indiana 46526","216 S Main St, Goshen, IN 46526-3723, United States",Goshen,IN,,,Goshen events index,https://allevents.in/goshen/all,https://allevents.in/goshen/joseph-and-the-amazing-technicolor-dreamcoat/200030495931813,C,Community,https://cdn-ip.allevents.in/s/rs:fill:500:250/g:sm/sh:100/aHR0cHM6Ly9jZG4tYXouYWxsZXZlbnRzLmluL2V2ZW50czEwL2Jhbm5lcnMvMmExNGQyMzllY2YyZTczMjYxZTMyNzg1YzQ1ZjAxMThkNGJkOWI3ZDE4MWRlMjJiNjQ1YjBiMzYwMTczNmU1Ni1yaW1nLXcxMjAwLWg2MjgtZGMwODA4MDgtZ21pcj92PTE3ODU2NjE2OTM.avif,30,CONFIRMED,9,7270152fa85a157a7ac3911aaff53a565ca0350bb71b3cf9b3dc0d996dac4254
Live Comedy Show & Concert Night Starring Corey Mann & Jason Gray at Funny Pharm Comedy Club- Goshen,2026-08-21T19:30:00,2026-08-21T21:15:00,"1100 Chicago Ave, Goshen, IN 46528-1900, United States","1100 N Chicago Ave, Goshen, IN 46528-1900, United States",Goshen,IN,,,Goshen events index,https://allevents.in/goshen/all,https://allevents.in/goshen/live-comedy-show-and-concert-night-starring-corey-mann-and-jason-gray-at-funny-pharm-comedy-club-gos/200030136675358,C,Music & shows,https://cdn-ip.allevents.in/s/rs:fill:500:250/g:sm/sh:100/aHR0cHM6Ly9jZG4tYXouYWxsZXZlbnRzLmluL2V2ZW50czEvYmFubmVycy9hYTUwYmU2ZGRmMjUwZjA1NTI4NWI3ZDdmZGI3OWZiNTAzYmRhMTdkOWI5NGRmMDQwOGE4NTdhNjBlNTQzMWVkLXJpbWctdzEyMDAtaDE1MDAtZGNhODk4ODgtZ21pcj92PTE3ODU5NjQ4NjY.avif,30,CONFIRMED,9,c43c6af8a2b62768b24ef2d5b1be0f4818a4e9f67d76426131fa06c49a025806
Fabio & Grooverider,2026-08-21T21:00:00,,"33 Union Street, PL1 3LU Plymouth, United Kingdom","33 Union Street, Plymouth, PL1 3HD, United Kingdom",Plymouth,EN,,,Plymouth events index,https://allevents.in/plymouth/all,https://allevents.in/plymouth/fabio-and-grooverider/200030151561713,C,Community,https://cdn-ip.allevents.in/s/rs:fill:500:250/g:sm/sh:100/aHR0cHM6Ly9jZG4tYXouYWxsZXZlbnRzLmluL2V2ZW50czEvYmFubmVycy81NTZiYzgxNDNjY2QxYzdkZGI4NjFlN2M1MmE3MWVhMzgzZjc5OTAyNjhmNDVjNjFiZTNkYTZiZTlmNzk0ZDdlLXJpbWctdzEyMDAtaDYyOC1kYzA4MDgwOC1nbWlyP3Y9MTc4NTY1MzQ5Mw.avif,30,CONFIRMED,9,86f1ac44af1cdb2bcd12e5db94eb0d3d42c6c6fe5fe3627fad9b0db3eee3b32e
2026 Cars & Motorcycles for a Cause Auto Show,2026-08-22T10:00:00,2026-08-22T14:00:00,"62226 County Road 15, Goshen, IN, United States, Indiana 46526","62226 County Road 15, Goshen, IN 46526-9438, United States",Goshen,IN,,,Goshen events index,https://allevents.in/goshen/all,https://allevents.in/goshen/2026-cars-and-motorcycles-for-a-cause-auto-show/200029872247143,C,Community,https://cdn-ip.allevents.in/s/rs:fill:500:250/g:sm/sh:100/aHR0cHM6Ly9jZG4tYXouYWxsZXZlbnRzLmluL2V2ZW50czEwL2Jhbm5lcnMvOGFkMWU0MWJiMTE5NjcwOGQ4YzEzZjI5NzNhMjZlZWNmNDBlNzMwOGM3ZGU1YTdhODU2MGU3OTNjYTc2OWUwYy1yaW1nLXcxMjAwLWg2NzUtZGMwODA4MDgtZ21pcj92PTE3ODU3OTc0MjE.avif,30,CONFIRMED,9,d9176a64c890b3ad561657f494b219884cee6665a80304c0f7a5b01a640ba8cf
Live Comedy Show & Concert Night Starring Corey Mann & Jason Gray at Funny Pharm Comedy Club-Goshen,2026-08-22T19:30:00,2026-08-22T21:15:00,"1100 Chicago Ave, Goshen, IN 46528-1900, United States","1100 N Chicago Ave, Goshen, IN 46528-1900, United States",Goshen,IN,,,Goshen events index,https://allevents.in/goshen/all,https://allevents.in/goshen/live-comedy-show-and-concert-night-starring-corey-mann-and-jason-gray-at-funny-pharm-comedy-club-gos/200030136675057,C,Music & shows,https://cdn-ip.allevents.in/s/rs:fill:500:250/g:sm/sh:100/aHR0cHM6Ly9jZG4tYXouYWxsZXZlbnRzLmluL2V2ZW50czMvYmFubmVycy80MzM3NWFmZTJjMjIyNjgxNWFjZGJmYTBmYjcyM2EyNmJhMWU4MDg0ZmZiNWZlMTg2MjYzMTQ4NWMyZjUxNTBhLXJpbWctdzEyMDAtaDE1MDAtZGNhODk4ODgtZ21pcj92PTE3ODU4NzA4NzM.avif,30,CONFIRMED,9,c0a5beab78b4e9fdc4a5226a894d061a803be22fdca9b2c4db1067513503eabe
West End Carnival,2026-08-29T11:00:00,,Plymouth City Centre,"11 Market Avenue, Plymouth, PL1 1, United Kingdom",Plymouth,EN,,,Plymouth events index,https://allevents.in/plymouth/all,https://allevents.in/plymouth/west-end-carnival/200030166103712,C,Festivals,https://cdn-ip.allevents.in/s/rs:fill:500:250/g:sm/sh:100/aHR0cHM6Ly9jZG4tYXouYWxsZXZlbnRzLmluL2V2ZW50czgvYmFubmVycy8yMGIwMTQ1Y2FkNzkzNGNlZDJkMjk5OWRhNDNhOWJhMGVlNzQzYTM2MGUyODc5NWMyY2RiY2E0NjM1NTY0MzY4LXJpbWctdzEyMDAtaDkwNC1kY2E0YzZmMS1nbWlyP3Y9MTc4NTM3NjIzMw.avif,30,CONFIRMED,12,16f17496e60b5b07d9b05094b49446fd9d3e60e5dd1b3d9a08ec1dfb79edef19
Candlelight: Tribute to ABBA,2026-08-29T18:30:00,2026-08-29T20:30:00,National Marine Aquarium,"Rope Walk, Coxside, Plymouth",Plymouth,EN,,GBP 16 to 46,Plymouth events index,https://allevents.in/plymouth/all,https://allevents.in/plymouth/candlelight-tribute-to-abba/2700026403146310,C,Community,https://cdn-ip.allevents.in/s/rs:fill:500:250/g:sm/sh:100/aHR0cHM6Ly9jZG4tYXouYWxsZXZlbnRzLmluL2V2ZW50czQvYmFubmVycy8wZTk5OTY5MC04ZmMyLTExZjEtYWY1YS0xN2NlNGVhNTQzNDEtcmltZy13NTUwLWg1NTAtZGMwODA4MDgtZ21pci5qcGc_dj0xNzg1ODE5OTA1.avif,30,CONFIRMED,9,a1b0d897060adea775fe1211cdde525facbff5799b505741980a5e1639d88389
Candlelight: The Best of Hans Zimmer,2026-08-29T20:30:00,,National Marine Aquarium,"Rope Walk, Coxside, Plymouth",Plymouth,EN,,GBP 15 to 50,Plymouth events index,https://allevents.in/plymouth/all,https://allevents.in/plymouth/candlelight-the-best-of-hans-zimmer/2700025954935105,C,Community,https://cdn-ip.allevents.in/s/rs:fill:500:250/g:sm/sh:100/aHR0cHM6Ly9jZG4tYXouYWxsZXZlbnRzLmluL2V2ZW50czIvYmFubmVycy8xM2ZjMTEzMC04ZmMyLTExZjEtYWY1YS0xN2NlNGVhNTQzNDEtcmltZy13NTUwLWg1NTAtZGMwODA4MDgtZ21pci5qcGc_dj0xNzg1ODE5OTE0.avif,30,CONFIRMED,9,a2b3f115962b301f126dccb721069a9c037a13cd2e2af97dfe9c41ca869c3417
Candlelight: Tribute to Pink Floyd,2026-08-29T20:30:00,2027-01-16T19:00:00,National Marine Aquarium,"Rope Walk, Coxside, Plymouth",Plymouth,EN,,GBP 15 to 42,Plymouth events index,https://allevents.in/plymouth/all,https://allevents.in/plymouth/candlelight-tribute-to-pink-floyd/2700025954934801,C,Community,https://cdn-ip.allevents.in/s/rs:fill:500:250/g:sm/sh:100/aHR0cHM6Ly9jZG4tYXouYWxsZXZlbnRzLmluL2V2ZW50czgvYmFubmVycy8wOWFiM2E4MC04ZmMyLTExZjEtODhkYy1lMzg1NmViMjU2OGYtcmltZy13NTUwLWg1NTAtZGMyODI4MjgtZ21pci5qcGc_dj0xNzg1ODE5ODk3.avif,30,CONFIRMED,9,1d0230040a59259acf1dc21cbf5676e2c6d38c515cabbb9590c4bb843e94c34e
2026 National Owners Rally,2026-08-31T12:00:00,2026-09-03T12:00:00,Elkhart County 4-H Fairgrounds,"17746 County Road 34, Goshen, IN 46528-9201, United States",Goshen,IN,,,Goshen events index,https://allevents.in/goshen/all,https://allevents.in/goshen/2026-national-owners-rally/200030183474518,C,Community,https://cdn-ip.allevents.in/s/rs:fill:500:250/g:sm/sh:100/aHR0cHM6Ly9jZG4tYXouYWxsZXZlbnRzLmluL2V2ZW50czEvYmFubmVycy83YTI0ZjVjMjlmMDBjMzdiMjUzM2Q4NDgzNTIzMzJlZDdmMTQ2ZjQ5OTljMjI2ZTM4Y2RjMDYyZDk4MGY1MDkzLXJpbWctdzY0MC1oMzIwLWRjNDg1ODM4LWdtaXI_dj0xNzg1ODcwNzEz.avif,30,CONFIRMED,9,bdaeaea9985fcda3ad1e6855c147b53c53a3354443cda5eb19026817df2af8c5
"Live Concert Starring CADE THOMPSON at Funny Pharm in Goshen, IN",2026-09-04T07:30:00,2026-09-04T09:00:00,"1100 Chicago Ave, Goshen, IN 46528-1900, United States","1100 N Chicago Ave, Goshen, IN 46528-1900, United States",Goshen,IN,,,Goshen events index,https://allevents.in/goshen/all,https://allevents.in/goshen/live-concert-starring-cade-thompson-at-funny-pharm-in-goshen-in/200030267103639,C,Music & shows,https://cdn-ip.allevents.in/s/rs:fill:500:250/g:sm/sh:100/aHR0cHM6Ly9jZG4tYXouYWxsZXZlbnRzLmluL2V2ZW50czUvYmFubmVycy84NThjZjdjZDY0NmVjZDk1MWI0MTRmYTY1Y2ZlNDc0MzY3Yzg4MjRjMWEzZTk0ODRhOTQ3MGVhY2I1ZWUyMmI5LXJpbWctdzEyMDAtaDY3NS1kYzg4Nzg1OC1nbWlyP3Y9MTc4NTY5NjA2NQ.avif,30,CONFIRMED,9,46a6972126eba223a0c68bc96ee6c6ff134254d35e28b1287c9c881260c41a46
Bexbach Bash | September First Fridays,2026-09-04T17:00:00,2026-09-04T21:00:00,"324 South Fifth Street, Goshen, IN, United States, Indiana 46528","324 S 5th St, Goshen, IN 46528-3716, United States",Goshen,IN,,,Goshen events index,https://allevents.in/goshen/all,https://allevents.in/goshen/bexbach-bash-september-first-fridays/200029788938913,C,Festivals,https://cdn-ip.allevents.in/s/rs:fill:500:250/g:sm/sh:100/aHR0cHM6Ly9jZG4tYXouYWxsZXZlbnRzLmluL2V2ZW50czgvYmFubmVycy9iNmZiYmE1N2ZlY2RlMmZiNzA0ZjI3ZDFjN2ZjN2NjMGMyNDdlZDYxOTY4MTk0YzY5ZmVmMDJkNzZkYmIxZmMyLXJpbWctdzEyMDAtaDYyOC1kYzA4MDgwOC1nbWlyP3Y9MTc4NTQzMTkyMw.avif,30,CONFIRMED,9,dc973e05b0317a15a71423a3543045905d04ae0a7234c5d0e773d5fc8c8fc2f0
The Dead South in Plymouth,2026-09-04T19:30:00,2026-09-04T21:30:00,Plymouth Arena,"Plymouth Arena, Plymouth, EN, United Kingdom",Plymouth,EN,,,Plymouth events index,https://allevents.in/plymouth/all,https://allevents.in/plymouth/the-dead-south-in-plymouth/3300029650666547,C,Community,https://cdn-ip.allevents.in/s/rs:fill:500:250/g:sm/sh:100/aHR0cHM6Ly9jZG4tYXouYWxsZXZlbnRzLmluL2V2ZW50czEvYmFubmVycy8zODk0YjQ1MC0wNzI1LTExZjEtYWZkMC0xZjZjNzYyNTUyMjYtcmltZy13MTIwMC1oNjc1LWRjMDIwNjA3LWdtaXIud2VicD92PTE3NzA3OTkxODc.avif,30,CONFIRMED,9,a72fd6130815d4e3eafac5d132c6f5cad3e98fcd3b20b5fb66e709f73e211485
Candlelight: Ed Sheeran & Coldplay,2026-09-06T20:00:00,2026-11-08T18:00:00,National Marine Aquarium,"Rope Walk, Coxside, Plymouth",Plymouth,EN,,GBP 15 to 42,Plymouth events index,https://allevents.in/plymouth/all,https://allevents.in/plymouth/candlelight-ed-sheeran-and-coldplay/2700026918354006,C,Community,https://cdn-ip.allevents.in/s/rs:fill:500:250/g:sm/sh:100/aHR0cHM6Ly9jZG4tYXouYWxsZXZlbnRzLmluL2V2ZW50czcvYmFubmVycy8wYWI1Y2NiMC04ZmMyLTExZjEtODhkYy1lMzg1NmViMjU2OGYtcmltZy13NTUwLWg1NTAtZGNmOGM4MDgtZ21pci5qcGc_dj0xNzg1ODE5ODk5.avif,30,CONFIRMED,9,d8f6684d3ea5beaf3002a44a5e31b441b757c268f01c99d0070380b7e405821c
Baga Chipz - Bagz to Riches,2026-09-11T18:30:00,2026-09-11T20:30:00,The Devonport Playhouse,"6C Fore Street, Devonport",Plymouth,EN,,,Plymouth events index,https://allevents.in/plymouth/all,https://allevents.in/plymouth/baga-chipz-bagz-to-riches/300042534081,C,Community,https://cdn-ip.allevents.in/s/rs:fill:500:250/g:sm/sh:100/aHR0cHM6Ly9jZG4tYXouYWxsZXZlbnRzLmluL2V2ZW50czkvYmFubmVycy85ZWQyNjQ0ZGZhNWFjODExNmVjNDA2MDI4ZWVhYzQ3YzEzYzg4ZGUwZTZkYTgxZDQzZjkxMDEzZGMzMTM3ZjRlLXJpbWctdzQwMC1oNDAwLWRjMTgxODE4LWdtaXIucG5nP3Y9MTc4Mzg0OTY4NA.avif,30,CONFIRMED,9,df96f00599830668ad4198d7ec17f310008c230978567898addb0b86379f5f60
"Comedy Night Starring JOHN BRANYAN at Funny Pharm Comedy Club in Goshen, IN",2026-09-11T19:30:00,2026-09-11T21:00:00,"1100 Chicago Avenue (The Bag Factory building-downstairs), Goshen, IN, United States, Indiana 46528","1100 N Chicago Ave, Goshen, IN 46528-1900, United States",Goshen,IN,,,Goshen events index,https://allevents.in/goshen/all,https://allevents.in/goshen/comedy-night-starring-john-branyan-at-funny-pharm-comedy-club-in-goshen-in/200030267103135,C,Music & shows,https://cdn-ip.allevents.in/s/rs:fill:500:250/g:sm/sh:100/aHR0cHM6Ly9jZG4tYXouYWxsZXZlbnRzLmluL2V2ZW50czkvYmFubmVycy82NTUwMmI5NDljMjhjNWM0MjkzODc3MWM1ZDVmMGRjMTg2NmRiYjRkMWIzMmRmYTkyMDQ1OTU3NTk0MDhmMjM4LXJpbWctdzEyMDAtaDgwMC1kY2I4YjhjOC1nbWlyP3Y9MTc4NTY5NjA0OQ.avif,30,CONFIRMED,9,d0b4923c1bfeec57f4f8a6b5254c9b8fd43e9fc4aa88854c066c10fce4b76b2c
Touch-A-Truck 2026,2026-09-12T10:00:00,,"22045 County Road 18, Goshen, IN, United States, Indiana 46528","22045 County Road 18, Goshen, IN 46528-9526, United States",Goshen,IN,,,Goshen events index,https://allevents.in/goshen/all,https://allevents.in/goshen/touch-a-truck-2026/200030498518936,C,Community,https://cdn-ip.allevents.in/s/rs:fill:500:250/g:sm/sh:100/aHR0cHM6Ly9jZG4tYXouYWxsZXZlbnRzLmluL2V2ZW50czYvYmFubmVycy9lZGY1ZTc2ZDkxODNlYjcxYTM3ZjFlYjk2NDljY2Q3ZDIwMDEzY2VkYjdkMDg1ZmY1NjM3NjliMjVlNTZlM2U4LXJpbWctdzEyMDAtaDY3NS1kY2Y4ZThjOC1nbWlyP3Y9MTc4NTcwNjcxNQ.avif,30,CONFIRMED,9,d763a08f67aa5dc1d02bd4d16f7fb51804b685117e5d4e65c7b67b7f2320cb43
T & T Automotive cruise in,2026-09-12T11:00:00,2026-09-12T13:00:00,1795 reliance rd goshen indiana,"1901 Old County Road 17, Goshen, IN 46526-7654, United States",Goshen,IN,,,Goshen events index,https://allevents.in/goshen/all,https://allevents.in/goshen/t-and-t-automotive-cruise-in/200030245891720,C,Community,https://cdn-ip.allevents.in/s/rs:fill:500:250/g:sm/sh:100/aHR0cHM6Ly9jZG4tYXouYWxsZXZlbnRzLmluL2V2ZW50czEvYmFubmVycy9jMjExYjk2MmViNGU1OWFiYmRjMjYxOGQyNjAzMTUxN2Q4N2Y0Zjk1ZTZhNDEzMGEyOTAxMTgwMmZkYjFmNGUyLXJpbWctdzEwMjQtaDE1MzYtZGNmOGU4ZDgtZ21pcj92PTE3ODU5MDA3ODI.avif,30,CONFIRMED,9,efb4bd9bc20c2c7db90cb8dd23a968ea6d686e0a95487e402587b87d6bb949d7
Goshens Hispanic Heritage Market 2026,2026-09-12T12:00:00,2026-09-12T21:00:00,The Elkhart County 4-H Fairgrounds,"Goshen, Indiana",Goshen,IN,,,Goshen events index,https://allevents.in/goshen/all,https://allevents.in/goshen/goshens-hispanic-heritage-market-2026/200030471312902,C,Food & markets,https://cdn-ip.allevents.in/s/rs:fill:500:250/g:sm/sh:100/aHR0cHM6Ly9jZG4tYXouYWxsZXZlbnRzLmluL2V2ZW50czIvYmFubmVycy9iOWFlMDYzMTBjODJlOGQ5N2MyNzcyNGU0NWFlMzgwZTM4YmVlMDA3YzJiNDNhOTBjNzhkNGZlMTI5ZjA4OWU4LXJpbWctdzEyMDAtaDE1NTMtZGMwMTQ4YWMtZ21pcj92PTE3ODUyMjQ0MDI.avif,30,CONFIRMED,9,e2c701053bffa9b36f40b4ec958503c4f0da7f0f2c75668c3e01f82115b5d0f1
Kings of The Ring 3,2026-09-12T14:45:00,,"Goshen, Indiana","Goshen, Indiana",Goshen,IN,,,Goshen events index,https://allevents.in/goshen/all,https://allevents.in/goshen/kings-of-the-ring-3/200030344297315,C,Community,https://cdn-ip.allevents.in/s/rs:fill:500:250/g:sm/sh:100/aHR0cHM6Ly9jZG4tYXouYWxsZXZlbnRzLmluL2V2ZW50czcvYmFubmVycy83YmFiNTA2ODZlYzIzYjFlNGNkOTYwOGQyZWY4YjBmOWFmZDlmOWIwN2JmMGUyNTc2MmZjODU4YWMyY2QzODhlLXJpbWctdzEwMjMtaDE1MzctZGMwODA4MDgtZ21pcj92PTE3ODU4NzA4NzU.avif,30,CONFIRMED,9,17b8d145b7ec04ea78e7f4bd2d1d36c09d3f2e371a4c1c959ef2b498516ed11d
The Wailers in Goshen,2026-09-15T19:30:00,2026-09-15T21:30:00,Ignition Music Garage,"Ignition Music Garage, Goshen, IN, United States",Goshen,IN,,,Goshen events index,https://allevents.in/goshen/all,https://allevents.in/goshen/the-wailers-in-goshen/3300030162378348,C,Community,https://cdn-ip.allevents.in/s/rs:fill:500:250/g:sm/sh:100/aHR0cHM6Ly9jZG4tYXouYWxsZXZlbnRzLmluL2V2ZW50czkvYmFubmVycy83YTdjMTczMC01YzVlLTExZjEtOWQ5ZS1lM2FiM2JiMWE0ZmMtcmltZy13MTIwMC1oNjc1LWRjMmQyNzI3LWdtaXIud2VicD92PTE3ODAxNjk2Mjc.avif,30,CONFIRMED,9,bb86c652d9ae4444f18bcdf90745800ac2006d8ee19e9e4b0acf6c075a50f8ed
David Essex at Plymouth Pavilions,2026-09-17T00:00:00,,Plymouth Pavilions,"Milbay Road, Plymouth, PL1 3LF",Plymouth,EN,,,Plymouth events index,https://allevents.in/plymouth/all,https://allevents.in/plymouth/david-essex-at-plymouth-pavilions/2400030067376745,C,Community,https://cdn-ip.allevents.in/s/rs:fill:500:250/g:sm/sh:100/aHR0cHM6Ly9jZG4tYXouYWxsZXZlbnRzLmluL2V2ZW50czcvYmFubmVycy8yZjVkY2E4MC01OGE1LTExZjEtODBhMi1mZGNlZWFlZjFkMjUtcmltZy13MTIwMC1oNzUwLWRjMDYwNTQ5LWdtaXIuanBnP3Y9MTc3OTc2MDE5MQ.avif,30,CONFIRMED,9,a13625269dd6aaa6f2597d0bce33f85a925cb3a3c3a397fac55a34ed0d03a2c0
Ramblers Round Up 2026,2026-09-17T16:00:00,2026-09-20T10:30:00,"211 S 5th St, Goshen, IN, United States, Indiana 46528","211 S 5th St, Goshen, IN 46528-3713, United States",Goshen,IN,,,Goshen events index,https://allevents.in/goshen/all,https://allevents.in/goshen/ramblers-round-up-2026/200029851601240,C,Community,https://cdn-ip.allevents.in/s/rs:fill:500:250/g:sm/sh:100/aHR0cHM6Ly9jZG4tYXouYWxsZXZlbnRzLmluL2V2ZW50czEvYmFubmVycy84ZGVmZjZlODY0ZmE2NzM0MmQxNjAzZjQ2NzQzMmY4YTk5MDg3NTMyYmMyN2NiMDdmMTNjNDlkYzI1MTQzYjRiLXJpbWctdzEyMDAtaDYyOC1kYzA4MDgwOC1nbWlyP3Y9MTc4NTY5NjA1Mw.avif,30,CONFIRMED,9,f6241ff681a03559cbf3afcaa77fe72093dab01e483ef702da72148de582fbc2
Strand of Oaks,2026-09-18T19:30:00,2026-09-18T21:30:00,"216 S Main St, Goshen, IN, United States, Indiana 46526","216 S Main St, Goshen, IN 46526-3723, United States",Goshen,IN,,,Goshen events index,https://allevents.in/goshen/all,https://allevents.in/goshen/strand-of-oaks/200030413276814,C,Community,https://cdn-ip.allevents.in/s/rs:fill:500:250/g:sm/sh:100/aHR0cHM6Ly9jZG4tYXouYWxsZXZlbnRzLmluL2V2ZW50czcvYmFubmVycy8zMDA3ZTRjMDU1YzVjYzRiNDQwMmVjYTZhOWM3Zjg1MzJiYmNiMjg3MzFhZDc5Zjc4YWQwMDVlM2Q3Zjk1NzA5LXJpbWctdzEyMDAtaDY2OS1kYzBhMGExNi1nbWlyP3Y9MTc4NDk5NzY2NA.avif,30,CONFIRMED,9,c8ad59adcec848b3665f92b99bf8e56af1cf70ee4f3de02a79668086f9065c38
Trancecoda & Louder Present: Paul van Dyk,2026-09-18T21:00:00,2026-09-19T03:00:00,THE DEPO,33 Union Street,Plymouth,EN,,,Plymouth events index,https://allevents.in/plymouth/all,https://allevents.in/plymouth/trancecoda-and-louder-present-paul-van-dyk/300042491544,C,Community,https://cdn-ip.allevents.in/s/rs:fill:500:250/g:sm/sh:100/aHR0cHM6Ly9jZG4tYXouYWxsZXZlbnRzLmluL2V2ZW50czIvYmFubmVycy81MDRmZjg3YmJkNjg1MWM2MzRmNzgxNmVkZmIwNTA4MWJiM2YxZjZiOGZmNTJiNjc3NGRlYjAxN2IzZmVmYjkyLXJpbWctdzEwMjQtaDEwMjQtZGNlOGY4ZjgtZ21pci5qcGc_dj0xNzg1ODMyMzky.avif,30,CONFIRMED,9,3f957f99fd2d665579bc2d2171c2dbdc89f1940ab17f5a0a9ab9ae0e0b92fba0
Market Day At Tuckhill Farm,2026-09-19T10:00:00,,"13878 County Road 38, Goshen, IN, United States, Indiana 46528","13878 County Road 38, Goshen, IN 46528-9351, United States",Goshen,IN,,,Goshen events index,https://allevents.in/goshen/all,https://allevents.in/goshen/market-day-at-tuckhill-farm/200030358554649,C,Food & markets,https://cdn-ip.allevents.in/s/rs:fill:500:250/g:sm/sh:100/aHR0cHM6Ly9jZG4tYXouYWxsZXZlbnRzLmluL2V2ZW50czIvYmFubmVycy84ZWViZDlmZTk1ZDFlY2QyNGNlNzNmZDVhZTMyOTczMTkyNzZiMWNhYTIxZWRiNjRkNGE1NWQ0Y2VjMjQyYTg0LXJpbWctdzEyMDAtaDkyNy1kY2Y4ZjhmOC1nbWlyP3Y9MTc4NTQ1ODAxOA.avif,30,CONFIRMED,9,f87dac6da5875b2afda7be24ddbac22a1a039454b3139199310f12faa61b18d0
Plymouth's OFFICIAL Freshers Welcome Week 2026 🎓 - UK Largest Freshers Events - Sold out 10 years Running 🏆,2026-09-20T21:00:00,2026-10-31T03:00:00,University of Plymouth Students' Union,"University of Plymouth Students' Union, Plymouth, EN, United Kingdom",Plymouth,EN,,,Plymouth events index,https://allevents.in/plymouth/all,https://allevents.in/plymouth/plymouths-official-freshers-welcome-week-2026-uk-largest-freshers-events-sold-out-10-years-running/3600029769361016,C,Sports & outdoors,https://cdn-ip.allevents.in/s/rs:fill:500:250/g:sm/sh:100/aHR0cHM6Ly9jZG4tYXouYWxsZXZlbnRzLmluL2V2ZW50czgvYmFubmVycy8xODJkNDE2MC01NDcyLTExZjEtYjZjYi00MTgwMmM4OTkwNjktcmltZy13MTIwMC1oNjc1LWRjOTZlOGYwLWdtaXIuanBnP3Y9MTc3OTI5ODQ0Mw.avif,30,SOLD_OUT,9,7b2421381eec1b100a2f5942751b5b5fc4c8bd49474a29b0145e8bebe06d43cf
Plymouth Freshers 2026 Wristband,2026-09-20T22:00:00,2026-10-04T02:00:00,Various Venues,"Various Venues, Plymouth, EN, United Kingdom",Plymouth,EN,,,Plymouth events index,https://allevents.in/plymouth/all,https://allevents.in/plymouth/plymouth-freshers-2026-wristband/3600029987184920,C,Community,https://cdn-ip.allevents.in/s/rs:fill:500:250/g:sm/sh:100/aHR0cHM6Ly9jZG4tYXouYWxsZXZlbnRzLmluL2V2ZW50czgvYmFubmVycy9iY2JhNGU4MC04ZTZhLTExZjEtODhkYy1lMzg1NmViMjU2OGYtcmltZy13MTIwMC1oNTI3LWRjMTgxODE4LWdtaXIuanBnP3Y9MTc4NTY3MjQ1MA.avif,30,CONFIRMED,9,464994df6d2e9716adbf7dc10b78abc7d7eb2df650558a1e5ebbe03ff8fe6e7b
ULTIMATE PLYMOUTH FRESHERS 2026 ⚡️ Sold Out 15 years Running! 👕 FREE Hoodie with Every Ticket!,2026-09-20T22:00:00,2026-10-31T04:00:00,"The Depo, Spirit","The Depo, Spirit, Plymouth, EN, United Kingdom",Plymouth,EN,,,Plymouth events index,https://allevents.in/plymouth/all,https://allevents.in/plymouth/ultimate-plymouth-freshers-2026-️-sold-out-15-years-running-free-hoodie-with-every-ticket/3600029668891248,C,Sports & outdoors,https://cdn-ip.allevents.in/s/rs:fill:500:250/g:sm/sh:100/aHR0cHM6Ly9jZG4tYXouYWxsZXZlbnRzLmluL2V2ZW50czUvYmFubmVycy9hZTdjMGY2MC01NmEzLTExZjEtYjZjYi00MTgwMmM4OTkwNjktcmltZy13MTIwMC1oNjc1LWRjMTgxOTJiLWdtaXIuanBnP3Y9MTc3OTUzOTY0Mw.avif,30,SOLD_OUT,9,13ba30b8d1c1287eda007edfeebd66bad6b840aa117146adf661b2eb8b3a4c0b
F*CK ME It's Freshers - Plymouth,2026-09-21T21:00:00,2026-09-22T02:00:00,THE DEPO,33 Union Street,Plymouth,EN,,,Plymouth events index,https://allevents.in/plymouth/all,https://allevents.in/plymouth/fck-me-its-freshers-plymouth/300042467942,C,Community,https://cdn-ip.allevents.in/s/rs:fill:500:250/g:sm/sh:100/aHR0cHM6Ly9jZG4tYXouYWxsZXZlbnRzLmluL2V2ZW50czEwL2Jhbm5lcnMvOWQ1ZGU4ODhlZjQ4MzBkZDU0ZGI2NjgyNGU2YjU2NjlkNWE0OTVjOGYzMjYzMzAxNmQ1ZjUxMGRlMzA5MGZhYi1yaW1nLXcxMDI0LWgxMDI0LWRjZDhkOGQ4LWdtaXIuanBnP3Y9MTc4NTgzNzg1OA.avif,30,CONFIRMED,9,8d46123d15a322ad981ac53f39cd3199cc33deb487b545fddc77de7c9950d4d4
OFFICIAL Plymouth Big Freshers Icebreaker - Presented by Footasylum - UK Largest Freshers Events - Sold Out 10 Years Running 🏆,2026-09-21T21:00:00,2026-09-22T02:00:00,University of Plymouth Students' Union,"University of Plymouth Students' Union, Plymouth, EN, United Kingdom",Plymouth,EN,,,Plymouth events index,https://allevents.in/plymouth/all,https://allevents.in/plymouth/official-plymouth-big-freshers-icebreaker-presented-by-footasylum-uk-largest-freshers-events-sold-ou/3600030208372503,C,Sports & outdoors,https://cdn-ip.allevents.in/s/rs:fill:500:250/g:sm/sh:100/aHR0cHM6Ly9jZG4tYXouYWxsZXZlbnRzLmluL2V2ZW50czMvYmFubmVycy82MGYzOWFhMC05MTFlLTExZjEtODhkYy1lMzg1NmViMjU2OGYtcmltZy13MTIwMC1oNjc1LWRjMDgwODA4LWdtaXIuanBnP3Y9MTc4NTk2OTUwOA.avif,30,SOLD_OUT,9,2ced987ff5efaf53da042be058308ed0b957dc91debd932ce45b5ce6557d5f6b
ARCHIVES - The UK's Newest Throwback Party | Plymouth Freshers 2026,2026-09-23T21:00:00,2026-09-24T02:00:00,Walkabout - Plymouth,"Walkabout - Plymouth, Plymouth, EN, United Kingdom",Plymouth,EN,,,Plymouth events index,https://allevents.in/plymouth/all,https://allevents.in/plymouth/archives-the-uks-newest-throwback-party-plymouth-freshers-2026/3600030047088920,C,Arts & learning,https://cdn-ip.allevents.in/s/rs:fill:500:250/g:sm/sh:100/aHR0cHM6Ly9jZG4tYXouYWxsZXZlbnRzLmluL2V2ZW50czEwL2Jhbm5lcnMvN2QzMzAyMTAtODljYS0xMWYxLWI5MmUtNDFiNTg0ZmRiM2M5LXJpbWctdzEyMDAtaDY3NS1kYzc1MGZhOS1nbWlyLmpwZz92PTE3ODUxNjM4MjA.avif,30,CONFIRMED,9,c3ea58e8b86065292b8ffac253f25c48015decc9d6df12d16684f88ca9df9739
⚠️PAY DAY SALE! - 24 HOURS ONLY! ⚠️THE FRESHERS FULL MOON PARTY - PLYMOUTH FRESHERS 🌕⚡️,2026-09-24T21:00:00,2026-09-25T02:00:00,Spirit Plymouth,"Spirit Plymouth, Plymouth, EN, United Kingdom",Plymouth,EN,,,Plymouth events index,https://allevents.in/plymouth/all,https://allevents.in/plymouth/pay-day-sale-24-hours-only-the-freshers-full-moon-party-plymouth-freshers-️/3600030482091651,C,Arts & learning,https://cdn-ip.allevents.in/s/rs:fill:500:250/g:sm/sh:100/aHR0cHM6Ly9jZG4tYXouYWxsZXZlbnRzLmluL2V2ZW50czIvYmFubmVycy8yODAyMTI5MC04ZTQ4LTExZjEtYTMzYS1mNzE1MDY2MmE1YWEtcmltZy13MTIwMC1oNjc1LWRjMDgwODA4LWdtaXIuanBnP3Y9MTc4NTY1NzU5OA.avif,30,CONFIRMED,9,36f150ac49df1e329218424a11d65cecda1dc7904d97b3840d28fea0f10aec81
FRESHERS PROJECT PLYMOUTH 2026 ⚡️ Sold Out 15 years Running!,2026-09-24T22:00:00,2026-09-25T03:00:00,THÊ DEPØ VENUE,"THÊ DEPØ VENUE, Plymouth, EN, United Kingdom",Plymouth,EN,,,Plymouth events index,https://allevents.in/plymouth/all,https://allevents.in/plymouth/freshers-project-plymouth-2026-️-sold-out-15-years-running/3600029863223006,C,Sports & outdoors,https://cdn-ip.allevents.in/s/rs:fill:500:250/g:sm/sh:100/aHR0cHM6Ly9jZG4tYXouYWxsZXZlbnRzLmluL2V2ZW50czkvYmFubmVycy8zZThiNmI4MC02YmY1LTExZjEtYTlmNS0wOTBhOGMzMTdkZWQtcmltZy13MTIwMC1oNjc1LWRjMzEwNjA2LWdtaXIuanBnP3Y9MTc4MTg4MzY0OA.avif,30,SOLD_OUT,9,1bfbe87ad1334157eb51a0d0479a4f13db6c6a27a495932eeb9ca07e97c5eecd
Campfire Night,2026-09-25T21:00:00,2026-09-25T22:00:00,Ox Bow Park,"23033 C.R. 45,Dunlap, Indiana",Goshen,IN,,,Goshen events index,https://allevents.in/goshen/all,https://allevents.in/goshen/campfire-night/200030088505514,C,Community,https://cdn-ip.allevents.in/s/rs:fill:500:250/g:sm/sh:100/aHR0cHM6Ly9jZG4tYXouYWxsZXZlbnRzLmluL2V2ZW50czgvYmFubmVycy9lNDdlZmFhYzYyMDhmMzY2OTlmNDVhZTE5ZmQwNmZjODZhZGU3ZWVmMjY1N2QyNzliYzlkNGNmOTllNzQ4MGFlLXJpbWctdzEyMDAtaDY3NS1kYzA4MDgwOC1nbWlyP3Y9MTc4NTc5NzQyOA.avif,30,CONFIRMED,9,9b9bc567d9ac0fbae1eed3a62ad876806e03fa794522b27ea7c297bf9cae6174
Low presents WIlkinson,2026-09-25T21:00:00,2026-09-26T03:00:00,THE DEPO,33 Union Street,Plymouth,EN,,,Plymouth events index,https://allevents.in/plymouth/all,https://allevents.in/plymouth/low-presents-wilkinson/300042412987,C,Community,https://cdn-ip.allevents.in/s/rs:fill:500:250/g:sm/sh:100/aHR0cHM6Ly9jZG4tYXouYWxsZXZlbnRzLmluL2V2ZW50czUvYmFubmVycy9hNDJiYTNiMDVlZTYzMzdlODdjOTVkOTY4OTUxZGY1MmI0ODUyZmM5YjdmZTg1YzdlZDE5NmU1YjBiYTY0YzM1LXJpbWctdzEwMjQtaDEwMjQtZGMwODA4MDgtZ21pci5qcGc_dj0xNzg1ODQ1NTI4.avif,30,CONFIRMED,9,1ccdda06608d597339b627e165bbbcdb1e1474985073b80444cfcb4862904399
OFFICIAL SPILT MILK Every other Friday - UPSU - Freshers Opening Party,2026-09-25T21:00:00,2026-09-26T02:00:00,University of Plymouth Students' Union,"University of Plymouth Students' Union, Plymouth, EN, United Kingdom",Plymouth,EN,,,Plymouth events index,https://allevents.in/plymouth/all,https://allevents.in/plymouth/official-spilt-milk-every-other-friday-upsu-freshers-opening-party/3600030301980524,C,Arts & learning,https://cdn-ip.allevents.in/s/rs:fill:500:250/g:sm/sh:100/aHR0cHM6Ly9jZG4tYXouYWxsZXZlbnRzLmluL2V2ZW50czMvYmFubmVycy81ZDkwZjIzMC05MTFmLTExZjEtYTMzYS1mNzE1MDY2MmE1YWEtcmltZy13MTIwMC1oNjc1LWRjZjhlODY4LWdtaXIuanBnP3Y9MTc4NTk2OTkzMg.avif,30,CONFIRMED,9,b6a47b5d72fb7e0f62a0f84afcfda3f7412b2b6b4488f93843a0237bbb8773bc
Jonathan Pie: The End Of The World According To Jonathan Pie,2026-09-26T19:30:00,2026-09-26T21:30:00,Plymouth Arena,,Plymouth,EN,,,Plymouth events index,https://allevents.in/plymouth/all,https://allevents.in/plymouth/jonathan-pie-the-end-of-the-world-according-to-jonathan-pie/210003320879525,C,Community,https://cdn-ip.allevents.in/s/rs:fill:500:250/g:sm/sh:100/aHR0cHM6Ly9jZG4tYXouYWxsZXZlbnRzLmluL2V2ZW50czMvYmFubmVycy8wODNkZmMyYTMxODJmNzFmZDUyMTE5MTQ0NzRmNDE4N2VlMDY1N2Y5ZTUzODAyMjM0YzFlMDNmODM3ZGMxZmM5LXJpbWctdzEwMjQtaDU3Ni1kYzhjOGM4Yy1nbWlyLmpwZz92PTE3NzAyODE0Mjg.avif,30,CONFIRMED,9,05eedc4e06c264c6885a10243ca132f8927007efa597943ea948deb640c1a57d
Harvest Fest | October First Fridays,2026-10-02T17:00:00,2026-10-02T21:00:00,"324 South Fifth Street, Goshen, IN, United States, Indiana 46528","324 S 5th St, Goshen, IN 46528-3716, United States",Goshen,IN,,,Goshen events index,https://allevents.in/goshen/all,https://allevents.in/goshen/harvest-fest-october-first-fridays/200030218433257,C,Festivals,https://cdn-ip.allevents.in/s/rs:fill:500:250/g:sm/sh:100/aHR0cHM6Ly9jZG4tYXouYWxsZXZlbnRzLmluL2V2ZW50czEwL2Jhbm5lcnMvNDJlM2MwYzBjY2Q0NWZhMjE3YTM1Y2MyODUwZTg4NWVjZTJkYzkzOGZjMGM5NDY3YTg0YzYzZmQ5OTU0ZjQ1Ni1yaW1nLXcxMjAwLWg2MjgtZGMxNDE0MTgtZ21pcj92PTE3ODUwMDQyNDk.avif,30,CONFIRMED,9,99dd5b28be97626108d54c85f70092aad9748c72407597a114c43add766cc0c7
Octave Cat w/ Jesse Miller from Lotus WSG: Future Joy,2026-10-02T19:30:00,,Ignition Music Garage,"120 E Washington St,Goshen, Indiana",Goshen,IN,,,Goshen events index,https://allevents.in/goshen/all,https://allevents.in/goshen/octave-cat-w-jesse-miller-from-lotus-wsg-future-joy/200030357453034,C,Community,https://cdn-ip.allevents.in/s/rs:fill:500:250/g:sm/sh:100/aHR0cHM6Ly9jZG4tYXouYWxsZXZlbnRzLmluL2V2ZW50czIvYmFubmVycy84NWFhNGU2YmY0ZDZkYTM0N2RiNGEyYjZhZTI1YTQzYTE1MzZlNjY1ZDE3MmQwZDVhZDQ4ZDg3NDljNjc1Y2MxLXJpbWctdzY0MC1oNjQwLWRjMTgxODE4LWdtaXI_dj0xNzg1NTQ3MzM0.avif,30,CONFIRMED,9,131debc81c1483dcc320cbfe7cb12688810d14c5bc734c5ecb9dea2b18781cba
Octave Cat with Future Joy,2026-10-02T19:30:00,2026-10-02T21:30:00,Ignition Music Garage,"120 E Washington St, Goshen, IN 46528, US",Goshen,IN,,,Goshen events index,https://allevents.in/goshen/all,https://allevents.in/goshen/octave-cat-with-future-joy/3200030340867937,C,Community,https://dyn-image.allevents.in/generate-image?v=4&title=Octave+Cat+with+Future+Joy&date=Fri+Oct+02+2026+at+07%3A30+pm&bg=3,30,CONFIRMED,9,734b17aa30edf09405bf80ec5fc660ae07014888db48787704064cceb2a0c683
Ride A Bike,2026-10-03T09:00:00,2026-10-03T12:00:00,Elkhart County 4-H Fairgrounds,"17746-D County Rd 34, Goshen, IN 46528, United States",Goshen,IN,,,Goshen events index,https://allevents.in/goshen/all,https://allevents.in/goshen/ride-a-bike/80002339308244,C,Sports & outdoors,https://cdn-ip.allevents.in/s/rs:fill:500:250/g:sm/sh:100/aHR0cHM6Ly9jZG4yLmFsbGV2ZW50cy5pbi90aHVtYnMvdGh1bWI2YTFmMjA2N2VkZTQyLmpwZw.avif,30,CONFIRMED,9,5f6f3c5df2f891db97a22516eb731ad961aeb9ab30d82f23ba9aaf3dde895675
Candlelight: Queen vs. ABBA,2026-10-03T18:00:00,2026-11-20T20:00:00,National Marine Aquarium,"Rope Walk, Coxside, Plymouth",Plymouth,EN,,GBP 14 to 42,Plymouth events index,https://allevents.in/plymouth/all,https://allevents.in/plymouth/candlelight-queen-vs-abba/2700030222249338,C,Community,https://cdn-ip.allevents.in/s/rs:fill:500:250/g:sm/sh:100/aHR0cHM6Ly9jZG4tYXouYWxsZXZlbnRzLmluL2V2ZW50czgvYmFubmVycy81OTMyZmU3MC04ZTJlLTExZjEtYTMzYS1mNzE1MDY2MmE1YWEtcmltZy13NTUwLWg1NTAtZGM4ODA4MDgtZ21pci5qcGc_dj0xNzg1NjQ2NTE0.avif,30,CONFIRMED,9,1d6706dd84de5aad8b44a117547efa254f54493a4753f330ed14096384933293
"Comedy Night Starring JOHN HEFFRON at Funny Pharm Comedy Club in Goshen, IN",2026-10-09T19:30:00,2026-10-09T21:00:00,"100 Chicago Ave, Goshen, IN 46526, United States","101 Chicago Ave, Goshen, IN 46526-2310, United States",Goshen,IN,,,Goshen events index,https://allevents.in/goshen/all,https://allevents.in/goshen/comedy-night-starring-john-heffron-at-funny-pharm-comedy-club-in-goshen-in/200030395860310,C,Music & shows,https://cdn-ip.allevents.in/s/rs:fill:500:250/g:sm/sh:100/aHR0cHM6Ly9jZG4tYXouYWxsZXZlbnRzLmluL2V2ZW50czcvYmFubmVycy9kM2E4NzFiMTdjOGRiZDJkNzJhZWVlYmMyZDQzZDc4NTJjMzhhZTZmYzc0NWNhNzU2ZDk1MGNhMmRhNWJkMWEyLXJpbWctdzEyMDAtaDE1MDAtZGNmOGY4ZjgtZ21pcj92PTE3ODU5NjQ4Nzk.avif,30,CONFIRMED,9,f63a72fdbfe60c4c556199eb9891661d31c811c2320ccd4e664e8d06f1e45f49
"John Heffron at the Funny Pharm in Goshen, IN",2026-10-09T19:30:00,2026-10-10T22:00:00,Funny Pharm Comedy Club,"1100 Chicago Avenue (The Bag Factory building-downstairs),Goshen, Indiana",Goshen,IN,,,Goshen events index,https://allevents.in/goshen/all,https://allevents.in/goshen/john-heffron-at-the-funny-pharm-in-goshen-in/200030395860716,C,Community,https://cdn-ip.allevents.in/s/rs:fill:500:250/g:sm/sh:100/aHR0cHM6Ly9jZG4tYXouYWxsZXZlbnRzLmluL2V2ZW50czYvYmFubmVycy8yYWMyNDhkYmFkZGNjMDRmMjM1ZjVmNGQ4NzY4MzJlZTllNzg1YmI2ZGMxZWIxYmMzM2VjMTM1ZDYyZjI2N2QxLXJpbWctdzEyMDAtaDYyOC1kY2Y4ZjhmOC1nbWlyP3Y9MTc4NTk2NDYyOA.avif,30,CONFIRMED,9,4ca5193a7a7d013a54a7306d5fa4ebc6aca53ef3f9aafc80275b6b9075e99bbe
2026 Artisan Market at Prairie Camp,2026-10-10T10:00:00,2026-10-10T15:00:00,"63526 CR 9 South, 46526","63526 County Road 9, Goshen, IN 46526, United States",Goshen,IN,,,Goshen events index,https://allevents.in/goshen/all,https://allevents.in/goshen/2026-artisan-market-at-prairie-camp/200029989604234,C,Food & markets,https://cdn-ip.allevents.in/s/rs:fill:500:250/g:sm/sh:100/aHR0cHM6Ly9jZG4tYXouYWxsZXZlbnRzLmluL2V2ZW50czEvYmFubmVycy9mZDVmYTc0MjAzZTUxYTJhYzRiYjY0NGY4M2E1NGY3MzY5MjFkODA5MDI2ZTY2NTAwNGFkYzAzZjVmMTRkMzg1LXJpbWctdzEyMDAtaDkwMC1kYzJjMzIxOC1nbWlyP3Y9MTc4NTM4NDgxNg.avif,30,CONFIRMED,9,c751e6da994d84b9e50922a1a337c7152519c523849e86195263944ae932087b
Let’s Get Spooky Market,2026-10-10T12:00:00,2026-10-10T17:00:00,Elkhart County 4-H Fair,"17746-D County Road 34,Goshen, Indiana",Goshen,IN,,,Goshen events index,https://allevents.in/goshen/all,https://allevents.in/goshen/lets-get-spooky-market/200030406078220,C,Food & markets,https://cdn-ip.allevents.in/s/rs:fill:500:250/g:sm/sh:100/aHR0cHM6Ly9jZG4tYXouYWxsZXZlbnRzLmluL2V2ZW50czEwL2Jhbm5lcnMvMmIzM2MwMzIyNGQ4NTQ4YjkwYWU1MDA5YzA3MWM0OGNjNzUwYmFhMzQ2OGJkY2YxNzY4Yzk4NWI3NWRlNDUwZS1yaW1nLXcxMDgwLWgxMDgwLWRjMzgyODY4LWdtaXI_dj0xNzg1NDM3MTE4.avif,30,CONFIRMED,9,853d1891d8b498e364359893707f5a6adebefcf111330ca4dc6a9f48a7f3432b
Motown Day Party: Plymouth ✨,2026-10-10T14:00:00,2026-10-10T19:00:00,THÊ DEPØ,"THÊ DEPØ, Plymouth, EN, United Kingdom",Plymouth,EN,,,Plymouth events index,https://allevents.in/plymouth/all,https://allevents.in/plymouth/motown-day-party-plymouth/3600029725627221,C,Arts & learning,https://cdn-ip.allevents.in/s/rs:fill:500:250/g:sm/sh:100/aHR0cHM6Ly9jZG4tYXouYWxsZXZlbnRzLmluL2V2ZW50czQvYmFubmVycy9hOTc2NTM1MC02ZmQ0LTExZjEtYjQxNy0zYjkwZDAwNzRkMWItcmltZy13MTIwMC1oNjc1LWRjNDgxOTE3LWdtaXIuanBnP3Y9MTc4MjMwOTQ1OQ.avif,30,CONFIRMED,9,d199c53e76be10de79caafad0623a6f782d194a89ab56e18f95baf0f143f735b
"Comedy Night Starring JOHN HEFFRON at Funny Pharm Comedy Club in Goshen, IN",2026-10-10T20:15:00,2026-10-10T21:00:00,"1100 Chicago Avenue (The Bag Factory building-downstairs), Goshen, IN, United States, Indiana 46528","1100 N Chicago Ave, Goshen, IN 46528-1900, United States",Goshen,IN,,,Goshen events index,https://allevents.in/goshen/all,https://allevents.in/goshen/comedy-night-starring-john-heffron-at-funny-pharm-comedy-club-in-goshen-in/200030406079637,C,Music & shows,https://cdn-ip.allevents.in/s/rs:fill:500:250/g:sm/sh:100/aHR0cHM6Ly9jZG4tYXouYWxsZXZlbnRzLmluL2V2ZW50czcvYmFubmVycy8yNDg4OTk3MzAyZmUxNWQ0ZDMxNjU1ZWM0OWNkYjE4NDYzYThjMTgzNmVkNmQwMWU3MDIyZGVhMDUwMmRkYjRiLXJpbWctdzEyMDAtaDE1MDAtZGNmOGY4ZjgtZ21pcj92PTE3ODU1NDczMzg.avif,30,CONFIRMED,9,3e5c25f00ad6ba27e3ccde363b3b3c3eecc27bc7c903830a6ccc44a9c4b26241
"St. Olaf Orchestra at Goshen High School (Goshen, IN)",2026-10-11T16:00:00,2026-10-11T18:00:00,Goshen High School,401 Lincolnway East,Goshen,IN,,USD 0 to 10,Goshen events index,https://allevents.in/goshen/all,https://allevents.in/goshen/st-olaf-orchestra-at-goshen-high-school-goshen-in/100001994312436182,C,Community,https://cdn-ip.allevents.in/s/rs:fill:500:250/g:sm/sh:100/aHR0cHM6Ly9jZG4tYXouYWxsZXZlbnRzLmluL2V2ZW50czEwL2Jhbm5lcnMvMjZmZGI4YTZlZjcwYzEzOTIyNDY2NzE1ODBhNTJkOGM4OGNlMmRhNWFkM2IwZjc2YTc4ZDQyYTM1MWQzYTAzNS1yaW1nLXcxMjAwLWg2NzUtZGMwMzAzMDMtZ21pci5qcGc_dj0xNzg0NjYzMTk0.avif,30,CONFIRMED,9,d5548a2d418baa8e2ccc536b4b3557aea20e18ba450729e38c743f2a4f66e2d3
"WAH Plymouth | Hedex, Bou, Basslayerz, Friction, Mozey & more!",2026-10-17T14:00:00,2026-10-17T23:00:00,Plymouth Pavilions,Millbay Road,Plymouth,EN,,,Plymouth events index,https://allevents.in/plymouth/all,https://allevents.in/plymouth/wah-plymouth-hedex-bou-basslayerz-friction-mozey-and-more/300042616602,C,Community,https://cdn-ip.allevents.in/s/rs:fill:500:250/g:sm/sh:100/aHR0cHM6Ly9jZG4tYXouYWxsZXZlbnRzLmluL2V2ZW50czEwL2Jhbm5lcnMvZGNlMzY0Mjg4Yzk3M2MwNjRlNDEzODJkMzBmZDI1MzkxMmIwNjIxMzhmYzFiN2Q5MTQwNmQ1ODg2YjhlMGQ0Yi1yaW1nLXcxMDI0LWgxMDI0LWRjMDYwNjA1LWdtaXIuanBnP3Y9MTc4NTMyODg2NA.avif,30,CONFIRMED,9,1446df01bab8ee8050c37740305ff7de9eac8718c97fa2b4a9d3363debad24b6
Professor Brian Cox at Plymouth Pavilions,2026-10-24T00:00:00,2026-10-25T00:00:00,Plymouth Pavilions,"Milbay Road, Plymouth, PL1 3LF",Plymouth,EN,,,Plymouth events index,https://allevents.in/plymouth/all,https://allevents.in/plymouth/professor-brian-cox-at-plymouth-pavilions/2400029144165741,C,Community,https://cdn-ip.allevents.in/s/rs:fill:500:250/g:sm/sh:100/aHR0cHM6Ly9jZG4tYXouYWxsZXZlbnRzLmluL2V2ZW50czEwL2Jhbm5lcnMvYzEwMjMzMjAtZWI2MC0xMWYwLTk3ODgtMDU1YjdmYTQ4MWYwLXJpbWctdzEyMDAtaDU1MC1kYzA0MTAxYi1nbWlyLmpwZz92PTE3Njc3NDYxMjM.avif,30,CONFIRMED,9,4dba7722ae6e4db13de9efbf3fc0f565d13cc59789c9b60c76d5dae5341f7824
Professor Brian Cox: Emergence World Tour,2026-10-24T19:30:00,2026-10-24T21:30:00,Plymouth Arena,,Plymouth,EN,,,Plymouth events index,https://allevents.in/plymouth/all,https://allevents.in/plymouth/professor-brian-cox-emergence-world-tour/210001776429052,C,Community,https://cdn-ip.allevents.in/s/rs:fill:500:250/g:sm/sh:100/aHR0cHM6Ly9jZG4tYXouYWxsZXZlbnRzLmluL2V2ZW50czEwL2Jhbm5lcnMvZTE0MzcyMzdlMWE2YzdlNDNhMGIzYTVkMTU3OTE0NTg3ZjgxMWFlNGIzNTg2YjViMTNhZDY0ZmM2NmIzOWZhOC1yaW1nLXcxMDI0LWg1NzYtZGMwODE1MWUtZ21pci5qcGc_dj0xNzcwMTMxOTQ2.avif,30,CONFIRMED,9,ed130046b9e17a0c4d5f41d47cde244901d93b0ac86b5c46e8d6a66b6cbc55c5
Jeff Waynes Musical Version of The War of The Worlds at Plymouth Pavilions,2026-10-29T18:30:00,,Plymouth Pavilions,"Milbay Road, Plymouth, PL1 3LF",Plymouth,EN,,,Plymouth events index,https://allevents.in/plymouth/all,https://allevents.in/plymouth/jeff-waynes-musical-version-of-the-war-of-the-worlds-at-plymouth-pavilions/2400029571028401,C,Music & shows,https://cdn-ip.allevents.in/s/rs:fill:500:250/g:sm/sh:100/aHR0cHM6Ly9jZG4tYXouYWxsZXZlbnRzLmluL2V2ZW50czUvYmFubmVycy9jMTgxZTNlMC01OTEwLTExZjEtYWRhZi04MTFlMDRiNzcyM2ItcmltZy13MTIwMC1oNjc1LWRjNzc2NTVlLWdtaXIuanBnP3Y9MTc3OTgwNjM5Mg.avif,30,CONFIRMED,9,ef626e06940cb964eb4bd3edf4fe38a9f64996290a28d38a74797359deb28ef9
Grandmaster Flash: The Four Elements Tour,2026-10-29T19:00:00,2026-10-30T22:00:00,THE DEPO,33 Union Street,Plymouth,EN,,,Plymouth events index,https://allevents.in/plymouth/all,https://allevents.in/plymouth/grandmaster-flash-the-four-elements-tour/300042572056,C,Community,https://cdn-ip.allevents.in/s/rs:fill:500:250/g:sm/sh:100/aHR0cHM6Ly9jZG4tYXouYWxsZXZlbnRzLmluL2V2ZW50czQvYmFubmVycy9hZDM1ZjNlZjhmMWFhZjgzNDBkYjkyNjAyMGJmYmNkOWZiMGVjMTZlYzdjOWViMWI1ZTFhY2RjMGU2MzhmYjNjLXJpbWctdzEwMjQtaDEwMjQtZGMxNDE5MzEtZ21pci5qcGc_dj0xNzgzODQwNzYz.avif,30,CONFIRMED,9,9119372c2de352c45e2aef3f110d8d50b771d88355872a3907057864ab281c74
FML It's Halloween | Plymouth Freshers 2026,2026-10-30T22:00:00,2026-10-31T03:00:00,Walkabout - Plymouth,"Walkabout - Plymouth, Plymouth, EN, United Kingdom",Plymouth,EN,,,Plymouth events index,https://allevents.in/plymouth/all,https://allevents.in/plymouth/fml-its-halloween-plymouth-freshers-2026/3600029781763500,C,Community,https://cdn-ip.allevents.in/s/rs:fill:500:250/g:sm/sh:100/aHR0cHM6Ly9jZG4tYXouYWxsZXZlbnRzLmluL2V2ZW50czMvYmFubmVycy9iZmI5Yzc5MC01MzNkLTExZjEtODkzOC03MTcyMTQyNjZmNTctcmltZy13MTIwMC1oNjc1LWRjMDMxMDQ3LWdtaXIuanBnP3Y9MTc3OTE2NjAxMA.avif,30,CONFIRMED,9,f5eb0fcd4b01a5407b081d91b5e1545bf6ba6fdcc170e68b75b0adc09db1bd7b
The Proclaimers at Plymouth Pavilions,2026-10-31T00:00:00,,Plymouth Pavilions,"Milbay Road, Plymouth, PL1 3LF",Plymouth,EN,,,Plymouth events index,https://allevents.in/plymouth/all,https://allevents.in/plymouth/the-proclaimers-at-plymouth-pavilions/2400029973753629,C,Community,https://cdn-ip.allevents.in/s/rs:fill:500:250/g:sm/sh:100/aHR0cHM6Ly9jZG4tYXouYWxsZXZlbnRzLmluL2V2ZW50czUvYmFubmVycy82MzY3Y2IxMC01YTBjLTExZjEtODMzOS00MTBjMTMwYTgwM2UtcmltZy13MTIwMC1oNjc1LWRjZjljYzExLWdtaXIucG5nP3Y9MTc3OTkxNDQ2OA.avif,30,CONFIRMED,9,d6cd244eafad2bdec86eed75016d4b90d90cae05cd50275c9d0bd3ee546d450f
Bill Bailey at Plymouth Arena,2026-11-05T20:00:00,2026-11-06T22:00:00,Plymouth Arena,"Milbay Road, Plymouth, PL1 3LF",Plymouth,EN,,,Plymouth events index,https://allevents.in/plymouth/all,https://allevents.in/plymouth/bill-bailey-at-plymouth-arena/2400030172100213,C,Community,https://cdn-ip.allevents.in/s/rs:fill:500:250/g:sm/sh:100/aHR0cHM6Ly9jZG4tYXouYWxsZXZlbnRzLmluL2V2ZW50czQvYmFubmVycy9lMmMxMmU5MC04ZWZjLTExZjEtYTMzYS1mNzE1MDY2MmE1YWEtcmltZy13MTIwMC1oNTAwLWRjYTgyODI4LWdtaXIuanBnP3Y9MTc4NTczNTIyNA.avif,30,CONFIRMED,9,2a0ec86c6f0e52b370fe6f2bd46b060f2ff92ecfe20421f5bb353af584278794
Bill Bailey at Plymouth Pavilions,2026-11-05T20:00:00,2026-11-06T20:00:00,Plymouth Pavilions,"Milbay Road, Plymouth, PL1 3LF",Plymouth,EN,,,Plymouth events index,https://allevents.in/plymouth/all,https://allevents.in/plymouth/bill-bailey-at-plymouth-pavilions/2400029358812403,C,Community,https://cdn-ip.allevents.in/s/rs:fill:500:250/g:sm/sh:100/aHR0cHM6Ly9jZG4tYXouYWxsZXZlbnRzLmluL2V2ZW50czQvYmFubmVycy8zODMwNGM5MC01ODBiLTExZjEtOTY2ZS00MTIxMTYyNzhmNWItcmltZy13ODQ4LWgxMjAwLWRjMWYxYjFiLWdtaXIuanBnP3Y9MTc3OTY5NDA2Mw.avif,30,CONFIRMED,9,682ecaff917a72ea399fb2b0d8844de733aef507d77e0120b68248c04c4992ae
Goshen Light Parade | November First Fridays,2026-11-06T17:00:00,2026-11-06T21:00:00,"324 South Fifth Street, Goshen, IN, United States, Indiana 46528","324 S 5th St, Goshen, IN 46528-3716, United States",Goshen,IN,,,Goshen events index,https://allevents.in/goshen/all,https://allevents.in/goshen/goshen-light-parade-november-first-fridays/200029788939121,C,Festivals,https://cdn-ip.allevents.in/s/rs:fill:500:250/g:sm/sh:100/aHR0cHM6Ly9jZG4tYXouYWxsZXZlbnRzLmluL2V2ZW50czQvYmFubmVycy83ZDk3NGFiNzJjNWQ0MDVhMmQ0YWU0ZmI2NjIyOTBiOWQwYTliZGVkODRkZGRiMzhiZGM4ZDk0ZjZlN2M4NTAwLXJpbWctdzEyMDAtaDYyOC1kYzA4MDgwOC1nbWlyP3Y9MTc4NTY3OTQ0Mw.avif,30,CONFIRMED,12,7e8294569b1a23f77a363c7695c1bcbe6b5c64733bc7201c4caa5ac5848208cf
Tony Hadley at Plymouth Pavilions,2026-11-07T18:45:00,2026-11-07T20:45:00,Plymouth Pavilions,"Milbay Road, Plymouth, PL1 3LF",Plymouth,EN,,,Plymouth events index,https://allevents.in/plymouth/all,https://allevents.in/plymouth/tony-hadley-at-plymouth-pavilions/2400030144520622,C,Community,https://dyn-image.allevents.in/generate-image?v=4&title=Tony+Hadley+at+Plymouth+Pavilions&date=Sat+Nov+07+2026+at+06%3A45+pm&bg=3,30,CONFIRMED,9,5d8168a415e1050a44c4cf4a75c668cdaebc639e4ef359277713e62fc9f8ca9e
Christmas Makers Market 2026,2026-11-21T10:00:00,2026-11-21T15:00:00,Rock Run Creek Barn,"15829 County Road 34 ,Goshen, Indiana",Goshen,IN,,,Goshen events index,https://allevents.in/goshen/all,https://allevents.in/goshen/christmas-makers-market-2026/200030026055500,C,Food & markets,https://cdn-ip.allevents.in/s/rs:fill:500:250/g:sm/sh:100/aHR0cHM6Ly9jZG4tYXouYWxsZXZlbnRzLmluL2V2ZW50czkvYmFubmVycy8wMTVlZDIyNzBiYTllNWUyOTgwMjYxNTUzY2ViYzljNDkyOTI2YjgwNDQzZTYwY2E4ZWI4ZmE5MzJmMTRmYTJmLXJpbWctdzEyMDAtaDE1NTMtZGNmOGY4ZjgtZ21pcj92PTE3ODU4NzA3MTg.avif,30,CONFIRMED,9,683f9babe04d64875fab3d68c26852e63bfad657cec38b4d7500bc9ad50aea5b
Squeeze and Billy Bragg at Plymouth Arena,2026-12-01T18:30:00,2026-12-01T20:30:00,Plymouth Arena,"Milbay Road, Plymouth, PL1 3LF",Plymouth,EN,,,Plymouth events index,https://allevents.in/plymouth/all,https://allevents.in/plymouth/squeeze-and-billy-bragg-at-plymouth-arena/2400030184091019,C,Community,https://cdn-ip.allevents.in/s/rs:fill:500:250/g:sm/sh:100/aHR0cHM6Ly9jZG4tYXouYWxsZXZlbnRzLmluL2V2ZW50czUvYmFubmVycy82NGYzYTNmMC04ZmZlLTExZjEtODhkYy1lMzg1NmViMjU2OGYtcmltZy13MTIwMC1oNjc1LWRjMDgwODA4LWdtaXIuanBnP3Y9MTc4NTg0NTgyNA.avif,30,CONFIRMED,9,0a17012474c8268968f718ff5f451f11015fd90181c1b0905479a6c7306f99eb
Annual Themed Art Competition,2026-08-06T08:00:00,2026-08-06T17:00:00,,,Wabash,IN,"This juried competition was created over 15 years ago with the goal of keeping art interesting! Every year a new “theme” is presented to challenge artists to create new and engaging works of art. Unlimited creativity is encouraged, and all media will be accepted. The theme for 2026 is ""Windows."" Whether appreciating beautiful architecture, a favorite view, or the metaphorical windows to the soul, artists are encouraged to use this theme to give the audience a peek into their unique world. Submissions will be accepted in person at the Honeywell Center on Jul 6, 2026. On display July 9-Aug. 12",,Visit Wabash County,https://visitwabashcounty.com/events/,https://visitwabashcounty.com/event/annual-themed-art-competition/2026-08-06/,A,Arts & learning,,33,CONFIRMED,12,ccd0355f5d62ad8158e0fbfcb281f451e994e90b4b49892c96cbf32c56a18778
Literacy Babytime,2026-08-06T10:00:00,2026-08-06T10:30:00,,,Wabash,IN,"Babytime is a weekly program designed for babies and their caregivers, offering simple themed activities that support early development - from language and rhythm to movement, coordination, and sensory exploration. Each session blends stories, gentle play, and connection, creating a welcoming space for little ones to learn and grow at their own pace. This week is Literacy Babytime. We’ll begin with 15-20 minutes of stories focused on rhythm and sound, then transition into the Playroom for gentle movement and play. Families with older children are welcome… big kids can enjoy the Playroom while babies explore at their own pace We hope you’ll join us! Program Cost: Free Program Age Requirements: 0-3 + caregivers Registration: None Location: Starting in the Picture Book Room, then moving into the Playroom",,Visit Wabash County,https://visitwabashcounty.com/events/,https://visitwabashcounty.com/event/literacy-babytime-3/,A,Family,,33,CONFIRMED,12,86a0f6903a06660135d9c63f0982bd55b3fe8675099640f0726d30d568b968a1
Mahjong Mornings,2026-08-06T10:00:00,2026-08-06T12:00:00,,,Wabash,IN,"NMPL is hosting a new Mahjong Mornings program to provide time for open play! Mahjong is a strategic tile-based game originating in 19th-century China, played by 3–4 people, combining skill, strategy, and luck. Beginners are welcome to come play on a set provided by the library, or bring your own tiles and friends for a competitive round! Whether you’re learning for the first time or looking for a regular group to play with, this relaxed morning gathering is a great way to sharpen your mind, build strategy skills, and connect with fellow players in a friendly, welcoming environment. May the tiles be in your favor! Program Cost: None Program Age Requirements: 16+ Registration: No Location: Blocher Room",,Visit Wabash County,https://visitwabashcounty.com/events/,https://visitwabashcounty.com/event/mahjong-mornings-10/,A,Sports & outdoors,,33,CONFIRMED,12,fba5068ce2a552c13bbc7b919d09559bd1aa96da3af4fe0cc001b2f71a8135c5
The Thursday Parlay: Wabash Marketplace,2026-08-06T10:00:00,2026-08-06T11:30:00,,,Wabash,IN,More info coming soon! 😎,,Visit Wabash County,https://visitwabashcounty.com/events/,https://visitwabashcounty.com/event/the-thursday-parlay-wabash-marketplace/,A,Food & markets,,33,CONFIRMED,6,e56f77fc615dc980c1439f82be00d13cf01eedb8ffe12a61a7ee13a6ead36e88
Retro Reels: The Outsiders – The Complete Novel,2026-08-06T21:00:00,2026-08-06T23:00:00,,,Wabash,IN,"Thursday Retro Reels Classic Movies $10 carloads​​​ Gates open at 8 pm, movie at dark",,Visit Wabash County,https://visitwabashcounty.com/events/,https://visitwabashcounty.com/event/retro-reels-the-outsiders-the-complete-novel/,A,Music & shows,,33,CONFIRMED,12,bad8fd9929916427166b3eb6cd263c8718252c0bc7f2f5e796cadddcc145e403
Annual Themed Art Competition,2026-08-07T08:00:00,2026-08-07T17:00:00,,,Wabash,IN,"This juried competition was created over 15 years ago with the goal of keeping art interesting! Every year a new “theme” is presented to challenge artists to create new and engaging works of art. Unlimited creativity is encouraged, and all media will be accepted. The theme for 2026 is ""Windows."" Whether appreciating beautiful architecture, a favorite view, or the metaphorical windows to the soul, artists are encouraged to use this theme to give the audience a peek into their unique world. Submissions will be accepted in person at the Honeywell Center on Jul 6, 2026. On display July 9-Aug. 12",,Visit Wabash County,https://visitwabashcounty.com/events/,https://visitwabashcounty.com/event/annual-themed-art-competition/2026-08-07/,A,Arts & learning,,33,CONFIRMED,12,aa339d42a58e2904a003fdcac71c1a2dd718241f51232ea2e852a6d73297e094
Senior Luncheon @ Salamonie Lake,2026-08-07T12:00:00,2026-08-07T15:00:00,,,Wabash,IN,Join Upper Wabash Interpretive Services for the Senior Luncheon at Salamonie Lake Interpretive Center. Guests ages 50 and older are invited to enjoy a carry-in meal and hear from U.S. […],,Visit Wabash County,https://visitwabashcounty.com/events/,https://visitwabashcounty.com/event/senior-luncheon-salamonie-lake/,A,Community,,33,CONFIRMED,13,8a9e7c4e23d18db35ae1f63da8f0aef283b3202ba1d748dc615f547246913991
First Friday – Back to School Bash,2026-08-07T17:00:00,2026-08-07T20:00:00,,,Wabash,IN,"This event will feature a Foam Party and Laser Tag! Kid Street, Vendor Row and Food Truck Plaza will be open for this event. Please visit our website for in […]",,Visit Wabash County,https://visitwabashcounty.com/events/,https://visitwabashcounty.com/event/first-friday-7/,A,Food & markets,,33,CONFIRMED,12,5a568c689ed1566d33fe5be458238c9f745bc52269cef8a93f3e0c6746e0d77f
Mitchell Tenpenny,2026-08-07T19:30:00,2026-08-07T21:00:00,,,Wabash,IN,"Mitchell Tenpenny has captured fans everywhere with his husky voice, memorable hooks, and honest storytelling. With multiple No. 1 hits, including “Drunk Me,” “Truth About You,” and “At The End of a Bar,” and over 2.1 billion global streams, he’s established himself as a major force in country music. He continues to evolve his sound with recent albums like The 3rd, inviting listeners into his personal stories and musical journey.",,Visit Wabash County,https://visitwabashcounty.com/events/,https://visitwabashcounty.com/event/mitchell-tenpenny/,A,Music & shows,,33,CONFIRMED,12,6bc04030946319f5eb510d603614fa4f8a6b8f74ed8b28d09e27d4cee98a1220
Lagro Street Market,2026-08-08T08:00:00,2026-08-08T17:00:00,,,Wabash,IN,"Besides the Market on Saturdays, Bikes on the Canal will be showcasing their stunning motorcycles at the Pavilion for everyone to admire and enjoy. Keep an eye on their page […]",,Visit Wabash County,https://visitwabashcounty.com/events/,https://visitwabashcounty.com/event/lagro-street-market/2026-08-08/,A,Food & markets,,33,CONFIRMED,12,780434bcccc7cc801bbff806e3d90feaac0bea47a9b4eb86125e497ce84792b4
Miles & Smiles Run & Walk,2026-08-08T08:00:00,2026-08-08T09:00:00,,,Wabash,IN,"Join the Fun with Miles & Smiles! FREE & open to ALL—any age, any fitness level! Whether you’re a seasoned runner or just looking for a fun way to move, […]",Free,Visit Wabash County,https://visitwabashcounty.com/events/,https://visitwabashcounty.com/event/miles-smiles-run-walk/2026-08-08/,A,Sports & outdoors,,33,CONFIRMED,12,c2af00ff9d3b0c441c1e98b1434ea0b307bbb88ffe578b2d69adfc4b3c4ed237
Wabash Farmers Market,2026-08-08T08:00:00,2026-08-08T12:00:00,,,Wabash,IN,Handmade. Homemade. Homegrown. Downtown Wabash’s only farmers market! Check us out every Saturday in May-Sept. from 8 AM to 12 PM (Dogs welcome!),,Visit Wabash County,https://visitwabashcounty.com/events/,https://visitwabashcounty.com/event/wabash-farmers-market/2026-08-08/,A,Food & markets,,33,CONFIRMED,12,bdd14b160c16263ce89b68034a278d360e903d2b10709aa800cccd3dbcc2df22
Liking For Biking,2026-08-08T09:00:00,2026-08-08T10:00:00,,,Wabash,IN,Open to anyone this FREE health program welcomes individuals of all fitness levels and ages! L4B encourages riders at any proficiency level to partake in their weekly rides around Wabash County. Spikes […],Free,Visit Wabash County,https://visitwabashcounty.com/events/,https://visitwabashcounty.com/event/liking-for-biking/2026-08-08/,A,Sports & outdoors,,33,CONFIRMED,12,242057f1d82cf40f145b732767aac5b014c11fd35214e93fa80b210b8b68bb08
Green Hat Lounge Live Music: Carolyn Martin,2026-08-08T19:00:00,2026-08-08T22:00:00,,,Wabash,IN,Join us at Green Hat Lounge for live music every Saturday from 7pm to 10pm! 8/8: Carolyn Martin,,Visit Wabash County,https://visitwabashcounty.com/events/,https://visitwabashcounty.com/event/green-hat-lounge-live-music-carolyn-martin/,A,Music & shows,,33,CONFIRMED,13,992c193541f2d1f78451595bf16254bd16d72f3432ceffab9e1c5bd3d1c57cef
Green Hat Lounge Live Music: Eric Clancy,2026-08-09T17:00:00,2026-08-09T20:00:00,,,Wabash,IN,Join us at Green Hat Lounge for live music every Sunday from 5pm to 8pm! 8/9: Eric Clancy,,Visit Wabash County,https://visitwabashcounty.com/events/,https://visitwabashcounty.com/event/green-hat-lounge-live-music-eric-clancy/,A,Music & shows,,33,CONFIRMED,13,fb88ce6f4d43673898104984f2feca9aa4c268881ad1a4f95a2af8e1f60e2612
Annual Themed Art Competition,2026-08-10T08:00:00,2026-08-10T17:00:00,,,Wabash,IN,"This juried competition was created over 15 years ago with the goal of keeping art interesting! Every year a new “theme” is presented to challenge artists to create new and engaging works of art. Unlimited creativity is encouraged, and all media will be accepted. The theme for 2026 is ""Windows."" Whether appreciating beautiful architecture, a favorite view, or the metaphorical windows to the soul, artists are encouraged to use this theme to give the audience a peek into their unique world. Submissions will be accepted in person at the Honeywell Center on Jul 6, 2026. On display July 9-Aug. 12",,Visit Wabash County,https://visitwabashcounty.com/events/,https://visitwabashcounty.com/event/annual-themed-art-competition/2026-08-10/,A,Arts & learning,,33,CONFIRMED,12,4a9a16cf77521210d2e4f865a74b933925f69ee82e7d6fc8c68b0af497e343e6
Annual Themed Art Competition,2026-08-11T08:00:00,2026-08-11T17:00:00,,,Wabash,IN,"This juried competition was created over 15 years ago with the goal of keeping art interesting! Every year a new “theme” is presented to challenge artists to create new and engaging works of art. Unlimited creativity is encouraged, and all media will be accepted. The theme for 2026 is ""Windows."" Whether appreciating beautiful architecture, a favorite view, or the metaphorical windows to the soul, artists are encouraged to use this theme to give the audience a peek into their unique world. Submissions will be accepted in person at the Honeywell Center on Jul 6, 2026. On display July 9-Aug. 12",,Visit Wabash County,https://visitwabashcounty.com/events/,https://visitwabashcounty.com/event/annual-themed-art-competition/2026-08-11/,A,Arts & learning,,33,CONFIRMED,12,be5438a85fbe7a50357e627fb3787683514282d5ac22c8a687fb550c759b2468
Annual Themed Art Competition,2026-08-12T08:00:00,2026-08-12T17:00:00,,,Wabash,IN,"This juried competition was created over 15 years ago with the goal of keeping art interesting! Every year a new “theme” is presented to challenge artists to create new and engaging works of art. Unlimited creativity is encouraged, and all media will be accepted. The theme for 2026 is ""Windows."" Whether appreciating beautiful architecture, a favorite view, or the metaphorical windows to the soul, artists are encouraged to use this theme to give the audience a peek into their unique world. Submissions will be accepted in person at the Honeywell Center on Jul 6, 2026. On display July 9-Aug. 12",,Visit Wabash County,https://visitwabashcounty.com/events/,https://visitwabashcounty.com/event/annual-themed-art-competition/2026-08-12/,A,Arts & learning,,33,CONFIRMED,12,233089e1dd461e28defeffe6a95459fa3e25cb93608e44e491fa26510d682b1f
Walking Wednesday,2026-08-12T09:00:00,2026-08-12T22:00:00,,,Wabash,IN,Join the Wabash Health Department for a weekly walk at 9 AM every Wednesday. Enjoy a new walk leader from the community each week.,Free,Visit Wabash County,https://visitwabashcounty.com/events/,https://visitwabashcounty.com/event/walking-wednesday/2026-08-12/,A,Arts & learning,,33,CONFIRMED,12,f4ea5d6eec755184609da40972bf12efbce918aeaf1436422177f186769436c8
Sew Much Fun: Beginner Cross Stitch,2026-08-12T15:30:00,2026-08-12T16:30:00,,,Wabash,IN,"Join us for Sew Much Fun: Beginner Cross Stitch, a two‑week introduction to needlework designed especially for young makers. Using kid‑friendly plastic canvas and yarn, participants will learn the basics of cross stitch while creating a ladybug pattern - with the fun option to customize their ladybug’s colors using any yarn they choose! All supplies will be provided, including the beginner cross‑stitch kits, plastic needles, and plenty of yarn. Cross stitch is a wonderful early craft. It supports fine motor skills, hand‑eye coordination, focus, and patience, while giving kids a simple, confidence‑building way to create art one stitch at a time. Many children find the rhythm of stitching calming and satisfying, especially as they watch their design take shape. Because this is a skill‑building program, participants are required to register and are asked to commit to both weeks of the session. Children ages 6 and 7 must attend with an adult to help support their learning. Program Cost: Free Sponsored by: Friends of the Library Program Age Requirements: Ages 6–10 (Ages 6 & 7 must be accompanied by an adult) Registration: Advanced registration is required. Sign up here: http://engagedpatrons.org/EventsExtended.cfm?SiteID=2262&EventID=593458 Location: Blocher Community Room",,Visit Wabash County,https://visitwabashcounty.com/events/,https://visitwabashcounty.com/event/sew-much-fun-beginner-cross-stitch/,A,Family,,33,CONFIRMED,12,338cde8d3488c979a532648f7fbe81b1887feb7a3cf51dead88418f902cd9992
Educational Babytime: Creating Predictable Moments in the Day with Christy Garau,2026-08-13T10:00:00,2026-08-13T10:30:00,,,Wabash,IN,"Babytime is a weekly program designed for babies and their caregivers, offering simple themed activities that support early development - from language and rhythm to movement, coordination, and sensory exploration. Each session blends stories, gentle play, and connection, creating a welcoming space for little ones to learn and grow at their own pace. This week is Educational Babytime with Rhythm + Regulate expert Christy Garau. Rhythm + Regulate is a trauma informed, relationship based education model designed to strengthen caregiver regulation, and support parent–child connection. The program begins with caregivers and children participating in five monthly Rhythm + Regulate group coaching workshops that uses rhythm, movement, and relational practices to strengthen regulation skills, improve connection, and build confidence in daily caregiving interactions. Christy brings clinical training, lived parenting experience, and nervous system informed education to support families in building safety, steadiness, and connection under real world conditions. Session 3: Creating Predictable Moments in the Day Parents will learn how predictability helps children feel safe. Instead of strict schedules, we focus on creating a few steady moments each day-like morning transitions, meals, or bedtimes. These rhythms help reduce anxiety and make daily life feel more manageable, even when circumstances are hard. Program Cost: Free Sponsored by: Davonne Rogers Endowment Fund Age Requirement: Geared towards ages 0-3, but all ages are welcome Registration: None Location: Picture Book Room",,Visit Wabash County,https://visitwabashcounty.com/events/,https://visitwabashcounty.com/event/educational-babytime-creating-predictable-moments-in-the-day-with-christy-garau/,A,Family,,33,CONFIRMED,12,086e0a4f9ec004338d507783bf80744ceb7970180d490a784bb72cffc6fd17f2
Mahjong Mornings,2026-08-13T10:00:00,2026-08-13T12:00:00,,,Wabash,IN,"NMPL is hosting a new Mahjong Mornings program to provide time for open play! Mahjong is a strategic tile-based game originating in 19th-century China, played by 3–4 people, combining skill, strategy, and luck. Beginners are welcome to come play on a set provided by the library, or bring your own tiles and friends for a competitive round! Whether you’re learning for the first time or looking for a regular group to play with, this relaxed morning gathering is a great way to sharpen your mind, build strategy skills, and connect with fellow players in a friendly, welcoming environment. May the tiles be in your favor! Program Cost: None Program Age Requirements: 16+ Registration: No Location: Blocher Room",,Visit Wabash County,https://visitwabashcounty.com/events/,https://visitwabashcounty.com/event/mahjong-mornings-11/,A,Sports & outdoors,,33,CONFIRMED,12,4582c0384b95a8ac7ebc90a112d723a1d0089db3478e761750b3b5e7af8ae603
Vandenberg: My Whitesnake Years,2026-08-13T19:00:00,2026-08-13T21:00:00,,,Wabash,IN,"Vandenberg: My Whitesnake Years with Marco Mendoza and Vinnie Moore delivers an electrifying night of iconic hits and guitar mastery, led by former Whitesnake guitarist Adrian Vandenberg, known for hits like “Here I Go Again,” “Still of the Night,” and “Is This Love.” Vandenberg is joined by acclaimed bassist Marco Mendoza, whose work includes Whitesnake, Thin Lizzy, and The Dead Daisies, and guitar virtuoso Vinnie Moore of UFO. The show features classics from Thin Lizzy, UFO, and Ted Nugent, and more—celebrating timeless rock at full volume.",,Visit Wabash County,https://visitwabashcounty.com/events/,https://visitwabashcounty.com/event/vandenberg-my-whitesnake-years/,A,Arts & learning,,33,CONFIRMED,12,cb2655b4f6437d346b551977b5f779edfd04b3d734cdc968f842250ce51f4b0f
Quilting & Crafting Club,2026-08-14T10:00:00,2026-08-14T16:00:00,,,Wabash,IN,"If you love crafting, and enjoy gatherings of other creative minds to work on projects together, this club is for you! Gather your current projects, and head to the library to meet up with fellow crafters and work on your projects in a peaceful and relaxing environment, free from household distractions. Come for a few hours, or the whole day - the choice is yours! All skill levels, mediums, and crafters are welcome! Program Cost: Free Program Age Requirements: None Registration: No Location: NMPL Blocher Room",,Visit Wabash County,https://visitwabashcounty.com/events/,https://visitwabashcounty.com/event/quilting-crafting-club/,A,Sports & outdoors,,33,CONFIRMED,12,33b670a623304080e11aef3ad523fe386aa60c1268d0d02b48773b5e32cbf4ba
Miles & Smiles Run & Walk,2026-08-15T08:00:00,2026-08-15T09:00:00,,,Wabash,IN,"Join the Fun with Miles & Smiles! FREE & open to ALL—any age, any fitness level! Whether you’re a seasoned runner or just looking for a fun way to move, […]",Free,Visit Wabash County,https://visitwabashcounty.com/events/,https://visitwabashcounty.com/event/miles-smiles-run-walk/2026-08-15/,A,Sports & outdoors,,33,CONFIRMED,12,d5a8c8f7378a799fe7fd77fff62f697e8cdc4cba01cdb711603a0ea123780050
Wabash Farmers Market,2026-08-15T08:00:00,2026-08-15T12:00:00,,,Wabash,IN,Handmade. Homemade. Homegrown. Downtown Wabash’s only farmers market! Check us out every Saturday in May-Sept. from 8 AM to 12 PM (Dogs welcome!),,Visit Wabash County,https://visitwabashcounty.com/events/,https://visitwabashcounty.com/event/wabash-farmers-market/2026-08-15/,A,Food & markets,,33,CONFIRMED,12,657e55b98de21f7bb97bcebb92bc6a7fef19ba33ad8cc87ca04025568890f7ee
Green Hat Lounge Live Music: The Nobles,2026-08-15T19:00:00,2026-08-15T22:00:00,,,Wabash,IN,Join us at Green Hat Lounge for live music every Saturday from 7pm to 10pm! 8/15: The Nobles (Mike Neglia & Jack Wellington),,Visit Wabash County,https://visitwabashcounty.com/events/,https://visitwabashcounty.com/event/green-hat-lounge-live-music-the-nobles/,A,Music & shows,,33,CONFIRMED,13,9f706cfd7fc720d86e6bbaa489dcfd2ce770c37b438bc89ffc8949447fcd7984
Green Hat Lounge Live Music: Misha Thomas & Eric Matthews,2026-08-16T17:00:00,2026-08-16T20:00:00,,,Wabash,IN,Join us at Green Hat Lounge for live music every Sunday from 5pm to 8pm! 8/16: Misha Thomas & Eric Matthews,,Visit Wabash County,https://visitwabashcounty.com/events/,https://visitwabashcounty.com/event/green-hat-lounge-live-music-misha-thomas-eric-matthews/,A,Music & shows,,33,CONFIRMED,13,87d662da4182866af44a6936e3919e695d9c4ed8f3094c83a15eea25a6bd2cf1
Adult Craft Hour: Sunlit Pines Tin Candles,2026-08-17T16:00:00,2026-08-17T17:00:00,,,Wabash,IN,"(ADVANCED REGISTRATION IS REQUIRED FOR THIS PROGRAM! Sign up by calling the library at 260-982-4773 or stopping by the front desk. There will be a $5 non-refundable fee due at the time of registration.) Calling all craft lovers! Come to Adult Craft Hour, a fun and relaxing opportunity for adults to get creative. Each session will feature a different themed craft, with all supplies provided by the library. Whether you\'re an experienced crafter or a beginner looking to learn, this hour is for you! How It Works: Join us in person to enjoy crafting in a welcoming environment. Guided instruction available for those who are new to the craft. Already know how to do it? Simply come and enjoy the creative process with fellow crafters. Who Can Join? This program is strictly for adults. It\'s the perfect way to unwind, express creativity, and connect with others. This Month: Sunlit Pines Tin Candle Inspired by a shaded trail through the pines on a summer afternoon, this fresh, woodsy fragrance blends green notes, evergreen, herbs, and soft sandalwood. During the session, you’ll learn how to wick your candle, melt and color the wax, add fragrance, pour it into the tin, and finish it off with a label. Each participant will leave with a handmade candle in a 4 oz tin! Program Cost: $5 Program Age Requirements: Ages 18 and older Registration: Advanced registration is required. Sign up by calling the library at 260-982-4773 or stopping by the front desk. Location: Blocher Community Room",,Visit Wabash County,https://visitwabashcounty.com/events/,https://visitwabashcounty.com/event/adult-craft-hour-sunlit-pines-tin-candles/,A,Arts & learning,,33,CONFIRMED,12,1e95ccf42fca2a83d45b5003fad15581c2c36ea0d9cf160dc48e082a0714ddfe
Sensory Story Hour,2026-08-19T09:00:00,2026-08-19T10:00:00,,,Wabash,IN,"On the third Wednesday of every month, the Museum will dim the lights and sounds to host a sensory-focused experience from 9AM to 10AM.",,Visit Wabash County,https://visitwabashcounty.com/events/,https://visitwabashcounty.com/event/sensory-story-hour-5/2026-08-19/,A,Arts & learning,,33,CONFIRMED,12,18e6548be22aa02edb5c6c462ccf11488e0e52e06ac6928eafcfc749a4019673
Walking Wednesday,2026-08-19T09:00:00,2026-08-19T22:00:00,,,Wabash,IN,Join the Wabash Health Department for a weekly walk at 9 AM every Wednesday. Enjoy a new walk leader from the community each week.,Free,Visit Wabash County,https://visitwabashcounty.com/events/,https://visitwabashcounty.com/event/walking-wednesday/2026-08-19/,A,Arts & learning,,33,CONFIRMED,12,1b7daccd3f8f1282371d84e7b12abb1a96d7af86ef016d991c5ff7b6db933399
Sew Much Fun: Beginner Cross Stitch,2026-08-19T15:30:00,2026-08-19T16:30:00,,,Wabash,IN,"Join us for Sew Much Fun: Beginner Cross Stitch, a two‑week introduction to needlework designed especially for young makers. Using kid‑friendly plastic canvas and yarn, participants will learn the basics of cross stitch while creating a ladybug pattern - with the fun option to customize their ladybug’s colors using any yarn they choose! All supplies will be provided, including the beginner cross‑stitch kits, plastic needles, and plenty of yarn. Cross stitch is a wonderful early craft. It supports fine motor skills, hand‑eye coordination, focus, and patience, while giving kids a simple, confidence‑building way to create art one stitch at a time. Many children find the rhythm of stitching calming and satisfying, especially as they watch their design take shape. Because this is a skill‑building program, participants are required to register and are asked to commit to both weeks of the session. Children ages 6 and 7 must attend with an adult to help support their learning. Program Cost: Free Sponsored by: Friends of the Library Program Age Requirements: Ages 6–10 (Ages 6 & 7 must be accompanied by an adult) Registration: Advanced registration is required. Sign up here: http://engagedpatrons.org/EventsExtended.cfm?SiteID=2262&EventID=593458 Location: Blocher Community Room",,Visit Wabash County,https://visitwabashcounty.com/events/,https://visitwabashcounty.com/event/sew-much-fun-beginner-cross-stitch-2/,A,Family,,33,CONFIRMED,12,10aee3e885772629f76a223ee65dd56825c63c3fb7915e44f00b279a86bc8646
Silent Book Club,2026-08-19T18:00:00,2026-08-19T19:00:00,,,Wabash,IN,"Looking to find a community of fellow readers, but intimidated by traditional book clubs? Put down your phone, pick up a book, and spend quality time with fellow book lovers – no homework or chit chat required! Bring the book (and beverage) of your choice to the library for a quiet hour of reading in peace. (You can also choose a book from the library shelves!) We’ll have cozy blankets and comfortable seating for all attendees. Colored lanyards will be available for participants to wear, to help indicate who is down for some book chit chat and who is not. (Red lanyards = Please let me read in silence; Green lanyards = Let’s talk a little bit.) Known as the introvert’s happy hour, NMPL’s Silent Book Club is the perfect place to retreat with your book for a designated hour of reading. This is the perfect activity for those whose social battery is low, but who still want company. Readers and introverts unite! Program Cost: Free Program Age Requirements: None Registration: None Location: NMPL Adult Department, by the computer area",,Visit Wabash County,https://visitwabashcounty.com/events/,https://visitwabashcounty.com/event/silent-book-club-6/,A,Arts & learning,,33,CONFIRMED,12,64c1b59a6c082073ff5688b56a7b356fbd36ee1a8e213e00cda1087a2c969c61
Mahjong Mornings,2026-08-20T10:00:00,2026-08-20T12:00:00,,,Wabash,IN,"NMPL is hosting a new Mahjong Mornings program to provide time for open play! Mahjong is a strategic tile-based game originating in 19th-century China, played by 3–4 people, combining skill, strategy, and luck. Beginners are welcome to come play on a set provided by the library, or bring your own tiles and friends for a competitive round! Whether you’re learning for the first time or looking for a regular group to play with, this relaxed morning gathering is a great way to sharpen your mind, build strategy skills, and connect with fellow players in a friendly, welcoming environment. May the tiles be in your favor! Program Cost: None Program Age Requirements: 16+ Registration: No Location: Blocher Room",,Visit Wabash County,https://visitwabashcounty.com/events/,https://visitwabashcounty.com/event/mahjong-mornings-12/,A,Sports & outdoors,,33,CONFIRMED,12,c580230e0b9f7cd6b87a159e31020707d15750d573531470082473c651b8bd5a
Sensory Babytime,2026-08-20T10:00:00,2026-08-20T10:30:00,,,Wabash,IN,"Babytime is a weekly program designed for babies and their caregivers, offering simple themed activities that support early development - from language and rhythm to movement, coordination, and sensory exploration. Each session blends stories, gentle play, and connection, creating a welcoming space for little ones to learn and grow at their own pace. This week is Sensory Babytime. We will be playing with all different instruments from handheld bells, shaker eggs, rhythm sticks, to even a bongo drum for the first 15-20 minutes! From there, we will transition into the Playroom for some movements. Families with older children are more than welcome to bring them and they can play in the playroom! Program Cost: Free Program Age Requirements: 0-3 + caregivers Registration: None Location: Starting in the Picture Book Room, then moving into the Playroom",,Visit Wabash County,https://visitwabashcounty.com/events/,https://visitwabashcounty.com/event/sensory-babytime-3/,A,Family,,33,CONFIRMED,12,16961985e225b5402a4fac6306eda7593f8d4237ae3cb896bf8453cb718bb0ad
Dave Kunkel Cruise-in,2026-08-21T15:00:00,2026-08-21T21:00:00,,,Wabash,IN,"One of the largest 2-day car shows in the area. Over 400 vehicles on display. Judged car show, door prizes, food vendors, and don ’t forget to check out the […]",,Visit Wabash County,https://visitwabashcounty.com/events/,https://visitwabashcounty.com/event/dave-kunkel-cruise-in/2026-08-21/,A,Food & markets,,33,CONFIRMED,10,d4be93724256c7af06294aee016c48fbf598d099d6557d8b6214ceea14280cf0
A Man Named Cash,2026-08-21T19:30:00,2026-08-21T21:30:00,,,Wabash,IN,"A Man Named Cash is the premier tribute to the music and lives of Johnny Cash and June Carter Cash. Featuring Eric Hofmanis, the only vocalist chosen by The Johnny Cash Estate to lead a concert experience tour celebrating Cash’s legacy, and Megan Houde as June Carter, the show brings nearly 50 years of Cash’s legendary music to life, performing timeless songs like “I Walk The Line,” “Folsom Prison Blues,” “Ring of Fire,” “Man in Black,” and “Hurt.”",,Visit Wabash County,https://visitwabashcounty.com/events/,https://visitwabashcounty.com/event/a-man-named-cash/,A,Music & shows,,33,CONFIRMED,12,57095ec7b80e0b05392dcff57a2e39911b9a3eb6207efb3b0812031cb3b7c3f8
5K Tree Trail Trot,2026-08-22T07:30:00,2026-08-22T10:00:00,,,Wabash,IN,"The Tree Trail Trot Race is a beautiful trail run experience on the gently rolling, wooded trails of Salamonie Lake, one of Indiana\'s Department of Natural Resources State Parks. This […]",,Visit Wabash County,https://visitwabashcounty.com/events/,https://visitwabashcounty.com/event/5k-tree-trail-trot/,A,Sports & outdoors,,33,CONFIRMED,12,b6f698e73c44b324ab3e5ff16a2b4c330d861bb8d5ad2e8a3a12d42d98b65fcc
Miles & Smiles Run & Walk,2026-08-22T08:00:00,2026-08-22T09:00:00,,,Wabash,IN,"Join the Fun with Miles & Smiles! FREE & open to ALL—any age, any fitness level! Whether you’re a seasoned runner or just looking for a fun way to move, […]",Free,Visit Wabash County,https://visitwabashcounty.com/events/,https://visitwabashcounty.com/event/miles-smiles-run-walk/2026-08-22/,A,Sports & outdoors,,33,CONFIRMED,12,1a332be2bd5b93d987aca0d863287c40ba426afc83b234f0ef5f6040dfd4db94
Wabash Farmers Market,2026-08-22T08:00:00,2026-08-22T12:00:00,,,Wabash,IN,Handmade. Homemade. Homegrown. Downtown Wabash’s only farmers market! Check us out every Saturday in May-Sept. from 8 AM to 12 PM (Dogs welcome!),,Visit Wabash County,https://visitwabashcounty.com/events/,https://visitwabashcounty.com/event/wabash-farmers-market/2026-08-22/,A,Food & markets,,33,CONFIRMED,12,c295c151b4f10625a19e9fa2cb958d7a9f7da77aea6800e3f55e17587aad0c63
Dave Kunkel Cruise-in,2026-08-22T09:00:00,2026-08-22T15:00:00,,,Wabash,IN,"One of the largest 2-day car shows in the area. Over 400 vehicles on display. Judged car show, door prizes, food vendors, and don ’t forget to check out the […]",,Visit Wabash County,https://visitwabashcounty.com/events/,https://visitwabashcounty.com/event/dave-kunkel-cruise-in/2026-08-22/,A,Food & markets,,33,CONFIRMED,10,def4414ed3a7d443800d61331da76e8866d56bf8c0cd821258418f0fa2fe3ec4
Shoot Your Shot: Artwork Photography for Artists,2026-08-22T14:00:00,2026-08-22T17:00:00,,,Wabash,IN,"Photographing Your Artwork for Submissions and Portfolios Strong artwork deserves strong documentation. In this hands-on workshop, artists will learn practical techniques for photographing their work clearly and accurately for online competition submissions, portfolios, and personal record keeping. This workshop will focus on photographing 2D artwork and will cover lighting, camera setup, image clarity, color balance, cropping, and common mistakes that can make artwork look less polished or simply different than it does in person. Participants should bring the camera they normally use, whether that is a smartphone, digital camera, or tablet. This workshop will focus on unframed 2D pieces. Framed artwork with glass will not be covered in this session. Artists will leave with a better understanding of how to create clean, accurate images for applications, portfolios, websites, and long-term documentation.",,Visit Wabash County,https://visitwabashcounty.com/events/,https://visitwabashcounty.com/event/shoot-your-shot-artwork-photography-for-artists/,A,Arts & learning,,33,CONFIRMED,12,c43ea3a19df4a485849f4856ae84e17ac1068a1d62334237e6d166e32cc29bdb
Green Hat Lounge Live Music: Reggie Berg & Renee Gonzalez,2026-08-22T19:00:00,2026-08-22T22:00:00,,,Wabash,IN,Join us at Green Hat Lounge for live music every Saturday from 7pm to 10pm! 8/22: Reggie Berg & Renee Gonzalez,,Visit Wabash County,https://visitwabashcounty.com/events/,https://visitwabashcounty.com/event/green-hat-lounge-live-music-reggie-berg-renee-gonzalez/,A,Music & shows,,33,CONFIRMED,13,e527216728a0d99798598e61b6e2446c528273faf2927f5859998f2b10eccd28
Green Hat Lounge Live Music: Vaides Bros,2026-08-23T17:00:00,2026-08-23T20:00:00,,,Wabash,IN,Join us at Green Hat Lounge for live music every Sunday from 5pm to 8pm! 8/23: Vaides Bros,,Visit Wabash County,https://visitwabashcounty.com/events/,https://visitwabashcounty.com/event/green-hat-lounge-live-music-vaides-bros/,A,Music & shows,,33,CONFIRMED,13,f947380ff7dd9709c57921fa9e779a0ffdfb4722d171cc7e4b2976bc352dc666
Happy Together Tour,2026-08-23T18:00:00,2026-08-23T20:00:00,,,Wabash,IN,"Don’t miss this outrageous concert experience featuring your favorite artists from the 60s and 70s: The Association, The Troggs, Chicago lead singer (1985–2016) Jason Scheff, Gary Puckett, The Fortunes, Ron Dante from The Archies and The Turtles, The Vogues, and The Cowsills. Their hits include ""Happy Together,"" “Sugar, Sugar,” “Wild Thing,” “Cherish,” “Young Girl,"" and many more!",,Visit Wabash County,https://visitwabashcounty.com/events/,https://visitwabashcounty.com/event/happy-together-tour/,A,Music & shows,,33,CONFIRMED,12,e60f59b22a2ad2984250b6051a077c29d23dfa80380327b16621287ab3dbb8ac
Walking Wednesday,2026-08-26T09:00:00,2026-08-26T22:00:00,,,Wabash,IN,Join the Wabash Health Department for a weekly walk at 9 AM every Wednesday. Enjoy a new walk leader from the community each week.,Free,Visit Wabash County,https://visitwabashcounty.com/events/,https://visitwabashcounty.com/event/walking-wednesday/2026-08-26/,A,Arts & learning,,33,CONFIRMED,12,363555c1751ea6f4ccef2b53b921521c92f790ba0747851366b8b9d8045bc919
George Thorogood and The Destroyers,2026-08-26T19:00:00,2026-08-26T21:00:00,,,Wabash,IN,"George Thorogood & The Destroyers deliver the “baddest show on earth” with hits like “Bad to the Bone,” “I Drink Alone,” “Move It On Over,” and classics like “One Bourbon, One Scotch, One Beer” and “Who Do You Love?” From basement rehearsals in Wilmington, DE, to opening stadium shows for The Rolling Stones, sharing the stage with Muddy Waters, and performing at Live Aid and on Saturday Night Live, Thorogood, Jeff Simon, and the band have spent over 50 years keeping American rock classics alive while building a legendary live-performance career worldwide.",,Visit Wabash County,https://visitwabashcounty.com/events/,https://visitwabashcounty.com/event/george-thorogood-and-the-destroyers/,A,Food & markets,,33,CONFIRMED,12,f981ab64f9a74cf4a25a22890d482d97b0368a8fa9e02034ba72ab17c57929e9
Baby-Led Feeding: Dipped Apple Pancakes,2026-08-27T10:00:00,2026-08-27T11:00:00,,,Wabash,IN,"Babytime is a weekly program designed for babies and their caregivers, offering simple themed activities that support early development - from language and rhythm to movement, coordination, and sensory exploration. Each session blends stories, gentle play, and connection, creating a welcoming space for little ones to learn and grow at their own pace. At Baby-Led Feeding, caregivers can learn about this approach to introducing solid foods, focusing on safety, independence, and motor skill development. This month, we’re making Dipped Apple Pancakes! Pancakes are a classic, but when you fill them with apples, it’s like taking a bite of apple pie for breakfast! Littles will have a great time measuring and mixing up the batter before eating this scrumptious breakfast food! Program Cost: Free Program Age Requirements: 0-3 + caregivers! Registration: None Location: Picture Book Room",,Visit Wabash County,https://visitwabashcounty.com/events/,https://visitwabashcounty.com/event/baby-led-feeding-dipped-apple-pancakes/,A,Food & markets,,33,CONFIRMED,12,1625ddaae7915e09e027ecd3d391f8661f13e2cdea7e2ff1a0d61854dd5d995c
@ The Landing Concert Series,2026-08-27T17:00:00,2026-08-27T20:00:00,,,Wabash,IN,"Riverfront tunes and local eats at Ogan’s Landing, hosted by Manchester Alive. Bring a chair and your crew for an easy summer evening.",,Visit Wabash County,https://visitwabashcounty.com/events/,https://visitwabashcounty.com/event/the-landing-concert-series-3/,A,Music & shows,,33,CONFIRMED,6,80636b630603849af350acf96c5cf37fa05f5ecb45ab6675e7817afb09cc87d6
Wabash Founders Festival,2026-08-28T16:00:00,2026-08-28T22:00:00,,,Wabash,IN,"Get out to Paradise Spring Historical Park for a fantastic day filled with a parade, family activities, food trucks, entertainers, and a variety of vendors! More info coming soon! 😎 […]",,Visit Wabash County,https://visitwabashcounty.com/events/,https://visitwabashcounty.com/event/founders-festival-2/,A,Family,,33,CONFIRMED,15,525b9e4398bd334048eaf5acb8096b51f528324d1ac1a56a8e8694f28dec8bcf
Wabash Kiwanis Trivia Fundraiser for Riley Children’s Health,2026-08-28T18:30:00,2026-08-28T21:30:00,,,Wabash,IN,"Who? Wabash Kiwanis Club What? Trivia Fundraiser for Riley Children\'s Health When? Friday, August 28; Doors open at 6:30P; Event at 7:30P Where? Wabash Elks Lodge (NW corner of Market and Cass streets) How? Registration will take place closer to the date Why? To support Kiwanis’ and Riley’s missions for kids • Guests must be 18 years or older to attend • 8 rounds of 10 questions • Drinks and food available at Wabash Elks Lodge • A part of Wabash Founders Festival weekend",,Visit Wabash County,https://visitwabashcounty.com/events/,https://visitwabashcounty.com/event/wabash-kiwanis-trivia-fundraiser-for-riley-childrens-health/,A,Family,,33,CONFIRMED,10,f9d4740ce243da0dd7e7c014b53d80db8478f2f6d1fa107b8aef55a28c8c831c
Miles & Smiles Run & Walk,2026-08-29T08:00:00,2026-08-29T09:00:00,,,Wabash,IN,"Join the Fun with Miles & Smiles! FREE & open to ALL—any age, any fitness level! Whether you’re a seasoned runner or just looking for a fun way to move, […]",Free,Visit Wabash County,https://visitwabashcounty.com/events/,https://visitwabashcounty.com/event/miles-smiles-run-walk/2026-08-29/,A,Sports & outdoors,,33,CONFIRMED,12,3ccb1d4cabe2a64b86fa90cf485b053e0eb9581e146924b350895d27dc1cb0e5
Wabash Farmers Market,2026-08-29T08:00:00,2026-08-29T12:00:00,,,Wabash,IN,Handmade. Homemade. Homegrown. Downtown Wabash’s only farmers market! Check us out every Saturday in May-Sept. from 8 AM to 12 PM (Dogs welcome!),,Visit Wabash County,https://visitwabashcounty.com/events/,https://visitwabashcounty.com/event/wabash-farmers-market/2026-08-29/,A,Food & markets,,33,CONFIRMED,12,b7896f350df4a486bc75dfdf8da8f1edf0898a6a3279f6c6e0cb29251d78d5ba
Wabash Founders Festival,2026-08-29T10:00:00,2026-08-29T16:00:00,,,Wabash,IN,"Get out to Paradise Spring Historical Park for a fantastic day filled with a parade, family activities, food trucks, entertainers, and a variety of vendors! More info coming soon! 😎 […]",,Visit Wabash County,https://visitwabashcounty.com/events/,https://visitwabashcounty.com/event/founders-festival/2026-08-29/,A,Family,,33,CONFIRMED,15,cedeebf82b212759d578707bb681e0b7197439b7cb2f94a1ff5fed02305bdcc1
Bluegrass at Hopewell,2026-08-29T18:00:00,2026-08-29T23:45:00,,,Wabash,IN,"Returning for its 6th year, Bluegrass at Hopewell is located in the Hopewell Barn outside of Lagro. Pack your lawn chair, or host a table inside the barn, and join […]",,Visit Wabash County,https://visitwabashcounty.com/events/,https://visitwabashcounty.com/event/blue-grass-at-hopewell/,A,Community,https://visitwabashcounty.com/wp-content/uploads/2026/01/Bluegrass-1.jpg,33,CONFIRMED,12,4f28bee32a3407fc708bbbcc7b41689c97b756a14cb273a1bff14bccd6524194
Green Hat Lounge Live Music: Brian Ames,2026-08-29T19:00:00,2026-08-29T22:00:00,,,Wabash,IN,Join us at Green Hat Lounge for live music every Saturday from 7pm to 10pm! 8/29: Brian Ames,,Visit Wabash County,https://visitwabashcounty.com/events/,https://visitwabashcounty.com/event/green-hat-lounge-live-music-brian-ames/,A,Music & shows,,33,CONFIRMED,13,37aaa4ae7005ce9b69da4ea17e7085639db9c1ef30b7e92b2d735942f6163c54
Green Hat Lounge Live Music: A.M. Alyssa Wellington,2026-08-30T17:00:00,2026-08-30T20:00:00,,,Wabash,IN,Join us at Green Hat Lounge for live music every Sunday from 5pm to 8pm! 8/30: A.M. Alyssa Wellington,,Visit Wabash County,https://visitwabashcounty.com/events/,https://visitwabashcounty.com/event/green-hat-lounge-live-music-a-m-alyssa-wellington/,A,Music & shows,,33,CONFIRMED,13,9dbffd9c9b91322c40fc7fd9f8acd9a2b0c67f2bfd705f259555256a8d973211
Walking Wednesday,2026-09-02T09:00:00,2026-09-02T22:00:00,,,Wabash,IN,Join the Wabash Health Department for a weekly walk at 9 AM every Wednesday. Enjoy a new walk leader from the community each week.,Free,Visit Wabash County,https://visitwabashcounty.com/events/,https://visitwabashcounty.com/event/walking-wednesday/2026-09-02/,A,Arts & learning,,33,CONFIRMED,12,6f556d754d4438ece5a51901cea4d36d3329f51c730e472e34083a360a6e1c1c
The Thursday Parlay: International Circus Hall of Fame,2026-09-03T10:00:00,2026-09-03T11:30:00,,,Wabash,IN,More info coming soon! 😎,,Visit Wabash County,https://visitwabashcounty.com/events/,https://visitwabashcounty.com/event/the-thursday-parlay-international-circus-hall-of-fame/,A,Community,,33,CONFIRMED,12,422ee73e895527c04ad6539e06fcb0116ec475f398ffde3a416877ac6151bf28
First Friday – Multicultural Fest,2026-09-04T17:00:00,2026-09-04T20:00:00,,,Wabash,IN,"Come celebrate different cultures with us! Kid Street, Vendor Row and Food Truck Plaza will be open for this event. Please visit our website for in store sales and promotions.",,Visit Wabash County,https://visitwabashcounty.com/events/,https://visitwabashcounty.com/event/first-friday-8/,A,Food & markets,,33,CONFIRMED,12,a846ea1f4c289ed14765009c513d209b65410ee0974889c7eedaa84a65180d84
Peter Antoniou,2026-09-04T19:30:00,2026-09-04T21:30:00,,,Wabash,IN,"From a childhood fascination with a simple tarot deck to stages around the world, Peter Antoniou has built a career on turning the impossible into unforgettable theatre. Guided by his fortune-telling aunt, he honed his mind-reading skills with the childhood goal of being recruited by the X-Men. Over the last 18 years, he has toured internationally for sold-out crowds. His performances blend razor-sharp comedy, audience connection, and moments that feel like an episode of The Twilight Zone.",,Visit Wabash County,https://visitwabashcounty.com/events/,https://visitwabashcounty.com/event/peter-antoniou/,A,Music & shows,,33,CONFIRMED,12,f3193ef750a32b48c0aba89152d61a1fcb6a0fbac75cf68e08053c0c9f41d795
Miles & Smiles Run & Walk,2026-09-05T08:00:00,2026-09-05T09:00:00,,,Wabash,IN,"Join the Fun with Miles & Smiles! FREE & open to ALL—any age, any fitness level! Whether you’re a seasoned runner or just looking for a fun way to move, […]",Free,Visit Wabash County,https://visitwabashcounty.com/events/,https://visitwabashcounty.com/event/miles-smiles-run-walk/2026-09-05/,A,Sports & outdoors,,33,CONFIRMED,12,42eb9646b9eb2c96cf6e46a084dce016bcfce6537a0dd8a51d43dcae3c488035
Wabash Farmers Market,2026-09-05T08:00:00,2026-09-05T12:00:00,,,Wabash,IN,Handmade. Homemade. Homegrown. Downtown Wabash’s only farmers market! Check us out every Saturday in May-Sept. from 8 AM to 12 PM (Dogs welcome!),,Visit Wabash County,https://visitwabashcounty.com/events/,https://visitwabashcounty.com/event/wabash-farmers-market/2026-09-05/,A,Food & markets,,33,CONFIRMED,12,8186fc2eea59fb8b66a89c163adcbe739ed1cc7d24f9045470e5cad97a3df47d
Groovin’ in the Gardens,2026-08-06T19:00:00,2026-08-06T22:00:00,Wellfield Botanic Gardens,1011 North Main Street,Elkhart,IN,"Summer is here and that means live music, warm evenings, and the most beautiful backdrop in Elkhart. Groovin in the Gardens returns June 25th with six incredible nights of music right here at Wellfield. Grab a blanket, pull up a chair, and settle in for performances from our all-star lineup! Food Trucks and ice cream […]",,Visit Shipshewana,https://visitshipshewana.org/events/,https://visitshipshewana.org/event/groovin-in-the-gardens/2026-08-06/,A,Music & shows,https://visitshipshewana.org/wp-content/uploads/2026/07/Event-Calendar-2026-07-15T141804.240.png,41,CONFIRMED,14,a89054c3aabde9a7da95f18652b310c762772ad35849fa046a804b4943b47e8e
2026 THOR Industries Elkhart Riverwalk Grand Prix Presented by Patrick Industries,2026-08-07T12:00:00,2026-08-08T22:00:00,Downtown Elkhart,"410 S Main St, Elkhart, IN 46516-3209, United States",Elkhart,IN,,,Elkhart events index,https://allevents.in/elkhart/all,https://allevents.in/elkhart/2026-thor-industries-elkhart-riverwalk-grand-prix-presented-by-patrick-industries/200030341758559,C,Arts & learning,https://cdn-ip.allevents.in/s/rs:fill:500:250/g:sm/sh:100/aHR0cHM6Ly9jZG4tYXouYWxsZXZlbnRzLmluL2V2ZW50czcvYmFubmVycy8zZmQ5NTIzOWM1OTU1YWRkYzEwMTRjOGIzMThhMWMyNzE1YmQyZTMwZTE3OTM1YjdlNmRkNGM4MjY5ZmJmNWQ4LXJpbWctdzEyMDAtaDUwMC1kY2Y4ZjhmOC1nbWlyP3Y9MTc4NTQ4NjQzMg.avif,41,CONFIRMED,9,ab9d143d9049e57ca78f6c804263e0d041e8ea2146eeb4645e80f46edc5b9558
Michiana Auto Mania 2026,2026-08-07T17:00:00,2026-08-08T23:55:00,RV Hall Of Fame,"21565 Executive Pkwy, Elkhart, IN 46514-9693, United States",Elkhart,IN,,,Elkhart events index,https://allevents.in/elkhart/all,https://allevents.in/elkhart/michiana-auto-mania-2026/200030157621329,C,Community,https://cdn-ip.allevents.in/s/rs:fill:500:250/g:sm/sh:100/aHR0cHM6Ly9jZG4tYXouYWxsZXZlbnRzLmluL2V2ZW50czEwL2Jhbm5lcnMvYjA0NDJhMTY1Y2FiNjQzZGE2NjJiYjA1OTFlYjI0NmMyNDc0ZWIyNDQzYWZkOWNhNzlhZDJmMDk2NGZiODY1Ny1yaW1nLXcxMjAwLWgxMjAwLWRjMDgwODA4LWdtaXI_dj0xNzg1NDEwNTYx.avif,41,CONFIRMED,9,e92c2be4267b122e0fb56a0eb878f148a285f0cf11bad00ff3f9428d245d1af9
Movie in the Park,2026-08-07T18:00:00,,Roosevelt Park,"1508 Prairie St, Elkhart, IN 46516-3429, United States",Elkhart,IN,,,Elkhart events index,https://allevents.in/elkhart/all,https://allevents.in/elkhart/movie-in-the-park/200029783830549,C,Music & shows,https://cdn-ip.allevents.in/s/rs:fill:500:250/g:sm/sh:100/aHR0cHM6Ly9jZG4tYXouYWxsZXZlbnRzLmluL2V2ZW50czMvYmFubmVycy81MDg4YjAyNzY1MmVkNGUzOWE1MGM1NGE3NWNjZGUwZGM1YWFkMWJjYjQ2N2FmNzBlMTYxOGUwMDM1NjQ1OGExLXJpbWctdzEyMDAtaDY3NS1kYzM4MzgzOC1nbWlyP3Y9MTc4NTU0MTY4Ng.avif,41,CONFIRMED,9,a620c98ad39b0eae830a2ac993d927706ad5c54b5c74f10187883992449966e9
KOI Drag Racing ATV Race at The Michiana Auto Mania on Friday August the 7th,2026-08-07T19:00:00,2026-08-07T23:00:00,"21565 Executive Pkwy, Elkhart, IN 46514-9693, United States","21565 Executive Pkwy, Elkhart, IN 46514-9693, United States",Elkhart,IN,,,Elkhart events index,https://allevents.in/elkhart/all,https://allevents.in/elkhart/koi-drag-racing-atv-race-at-the-michiana-auto-mania-on-friday-august-the-7th/200029852351051,C,Sports & outdoors,https://cdn-ip.allevents.in/s/rs:fill:500:250/g:sm/sh:100/aHR0cHM6Ly9jZG4tYXouYWxsZXZlbnRzLmluL2V2ZW50czIvYmFubmVycy8wMzA4YjYwYWUxZTllODlhNzNmNzM5YjU0MjRhYjdhMjUzZWQxZDAxYjZmYjczNGZkODk2MzQ4YTYxYzQyZjY0LXJpbWctdzEyMDAtaDgwMC1kYzE4MjgyOC1nbWlyP3Y9MTc4NTc1MjE3NA.avif,41,CONFIRMED,9,fbd900e149124b877a216f797c00fdfe957696dd40df162631d34804ad791984
Elkhart Farmers Market,2026-08-08T00:00:00,,"200 Nibco Parkway, Elkhart, IN, United States, Indiana 46516","200 Nibco Pkwy, Elkhart, IN 46516-3568, United States",Elkhart,IN,,,Elkhart events index,https://allevents.in/elkhart/all,https://allevents.in/elkhart/elkhart-farmers-market/200030182727617,C,Food & markets,https://cdn-ip.allevents.in/s/rs:fill:500:250/g:sm/sh:100/aHR0cHM6Ly9jZG4tYXouYWxsZXZlbnRzLmluL2V2ZW50czEwL2Jhbm5lcnMvMGJiYTRjYWZiYWFmYzNjOWE4MGY1Mjg5NjQ3ZWFlMmUxNWFiZGM5ZmIxNzhjOTYyMDY0YTNlOWE3YzNmNTNlYS1yaW1nLXcxMjAwLWg2NzUtZGNlZmYzZjAtZ21pcj92PTE3ODA0ODEyOTc.avif,41,CONFIRMED,9,a0830cb118d8528f2136cfe66206fc8afd63ee55979efd25d5113097f7f36ee0
Elkhart Grand Prix Coachmen Auto Club car show,2026-08-08T10:00:00,,"Downtown Elkhart, Elkhart","418 S Main St,Elkhart, Indiana",Elkhart,IN,,,Elkhart events index,https://allevents.in/elkhart/all,https://allevents.in/elkhart/elkhart-grand-prix-coachmen-auto-club-car-show/200029922253738,C,Arts & learning,https://cdn-ip.allevents.in/s/rs:fill:500:250/g:sm/sh:100/aHR0cHM6Ly9jZG4tYXouYWxsZXZlbnRzLmluL2V2ZW50czgvYmFubmVycy9lZTBlMGUyM2U5MDcxYzEyMjc1NmZiOGM0ZTU2ODVkMzBhM2FjNjI3ZjVjNjI5NDc4NTgxZDNhNTBlNDdkODM3LXJpbWctdzEyMDAtaDYyNy1kY2Y4ZThkOC1nbWlyP3Y9MTc4NTgzNjE2NQ.avif,41,CONFIRMED,12,9843de49dd0012a88ecb0c73570dc22e240995eccaac2f8b9bf69cf3afa52193
Coffee on the Piazza - Shiny Shiny Black,2026-08-08T10:00:00,2026-08-08T12:00:00,Ruthmere Museum,"302 E Beardsley Ave, Elkhart, IN 46514-2719, United States",Elkhart,IN,,,Elkhart events index,https://allevents.in/elkhart/all,https://allevents.in/elkhart/coffee-on-the-piazza-shiny-shiny-black/200030421911832,C,Food & markets,https://cdn-ip.allevents.in/s/rs:fill:500:250/g:sm/sh:100/aHR0cHM6Ly9jZG4tYXouYWxsZXZlbnRzLmluL2V2ZW50czEwL2Jhbm5lcnMvOTc1MDEyNmY0M2I4NjU4MjAzMDUwYjI1NGM0MzU2NTk2MzgzMTk3Nzc1NGIxZDMxZjY3ZWRjYjg0MDliYTBiZS1yaW1nLXcxMjAwLWg2MjgtZGNmOGY4ZjgtZ21pcj92PTE3ODU2NDc2NTg.avif,41,CONFIRMED,9,fdf2b6fd3b211232472c610ad423583440fde62d14e64bfa5ebe1200b7b056f0
Sunset Yoga on Jackson Rooftop,2026-08-09T19:00:00,2026-08-09T21:00:00,The Jackson Rooftop,240 East Jackson Boulevard,Elkhart,IN,,USD 29,Elkhart events index,https://allevents.in/elkhart/all,https://allevents.in/elkhart/sunset-yoga-on-jackson-rooftop/100001993357628326,C,Community,https://cdn-ip.allevents.in/s/rs:fill:500:250/g:sm/sh:100/aHR0cHM6Ly9jZG4tYXouYWxsZXZlbnRzLmluL2V2ZW50czQvYmFubmVycy85ZmQ4OWYwYzY0ZTA5YmRiYzRlMjg0YjQ0NGZkYWJjOTdlYWRmZjBhODU1NmM0MGE0NzAwYjMwOTgxZmE5M2M1LXJpbWctdzc1MC1oMTAwMC1kY2MwOTQ4Yi1nbWlyLmpwZz92PTE3ODM0MjAzOTA.avif,41,CONFIRMED,9,44be30c67c052dc6248601d8bb808e0ed8480821a8f73ef2f10ab9da1f0fcc6d
The Bar-Kays,2026-08-13T19:00:00,,The Lerner Theatre,410 South Main Street,Elkhart,IN,,,Elkhart events index,https://allevents.in/elkhart/all,https://allevents.in/elkhart/the-bar-kays/2300029788644434,C,Community,https://cdn-ip.allevents.in/s/rs:fill:500:250/g:sm/sh:100/aHR0cHM6Ly9jZG4tYXouYWxsZXZlbnRzLmluL2V2ZW50czUvYmFubmVycy8yNGM0NTU3MC05MGY1LTExZjEtODhkYy1lMzg1NmViMjU2OGYtcmltZy13ODAwLWgxMDAwLWRjYzg3ODI4LWdtaXIuanBnP3Y9MTc4NTk1MTc5OA.avif,41,CONFIRMED,9,cf4d01cdd71527a9457daff40a10409d7b4a738852c966203625dff36e8f3634
Leroy Robinson Festival: The Bar-Kays,2026-08-14T23:00:00,,Lerner Theatre,"410 S Main St, Elkhart, IN 46516, US",Elkhart,IN,,,Elkhart events index,https://allevents.in/elkhart/all,https://allevents.in/elkhart/leroy-robinson-festival-the-bar-kays/3200029743443350,C,Festivals,https://cdn-ip.allevents.in/s/rs:fill:500:250/g:sm/sh:100/aHR0cHM6Ly9jZG4tYXouYWxsZXZlbnRzLmluL2V2ZW50czgvYmFubmVycy9lNGJkN2FkMC01ZDE3LTExZjEtOWQ5ZS1lM2FiM2JiMWE0ZmMtcmltZy13MTIwMC1oMTIwMC1kYzA1MDUwNS1nbWlyLmpwZz92PTE3ODAyNDkyNjM.avif,41,CONFIRMED,12,68ce2ef3f16391063c7c6e250cb327a4d3c138f2a022c55e19ad55ed7b883515
5th Annual Food Truck & Vendor Festival Elkhart,2026-08-15T12:00:00,2026-08-15T20:00:00,Civic Plaza,350 South Main Street,Elkhart,IN,,USD 45 to 295,Elkhart events index,https://allevents.in/elkhart/all,https://allevents.in/elkhart/5th-annual-food-truck-and-vendor-festival-elkhart/100001982358102448,C,Food & markets,https://cdn-ip.allevents.in/s/rs:fill:500:250/g:sm/sh:100/aHR0cHM6Ly9jZG4tYXouYWxsZXZlbnRzLmluL2V2ZW50czYvYmFubmVycy9jNzBiOWExMGY2NjNiMGI5ZTdmNTJiMjIwZmU5YWQ1N2E1Y2VkMmNhODNlNTM5ZDQ5N2Y0MmJlOGI5ZGZhNmU0LXJpbWctdzEwODAtaDEzNTAtZGMwMzAzMDMtZ21pci5qcGc_dj0xNzcwMjU4ODUy.avif,41,CONFIRMED,12,686f445c07d904ec412eb906938a68431a878fb306e1da54614baf07c46a6807
Henry Cho: The Empty Nest Tour,2026-08-15T20:00:00,,"410 S Main St, Elkhart, IN, United States, Indiana 46516","410 S Main St, Elkhart, IN 46516-3209, United States",Elkhart,IN,,,Elkhart events index,https://allevents.in/elkhart/all,https://allevents.in/elkhart/henry-cho-the-empty-nest-tour/200029771414213,C,Community,https://cdn-ip.allevents.in/s/rs:fill:500:250/g:sm/sh:100/aHR0cHM6Ly9jZG4tYXouYWxsZXZlbnRzLmluL2V2ZW50czEwL2Jhbm5lcnMvYzVjNjczYjA5ZDk4NjI2ZjQ1NGYwM2YwMWIwYjFmYWQzNGU5OWFiODdkNzVlNzkyZTczYTc0YjRhOGY3MjVkYS1yaW1nLXcxMjAwLWg2MjgtZGMwODA4MDgtZ21pcj92PTE3ODU1NDE2ODQ.avif,41,CONFIRMED,9,28d87ac444fb03a5c74ffa1a5b04407f469b1669c594f11ecb0311852528280e
Legends of Elkhart County Basketball 2026,2026-08-16T15:00:00,2026-08-16T18:00:00,North Side Middle School,300 Lawrence Street,Elkhart,IN,,USD 7 to 9,Elkhart events index,https://allevents.in/elkhart/all,https://allevents.in/elkhart/legends-of-elkhart-county-basketball-2026/100001994006513158,C,Arts & learning,https://cdn-ip.allevents.in/s/rs:fill:500:250/g:sm/sh:100/aHR0cHM6Ly9jZG4tYXouYWxsZXZlbnRzLmluL2V2ZW50czYvYmFubmVycy80ODljZDAyMjU5YzE5Mjc0NWNmNjUxYTFlY2YzM2Q2MDZjYWZlODc2MmY5Y2U2MDc4Yjk2ZDIxMmE0ZWVhZmQzLXJpbWctdzEyMDAtaDE1NTQtZGMwMzAzMDItZ21pci5qcGc_dj0xNzg0MjU1NjYx.avif,41,CONFIRMED,9,f9881ede488909c5a4f9f61dad9093850fa0ed12784fbb306388a37ab25e42a8
Summer Chill Concert Series,2026-08-21T00:00:00,,NIBCO Water and Ice Park,"301 Nibco Pkwy, Elkhart, IN 46516-3565, United States",Elkhart,IN,,,Elkhart events index,https://allevents.in/elkhart/all,https://allevents.in/elkhart/summer-chill-concert-series/200029678728656,C,Music & shows,https://cdn-ip.allevents.in/s/rs:fill:500:250/g:sm/sh:100/aHR0cHM6Ly9jZG4tYXouYWxsZXZlbnRzLmluL2V2ZW50czEvYmFubmVycy9lMWU5NWMzZGNkZjUwZjM1NzVhZTIxOWY0Njc2YzMzOGFjNjQ0NzU4NGM3ZDQ3MzliMzczMDE1ZTQ3Y2JmZTcxLXJpbWctdzEyMDAtaDY3NS1kY2ZkZjZlOC1nbWlyP3Y9MTc4NDI1OTkzMw.avif,41,CONFIRMED,9,fa3a3b37afe31419a6ad805acdd89fdbc8cde5eee1263ce813492675d63734f0
Class of 2006 20th Year Reunion,2026-08-21T18:30:00,2026-08-23T12:30:00,"Hotel Elkhart, Tapestry Collection by Hilton","500 S. Main St,Elkhart,IN,United States",Elkhart,IN,,,Elkhart events index,https://allevents.in/elkhart/all,https://allevents.in/elkhart/class-of-2006-20th-year-reunion/200030119391228,C,Arts & learning,https://cdn-ip.allevents.in/s/rs:fill:500:250/g:sm/sh:100/aHR0cHM6Ly9jZG4tYXouYWxsZXZlbnRzLmluL2V2ZW50czkvYmFubmVycy81NWU5MzcyMGJkNzc2Zjg4YjRlYjA4ZjJiZTRkZWNjOTA3OWExZmVkZWFiNDQ0M2U1MDQ4MmFmZjdmMTNiMTZmLXJpbWctdzEwNzktaDYxOC1kYzM4MzgzOC1nbWlyP3Y9MTc4NTk2MDU0OA.avif,41,CONFIRMED,9,95cb092fc28d116351f55e4c2085b733b3f03e030e9c4a3c5f90470743a38c4c
Taste of the Gardens,2026-08-23T11:00:00,2026-08-23T18:00:00,"1011 N Main St, Elkhart, IN, United States, Indiana 46514","1011 N Main St, Elkhart, IN 46514-3279, United States",Elkhart,IN,,,Elkhart events index,https://allevents.in/elkhart/all,https://allevents.in/elkhart/taste-of-the-gardens/200030196185114,C,Food & markets,https://cdn-ip.allevents.in/s/rs:fill:500:250/g:sm/sh:100/aHR0cHM6Ly9jZG4tYXouYWxsZXZlbnRzLmluL2V2ZW50czIvYmFubmVycy8wODFmZWY1NzQ2YWQxNjYxZWQ2MjJkYmVkNDk3NzQxNjg2MzM0YmQ3NGQ4YWQxODA0MDJiNzZiNTdlYWUxMjc5LXJpbWctdzUxMi1oMzM2LWRjYzhkODc4LWdtaXI_dj0xNzg1NTQxNjg2.avif,41,CONFIRMED,9,26f4194c6edd3ce680850311a365cadce01ce72b6ef96f6ccf5a6529774e773d
VIBRA FEST,2026-08-29T14:00:00,,Elkhart Public Library - Pierre Moran Branch,"2400 Benham Ave, Elkhart, IN 46517-2004, United States",Elkhart,IN,,,Elkhart events index,https://allevents.in/elkhart/all,https://allevents.in/elkhart/vibra-fest/200030384650656,C,Community,https://cdn-ip.allevents.in/s/rs:fill:500:250/g:sm/sh:100/aHR0cHM6Ly9jZG4tYXouYWxsZXZlbnRzLmluL2V2ZW50czUvYmFubmVycy8wNjIxMmVmOGI5MjBiNTI1NzQwN2M1M2UzZDkwMGYyMzE1ODJlYzJmZWIwY2VmYzJkZDNkMmFjYmFjZWFjZGQwLXJpbWctdzEyMDAtaDE1NDMtZGNiOGQ4ZjgtZ21pcj92PTE3ODU2NzYxMjM.avif,41,CONFIRMED,9,736095a7b6a5dca058dd2d262e57b2bf1518e8136e2bec27d4c5e0574b6f740f
FREE CONCERT: Celebration Under the Stars featuring Boyz II Men and The Jacksons,2026-08-29T19:00:00,,"410 S Main St, Elkhart, IN, United States, Indiana 46516","410 S Main St, Elkhart, IN 46516-3209, United States",Elkhart,IN,,,Elkhart events index,https://allevents.in/elkhart/all,https://allevents.in/elkhart/free-concert-celebration-under-the-stars-featuring-boyz-ii-men-and-the-jacksons/200030000173656,C,Music & shows,https://cdn-ip.allevents.in/s/rs:fill:500:250/g:sm/sh:100/aHR0cHM6Ly9jZG4tYXouYWxsZXZlbnRzLmluL2V2ZW50czgvYmFubmVycy8xNTg5ZGRkNDc4NjQ4N2NkMzg1YTg0MGZiOWRiZThhNzk4ZGQyYzVkNjA0NjRhODliNmNjN2Q4OGI0ODE1NDk2LXJpbWctdzEyMDAtaDY3NS1kYzQ4Mjg1OC1nbWlyP3Y9MTc4NTg2ODU3NQ.avif,41,CONFIRMED,9,3bc9c848519bbd074217fdc4d39bd706208522d186afa33c05d28d90b1c2f00f
Whose Live Anyway?,2026-09-11T19:00:00,2026-09-12T21:30:00,Lerner Theatre,"410 S Main St, Elkhart, IN 46516, US",Elkhart,IN,,,Elkhart events index,https://allevents.in/elkhart/all,https://allevents.in/elkhart/whose-live-anyway/3200030299600131,C,Community,https://dyn-image.allevents.in/generate-image?v=4&title=Whose+Live+Anyway%3F&date=Fri+Sep+11+2026+at+07%3A00+pm&bg=2,41,CONFIRMED,9,b7599fe8a025815e1a1a00d4bc83fbeafc914578e2a8e3054aa4be8070833a64
Island of Blues,2026-09-12T11:00:00,2026-09-12T20:00:00,Island Park,"Island Park, Elkhart, IN 46516, United States",Elkhart,IN,,,Elkhart events index,https://allevents.in/elkhart/all,https://allevents.in/elkhart/island-of-blues/200029532706637,C,Community,https://cdn-ip.allevents.in/s/rs:fill:500:250/g:sm/sh:100/aHR0cHM6Ly9jZG4tYXouYWxsZXZlbnRzLmluL2V2ZW50czkvYmFubmVycy80N2I1MDIzZDMzMTE1NTZhMzU4YTllMDQ0ZjZkMjA4MWE2ZmM4YTFmYWRjY2FmODlmYmUxZDUxZTA5OTdkN2EwLXJpbWctdzEyMDAtaDY3NS1kY2Y4ZDgyOC1nbWlyP3Y9MTc4NTc2NzY3OQ.avif,41,CONFIRMED,9,4ef4e34cb91ec62c62aa4d425477972a226a2473249b12595d74d9fb451a482a
Whose Live Anyway? | Official Ticket + Hotel Packages,2026-09-12T19:30:00,2026-09-12T21:30:00,The Lerner Theatre,,Elkhart,IN,,,Elkhart events index,https://allevents.in/elkhart/all,https://allevents.in/elkhart/whose-live-anyway-official-ticket-hotel-packages/210007636664401,C,Community,https://cdn-ip.allevents.in/s/rs:fill:500:250/g:sm/sh:100/aHR0cHM6Ly9jZG4tYXouYWxsZXZlbnRzLmluL2V2ZW50czkvYmFubmVycy81M2RjYjUwYzY0NjE0OTQzN2Q5MzFmYzlhOTNjMzc4ZGNjMTVkMTZhNjZjYzY0M2I3ZjMyMmExMGVmZjFmYzZhLXJpbWctdzEwMjQtaDU3Ni1kYzRjOTZjNy1nbWlyLmpwZz92PTE3ODE5MjIwNjU.avif,41,CONFIRMED,9,d0896f3f3a73a7540f18ef6b90757aefae8304ed8857e56cb82313ece5ff9e07
Wine Walk | Septmber 2026,2026-09-16T17:00:00,2026-09-16T20:30:00,Downtown Elkhart,"410 S Main St, Elkhart, IN 46516-3209, United States",Elkhart,IN,,,Elkhart events index,https://allevents.in/elkhart/all,https://allevents.in/elkhart/wine-walk-septmber-2026/200030469397508,C,Food & markets,https://cdn-ip.allevents.in/s/rs:fill:500:250/g:sm/sh:100/aHR0cHM6Ly9jZG4tYXouYWxsZXZlbnRzLmluL2V2ZW50czEvYmFubmVycy9mNjZjODMzNTM3N2I3ZjZkZGE4YTc3YTRiZTE3N2M2MWZiYzI5YWFkZDk3OTFhOWVlODJmZjRkZDA4YWM0YWMyLXJpbWctdzEyMDAtaDYyOC1kYzM4MjgxOC1nbWlyP3Y9MTc4NTg1NDI2Mw.avif,41,CONFIRMED,9,f35eeccda5f0a9d4e3fc6329d63166e75e3886310ac8c40e29d33c113bc6324a
Island Park Trunk or Treat,2026-10-10T11:00:00,2026-10-10T13:00:00,Island Park,"Island Park, Elkhart, IN 46516, United States",Elkhart,IN,,,Elkhart events index,https://allevents.in/elkhart/all,https://allevents.in/elkhart/island-park-trunk-or-treat/200029532237041,C,Sports & outdoors,https://cdn-ip.allevents.in/s/rs:fill:500:250/g:sm/sh:100/aHR0cHM6Ly9jZG4tYXouYWxsZXZlbnRzLmluL2V2ZW50czQvYmFubmVycy9mODkxYzkxMmRlYTU1M2MzNTU4OWUyN2E1M2JiNjU3Nzc4MmYyYzM0MGE4ZTY4N2RmZTdhOGNiNmE2ZjE5OGVjLXJpbWctdzEyMDAtaDY3NS1kY2Y4ZThjOC1nbWlyP3Y9MTc4NTk2MDU1OA.avif,41,CONFIRMED,9,5e13e845bc64ede79e2de2dac65fd7f8660031973328dfc5ec90851a1a5fd61d
Premier Arts Presents: Sister Act,2026-10-15T19:00:00,2026-10-18T16:00:00,The Lerner Theatre,410 South Main Street,Elkhart,IN,,,Elkhart events index,https://allevents.in/elkhart/all,https://allevents.in/elkhart/premier-arts-presents-sister-act/2300029744393157,C,Arts & learning,https://cdn-ip.allevents.in/s/rs:fill:500:250/g:sm/sh:100/aHR0cHM6Ly9jZG4tYXouYWxsZXZlbnRzLmluL2V2ZW50czIvYmFubmVycy8yNTcxNDA3MC05MGI3LTExZjEtYTMzYS1mNzE1MDY2MmE1YWEtcmltZy13ODA2LWgxMjAwLWRjMDgwODA4LWdtaXIuanBnP3Y9MTc4NTkyNTE3Ng.avif,41,CONFIRMED,9,1a6aeaa9dc256726d2ec50ac9d36d3b98726a8a620206031064fb978b4ce6e2e
Pine Not-So-Haunted Woods Walk,2026-10-17T18:00:00,2026-10-17T20:00:00,Pinewood Park,"1540 Jeanwood Dr, Elkhart, IN 46514-4758, United States",Elkhart,IN,,,Elkhart events index,https://allevents.in/elkhart/all,https://allevents.in/elkhart/pine-not-so-haunted-woods-walk/200029550945744,C,Community,https://cdn-ip.allevents.in/s/rs:fill:500:250/g:sm/sh:100/aHR0cHM6Ly9jZG4tYXouYWxsZXZlbnRzLmluL2V2ZW50czYvYmFubmVycy8yY2EzZTEwNTUwYWRhZWI3M2MxODI5NjM3ZTMxYTBlZGMxNGM0MWU2MjNjYzBhMDEzNzkxNWE0MmZlYTY3NGQ4LXJpbWctdzEyMDAtaDY3NS1kYzM4NDg4OC1nbWlyP3Y9MTc4NTQ5NzQ0Mw.avif,41,CONFIRMED,9,b16359eb89e4d42ad97e381fab8fbc2b83926360d5ddbacf4eb3a6808d20ae88
Trunk-Or-Treat at Southgate Crossing,2026-10-24T17:00:00,2026-10-24T19:00:00,Southgate Crossing,"27751 County Road 26, Elkhart, IN 46517-8572, United States",Elkhart,IN,,,Elkhart events index,https://allevents.in/elkhart/all,https://allevents.in/elkhart/trunk-or-treat-at-southgate-crossing/200029440787522,C,Sports & outdoors,https://cdn-ip.allevents.in/s/rs:fill:500:250/g:sm/sh:100/aHR0cHM6Ly9jZG4tYXouYWxsZXZlbnRzLmluL2V2ZW50czEwL2Jhbm5lcnMvZmM0OWM4MTkyNzMzY2U2MjllMWY1OTJjZWM4MzQ0YWVjYTMzZDIwOTIwMzc0ODEwMTdkZDBjYjdiZDhjZjk2NC1yaW1nLXcxMjAwLWg1NzMtZGMwODA4MDgtZ21pcj92PTE3ODU3OTc0MjI.avif,41,CONFIRMED,9,8f06bbcece2bce2f0b718e863ef5a1083e5814a12de0f99a3af3675bfc7e51ec
Snow White And The Seven Dwarfs,2026-11-06T19:00:00,2026-11-07T18:00:00,The Lerner Theatre,410 South Main Street,Elkhart,IN,,,Elkhart events index,https://allevents.in/elkhart/all,https://allevents.in/elkhart/snow-white-and-the-seven-dwarfs/2300030029818407,C,Community,https://cdn-ip.allevents.in/s/rs:fill:500:250/g:sm/sh:100/aHR0cHM6Ly9jZG4tYXouYWxsZXZlbnRzLmluL2V2ZW50czgvYmFubmVycy9jMzM3YjIzMC05MGRmLTExZjEtYTMzYS1mNzE1MDY2MmE1YWEtcmltZy13OTAwLWgxMjAwLWRjMTgxODE4LWdtaXIuanBnP3Y9MTc4NTk0MjYxNw.avif,41,CONFIRMED,9,ed88a8ac5daec4622a05a664aca374fb7835b52dbc261ca2bb2a919baf9100ce
Bert Kreischer,2026-11-07T00:00:00,2026-11-08T00:00:00,Lerner Theatre,"410 S Main St, Elkhart, IN 46516, US",Elkhart,IN,,,Elkhart events index,https://allevents.in/elkhart/all,https://allevents.in/elkhart/bert-kreischer/3200030193514156,C,Community,https://cdn-ip.allevents.in/s/rs:fill:500:250/g:sm/sh:100/aHR0cHM6Ly9jZG4tYXouYWxsZXZlbnRzLmluL2V2ZW50czkvYmFubmVycy8zOWFjNGQxMC04ZWE0LTExZjEtYTMzYS1mNzE1MDY2MmE1YWEtcmltZy13MTIwMC1oMTIwMC1kYzA4MDgxOC1nbWlyLmpwZz92PTE3ODU2OTcxNDE.avif,41,CONFIRMED,9,17754729aebc2499d9f6767aa70a8fa7a22ca95e811e776f09cb3fd6f0bd7f21
Classical Arts Entertainment - Snow White and The Seven Dwarfs at The Lerner Theatre,2026-11-07T16:00:00,2026-11-07T18:00:00,The Lerner Theatre,"410 S Main St, Elkhart, IN 46516",Elkhart,IN,,,Elkhart events index,https://allevents.in/elkhart/all,https://allevents.in/elkhart/classical-arts-entertainment-snow-white-and-the-seven-dwarfs-at-the-lerner-theatre/2400029878488319,C,Music & shows,https://cdn-ip.allevents.in/s/rs:fill:500:250/g:sm/sh:100/aHR0cHM6Ly9jZG4tYXouYWxsZXZlbnRzLmluL2V2ZW50czIvYmFubmVycy9lMGYxZTVhMC04ZjI0LTExZjEtYTMzYS1mNzE1MDY2MmE1YWEtcmltZy13MTIwMC1oMTIxNC1kYzA4MDgwOC1nbWlyLmpwZz92PTE3ODU3NTIzOTg.avif,41,CONFIRMED,9,6057c0cca2a07f8933a3d781441b75b0f9dec65f1f0513d16c8350184ba2104f
BERT KREISCHER: PERMISSION TO PARTY,2026-11-08T19:00:00,2026-11-08T21:00:00,The Lerner Theatre,,Elkhart,IN,,,Elkhart events index,https://allevents.in/elkhart/all,https://allevents.in/elkhart/bert-kreischer-permission-to-party/210004451819409,C,Arts & learning,https://cdn-ip.allevents.in/s/rs:fill:500:250/g:sm/sh:100/aHR0cHM6Ly9jZG4tYXouYWxsZXZlbnRzLmluL2V2ZW50czcvYmFubmVycy9kYjhhZWNlNzg3OGU2NGRlMTEzMzlkMjk1MDQxYWFkNzI1NjgzZGNmOWQ1YjQxYTc3ZjQ2OWQxNWY2MTBjNGU0LXJpbWctdzEwMjQtaDU3Ni1kYzEyMTQxOS1nbWlyLmpwZz92PTE3Nzk2MzU0Njc.avif,41,CONFIRMED,9,15ef864786dca8181e18f6e25fdb11ef90350a1ccc22e302046dd64ce8e30131
Bert Kreischer at The Lerner Theatre,2026-11-08T19:00:00,,The Lerner Theatre,"410 S Main St, Elkhart, IN 46516",Elkhart,IN,,,Elkhart events index,https://allevents.in/elkhart/all,https://allevents.in/elkhart/bert-kreischer-at-the-lerner-theatre/2400029936158929,C,Music & shows,https://cdn-ip.allevents.in/s/rs:fill:500:250/g:sm/sh:100/aHR0cHM6Ly9jZG4tYXouYWxsZXZlbnRzLmluL2V2ZW50czQvYmFubmVycy9kYWEzYjJlMC01ZDg5LTExZjEtYTcxOC03MzU2Mjk1Mzg1ODctcmltZy13MTA4MC1oMTA4MC1kYzAyMDEwMi1nbWlyLnBuZz92PTE3ODAyOTgyMDk.avif,41,CONFIRMED,9,f51ad7da8681209f168a3c5602a5da683bc8b8a37517d4fbee83078fa0be44f2
Bored Teachers,2026-11-11T19:00:00,2026-11-12T21:30:00,Lerner Theatre,"410 S Main St, Elkhart, IN 46516, US",Elkhart,IN,,,Elkhart events index,https://allevents.in/elkhart/all,https://allevents.in/elkhart/bored-teachers/3200029999163009,C,Community,https://dyn-image.allevents.in/generate-image?v=4&title=Bored+Teachers&date=Wed+Nov+11+2026+at+07%3A00+pm&bg=5,41,CONFIRMED,9,91d3f2f2429767cdb07024c772783a1ab2e40586c274dfe17895cff4fba430dd
Bored Teachers - Is It Friday Yet! Comedy Tour at The Lerner Theatre,2026-11-12T19:30:00,,The Lerner Theatre,"410 S Main St, Elkhart, IN 46516",Elkhart,IN,,,Elkhart events index,https://allevents.in/elkhart/all,https://allevents.in/elkhart/bored-teachers-is-it-friday-yet-comedy-tour-at-the-lerner-theatre/2400029965464955,C,Music & shows,https://cdn-ip.allevents.in/s/rs:fill:500:250/g:sm/sh:100/aHR0cHM6Ly9jZG4tYXouYWxsZXZlbnRzLmluL2V2ZW50czgvYmFubmVycy8zODgxYWQ2MC01ZDljLTExZjEtODkxNC0zOTM0NGIzMGNjNTUtcmltZy13MTIwMC1oNDIyLWRjMTYxNDE2LWdtaXIucG5nP3Y9MTc4MDMwNjA5Nw.avif,41,CONFIRMED,9,26f3b0e155360eb94b937309e86cbae5315f26cdae00c7c836a25190a8e08201
Sir Charles Jones and Friends,2026-11-20T19:00:00,2026-11-21T20:30:00,The Lerner Theatre,410 South Main Street,Elkhart,IN,,,Elkhart events index,https://allevents.in/elkhart/all,https://allevents.in/elkhart/sir-charles-jones-and-friends/2300030154492355,C,Community,https://cdn-ip.allevents.in/s/rs:fill:500:250/g:sm/sh:100/aHR0cHM6Ly9jZG4tYXouYWxsZXZlbnRzLmluL2V2ZW50czEwL2Jhbm5lcnMvY2VjYjQ5NzAtOTBkYy0xMWYxLWEzM2EtZjcxNTA2NjJhNWFhLXJpbWctdzEyMDAtaDEyMDAtZGNlOGU4ZjgtZ21pci5qcGc_dj0xNzg1OTQxMzQ2.avif,41,CONFIRMED,9,ed12868a7a5c99eb260529acc193a9eca3ab492b7bd1bc4f504b1e234971d9c0
Sir Charles Jones & Friends: Pour Me a Drank Southern Soul Tour,2026-11-21T18:30:00,2026-11-21T20:30:00,The Lerner Theatre,,Elkhart,IN,,,Elkhart events index,https://allevents.in/elkhart/all,https://allevents.in/elkhart/sir-charles-jones-and-friends-pour-me-a-drank-southern-soul-tour/210002684680326,C,Community,https://cdn-ip.allevents.in/s/rs:fill:500:250/g:sm/sh:100/aHR0cHM6Ly9jZG4tYXouYWxsZXZlbnRzLmluL2V2ZW50czQvYmFubmVycy8zOGQ5Yzc0MzI5MTA3NDQ1OGZjYzJjYTY3YWU3NzhjMTQ4ZWRiZTY4MTUyMGE3NmFmODMxNjJlM2RkMmU3NDkzLXJpbWctdzEwMjQtaDU3Ni1kY2FmYTNiYS1nbWlyLmpwZz92PTE3Nzk2MzQ0NTY.avif,41,CONFIRMED,9,f72722e9018764e78e92fcbe55387c7003308b26c1a59ca9db85a51600b625ea
Sir Charles Jones with J. Anthony Brown,2026-11-21T18:30:00,2026-11-21T20:30:00,Lerner Theatre,"410 S Main St, Elkhart, IN 46516, US",Elkhart,IN,,,Elkhart events index,https://allevents.in/elkhart/all,https://allevents.in/elkhart/sir-charles-jones-with-j-anthony-brown/3200030196902800,C,Community,https://cdn-ip.allevents.in/s/rs:fill:500:250/g:sm/sh:100/aHR0cHM6Ly9jZG4tYXouYWxsZXZlbnRzLmluL2V2ZW50czgvYmFubmVycy80MDc4ZWFhMC05MDQ3LTExZjEtYmFlMy1mZjdiODc2ZTNhOGQtcmltZy13MTE4NS1oNjM2LWRjMDgwODA4LWdtaXIuanBnP3Y9MTc4NTg3NzExMg.avif,41,CONFIRMED,9,d7a19f8f3efeb57c73ae21e34cfa707759ce4a5c1c4dc46760b4c758e04e1075
Charlie Berens at The Lerner Theatre,2026-11-22T19:00:00,2026-11-22T21:00:00,The Lerner Theatre,"410 S Main St, Elkhart, IN 46516",Elkhart,IN,,,Elkhart events index,https://allevents.in/elkhart/all,https://allevents.in/elkhart/charlie-berens-at-the-lerner-theatre/2400029965581454,C,Music & shows,https://cdn-ip.allevents.in/s/rs:fill:500:250/g:sm/sh:100/aHR0cHM6Ly9jZG4tYXouYWxsZXZlbnRzLmluL2V2ZW50czEvYmFubmVycy8wNWE0OTI4MC04ZjE2LTExZjEtODhkYy1lMzg1NmViMjU2OGYtcmltZy13MTA4MC1oMTA4MC1kYzA4MDgxOC1nbWlyLmpwZz92PTE3ODU3NDYwMzA.avif,41,CONFIRMED,9,6e5fe7ef72a54f6fde830713f8ef42921b56c8528c4814dc0bee405310314573
Charlie Berens: The Lost and Found Tour,2026-11-22T19:00:00,2026-11-22T21:00:00,The Lerner Theatre,,Elkhart,IN,,,Elkhart events index,https://allevents.in/elkhart/all,https://allevents.in/elkhart/charlie-berens-the-lost-and-found-tour/210003024586682,C,Community,https://cdn-ip.allevents.in/s/rs:fill:500:250/g:sm/sh:100/aHR0cHM6Ly9jZG4tYXouYWxsZXZlbnRzLmluL2V2ZW50czEwL2Jhbm5lcnMvN2MzNWQ3ODhlYjRhN2Y4ODBjY2JjYjRlOTUxMTJiNjFkNjIwYjJlYjg4MGY1YjQzZjI5YWM5ZTQ3NWEyNGUxYy1yaW1nLXcxMDI0LWg1NzYtZGMwNDE0MWItZ21pci5qcGc_dj0xNzc5NjM1NDcy.avif,41,CONFIRMED,9,f1dc98fdf12627e8849f3363b0df8dcbdf6c2b452985ec8641f9784960def3a9
The Lerner Loves You: Home Alone,2026-11-29T15:00:00,,"410 S Main St, Elkhart, IN, United States, Indiana 46516","410 S Main St, Elkhart, IN 46516-3209, United States",Elkhart,IN,,,Elkhart events index,https://allevents.in/elkhart/all,https://allevents.in/elkhart/the-lerner-loves-you-home-alone/200029700949208,C,Community,https://cdn-ip.allevents.in/s/rs:fill:500:250/g:sm/sh:100/aHR0cHM6Ly9jZG4tYXouYWxsZXZlbnRzLmluL2V2ZW50czEvYmFubmVycy9lYTczNDBmNjExYmYyMWU2YmU0ODI0ZjVjYTgwZGZkNGIwYmUwZmE1MTliYmIyNWYwM2MwMTZkMGU1M2Y0NmMzLXJpbWctdzEyMDAtaDY3NS1kYzA4MzgzOC1nbWlyP3Y9MTc4NTQ5MzMxMw.avif,41,CONFIRMED,9,da19b28434bbe5e82de1ee8a94896e77251272ecffce9b8c614dd92b74456cbf
Bluebird Acres Blossoms U Pick,2026-08-06T10:00:00,2026-08-06T18:00:00,Bluebird Acres Blossoms,1125 W 050 N,LaGrange,IN,"Amish grown, roadside country stand featuring a come-and-pick or fresh cut flower arrangements. Stand offers empty vases, cutters, and cash only payment box. Stop in any time during daylight hours, Monday thru Saturday only. Ready made, cut fresh arrangements in vases to “grab and go” PLUS empty vases where you can cut, select, pick and […]",,Visit Shipshewana,https://visitshipshewana.org/events/,https://visitshipshewana.org/event/bluebird-acres-blossoms-u-pick/2026-08-06/,A,Community,https://visitshipshewana.org/wp-content/uploads/2026/07/Event-Calendar-2026-07-24T145609.083.png,44,CONFIRMED,14,147927d2228e1ccf56955f924d47c379c10e087b61c9a87db1930715665303c8
Neil Diamond Tribute,2026-08-06T13:00:00,2026-08-06T15:30:00,Blue Gate Music Hall,175 N Van Buren St,Shipshewana,IN,"A Neil Diamond Tribute is a Broadway style production, in which Diamond look and sound alike Keith Allynn, unveils the story of Diamond\'s life and career through Diamond\'s own songs from the 60\'s through today. Allynn masterfully weaves his own comical career journey from a top ten Elvis tribute artist in the world to Neil […]",,Visit Shipshewana,https://visitshipshewana.org/events/,https://visitshipshewana.org/event/neil-diamond-tribute/2026-08-06/,A,Arts & learning,https://visitshipshewana.org/wp-content/uploads/2026/01/neil-diamond-tribute-header.webp,44,CONFIRMED,14,9f4b78aa8cb0367cf84981c2090d46b0062bd4dda14048e059899db6505cf92d
Riverwood Pottery Summer Carving Classes,2026-08-06T17:00:00,2026-08-06T18:30:00,Riverwood Pottery,175 Morton Street,Shipshewana,IN,Join us here in the pottery studio for some fun out of the sun and getting dirty with clay! We can\'t wait to create with you something special and unique that you can use over and over again. We want you to get your hands dirty and de-stress while carving and designing your own hand […],,Visit Shipshewana,https://visitshipshewana.org/events/,https://visitshipshewana.org/event/riverwood-pottery-summer-carving-classes/2026-08-06/1/,A,Arts & learning,https://visitshipshewana.org/wp-content/uploads/2026/04/Info@lagrancecountycvb.org-IMG_7356-scaled.jpeg,44,CONFIRMED,14,d731f5b388c52d296fd825362ed120a3a6d2dcac34843b8e61afcd7ea06f9f03
Essenhaus Classic Car Cruise-In,2026-08-06T17:30:00,2026-08-06T21:00:00,Das Dutchman Essenhaus,240 U.S. 20,Middlebury,IN,"Whether you are a classic car owner or a car enthusiast, this event is for you! We invite you to join us for our 2026 Cruise-Ins every Thursday evening starting at 4:30pm, beginning May 7 through September 24. Registering your classic car is completely free and includes coupons to the Essenhaus Restaurant and the Essenhaus […]",,Visit Shipshewana,https://visitshipshewana.org/events/,https://visitshipshewana.org/event/essenhaus-classic-car-cruise-in-3/2026-08-06/,A,Arts & learning,https://visitshipshewana.org/wp-content/uploads/2026/07/Event-Calendar-2026-07-15T094935.327.png,44,CONFIRMED,17,8beaf9040726e4230943817c9091d76c1e3f66f4f7c5a0b57ca1cf3830e8dd4f
Chonda Pierce,2026-08-06T19:30:00,2026-08-06T21:00:00,Blue Gate Performing Arts Center,760 S Van Buren St,Shipshewana,IN,"Emmy®-nominated and best-selling comedian Chonda Pierce, or ""the country comic"" as Billboard Magazine dubbed her, has been making audiences laugh for more than three decades with her winning combination of fierce wit and southern charm. A stand-up comedian, television hostess, author and actress, Pierce has channeled her life experiences into positivity, bringing laughter to audiences […]",,Visit Shipshewana,https://visitshipshewana.org/events/,https://visitshipshewana.org/event/chonda-pierce/,A,Community,https://visitshipshewana.org/wp-content/uploads/2026/04/Event-headers-3.png,44,CONFIRMED,14,af9bdc5265228244f7e4f5d9b1e5b7268a4ae72f8ae5fb10c227b1874088212e
Love Comes Softly the Musical,2026-08-06T20:00:00,2026-08-06T22:00:00,Blue Gate Music Hall,175 N Van Buren St,Shipshewana,IN,"The beloved, best-selling book by Janette Oke has been given new life in this brand new musical written and composed by Christy Chavers Stutzman, the same composer who brought you ""When Calls the Heart the Musical"". It will sweep you away with its big west sounds, toe-tapping rhythms, and soaring ballads. When newlywed Marty Claridge […]",,Visit Shipshewana,https://visitshipshewana.org/events/,https://visitshipshewana.org/event/love-comes-softly-the-musical/2026-08-06/,A,Music & shows,https://visitshipshewana.org/wp-content/uploads/2026/05/Event-Calendar-2026-05-21T145937.948.png,44,CONFIRMED,14,74528aaf94ac8d7f4ffdd368ff5ecd6f4d1490ec8c9c6be4cd660cf2b8422f65
Bluebird Acres Blossoms U Pick,2026-08-07T10:00:00,2026-08-07T18:00:00,Bluebird Acres Blossoms,1125 W 050 N,LaGrange,IN,"Amish grown, roadside country stand featuring a come-and-pick or fresh cut flower arrangements. Stand offers empty vases, cutters, and cash only payment box. Stop in any time during daylight hours, Monday thru Saturday only. Ready made, cut fresh arrangements in vases to “grab and go” PLUS empty vases where you can cut, select, pick and […]",,Visit Shipshewana,https://visitshipshewana.org/events/,https://visitshipshewana.org/event/bluebird-acres-blossoms-u-pick/2026-08-07/,A,Community,https://visitshipshewana.org/wp-content/uploads/2026/07/Event-Calendar-2026-07-24T145609.083.png,44,CONFIRMED,14,f882f5d71edd58567c01302c956342fcafa0cd61c2b6220f909d571f0f1973fd
The Carpenters Once More: Tribute,2026-08-07T13:00:00,2026-08-07T15:30:00,Blue Gate Music Hall,175 N Van Buren St,Shipshewana,IN,"Come celebrate one Unforgettable Voice and one unforgettable duo, with the sounds of The Carpenters Once More featuring vocalists Diana Lynn. From the birth of this dynamic duo to the last of their public performances, this heartwarming show highlights hits like Yesterday Once More, Close To You, For All We Know: We\'ve Only Just Begun, […]",,Visit Shipshewana,https://visitshipshewana.org/events/,https://visitshipshewana.org/event/the-carpenters-once-more-tribute/2026-08-07/,A,Arts & learning,https://visitshipshewana.org/wp-content/uploads/2026/01/carpenters-once-more-header.webp,44,CONFIRMED,14,c040b846540a5a7e1a6fced224c7c4cb05be8a755ca768383c689963bc873faa
It Takes Two: Famous Duets,2026-08-07T16:00:00,2026-08-07T18:30:00,,,,IN,"It Take Two, starring Branson\'s King and Queen of Diamonds, Keith Allynn and Diana Lynn. Join them and their rotating cast of Branson Superstars as they celebrate famous duets with comedy and music from the stories of your life.",,Visit Shipshewana,https://visitshipshewana.org/events/,https://visitshipshewana.org/event/it-takes-two-famous-duets/2026-08-07/,A,Music & shows,https://visitshipshewana.org/wp-content/uploads/2026/01/it-takes-two-header.webp,44,CONFIRMED,12,f8a2d9e01dfb6be9598f1ae180a48b8b2f2025d0972410eac0a3207a417a9d92
DTFW Summer Series: Night Market — August 6,2026-08-06T16:00:00,2026-08-06T20:00:00,Hop River Brewing Company,"1515 N Harrison St, Fort Wayne, IN 46808-2729, United States",Fort Wayne,IN,,,Fort Wayne events index,https://allevents.in/fort-wayne/all,https://allevents.in/fort-wayne/dtfw-summer-series-night-market-—-august-6/200030031811046,C,Food & markets,https://cdn-ip.allevents.in/s/rs:fill:500:250/g:sm/sh:100/aHR0cHM6Ly9jZG4tYXouYWxsZXZlbnRzLmluL2V2ZW50czEwL2Jhbm5lcnMvNGFkMDZlMzhmMTNlYjI2MDdmNGVkOWQ4NWJiNjM0YjI3MzFmNzNhYjA2ZGMxMTlmNGJlMTk5ZmJkMTY4ODMyMS1yaW1nLXcxMjAwLWg2MjgtZGMwODA4MTgtZ21pcj92PTE3ODU0MjQzNDQ.avif,45,CONFIRMED,9,02dc863fd1b02d54b61b35daaa3ec43a0b0f9d73fb00809d76cfb4d0005c5585
Blueys Big Play - Fort Wayne,2026-08-06T18:00:00,,Embassy Theatre - Fort Wayne,"125 W Jefferson Boulevard, Fort Wayne, IN 46802, US",Fort Wayne,IN,,,Fort Wayne events index,https://allevents.in/fort-wayne/all,https://allevents.in/fort-wayne/blueys-big-play-fort-wayne/3200029854084219,C,Community,https://dyn-image.allevents.in/generate-image?v=4&title=Blueys+Big+Play+-+Fort+Wayne&date=Thu+Aug+06+2026+at+06%3A00+pm&bg=5,45,CONFIRMED,9,ab81539db8780d3cbe6e375ed0b7d12e0e9cd5d2b7debc9451b338ae08b91423
Fort Wayne Muddy River Run 2026,2026-08-08T09:00:00,,Allen County War Memorial Coliseum,"4000 Parnell Ave, Fort Wayne, IN 46805-1414, United States",Fort Wayne,IN,,,Fort Wayne events index,https://allevents.in/fort-wayne/all,https://allevents.in/fort-wayne/fort-wayne-muddy-river-run-2026/200029665272611,C,Sports & outdoors,https://cdn-ip.allevents.in/s/rs:fill:500:250/g:sm/sh:100/aHR0cHM6Ly9jZG4tYXouYWxsZXZlbnRzLmluL2V2ZW50czYvYmFubmVycy9lNmM5MDI5MTI4NDE5YmUwYTJjMGE2MzVmYTI4MDE4OTgwZmQ4ZGRlODE4MWU3MTg2ODE4NjU4NjU2MGRiNmM4LXJpbWctdzgyMC1oMzEyLWRjMjgyODI4LWdtaXI_dj0xNzg1NDg1ODI4.avif,45,CONFIRMED,9,84a587542b1d20509e64666e4f2788a93889b295ddeb7a52cf5bde4256562364
Fiesta Fort Wayne 2026,2026-08-08T11:00:00,2026-08-08T22:30:00,Headwaters Park,"159 S Clinton St, Fort Wayne, IN 46802-1224, United States",Fort Wayne,IN,,,Fort Wayne events index,https://allevents.in/fort-wayne/all,https://allevents.in/fort-wayne/fiesta-fort-wayne-2026/200029428945154,C,Community,https://cdn-ip.allevents.in/s/rs:fill:500:250/g:sm/sh:100/aHR0cHM6Ly9jZG4tYXouYWxsZXZlbnRzLmluL2V2ZW50czEwL2Jhbm5lcnMvMmQxZWQ4YTk0NjFkMDVmMGYxMjIyYjRjNGYyZmE2YzI0YzM0NDM5NDk4OTBhN2U0NjQyN2EzMDQ0ODhiZjA5Ny1yaW1nLXcxMjAwLWg2NzUtZGNmODc4MTgtZ21pcj92PTE3ODU2MTA4MTE.avif,45,CONFIRMED,9,ca6dbf59b716ebf8cf53990cd705fb5925b66e596fde0d1dda26713c83de79dc
Tattoo Fest Fort Wayne,2026-08-14T13:00:00,2026-08-16T19:00:00,Grand Wayne Convention Center,"219 W Washington Blvd, Fort Wayne, IN 46802-3020, United States",Fort Wayne,IN,,,Fort Wayne events index,https://allevents.in/fort-wayne/all,https://allevents.in/fort-wayne/tattoo-fest-fort-wayne/200029037722630,C,Community,https://cdn-ip.allevents.in/s/rs:fill:500:250/g:sm/sh:100/aHR0cHM6Ly9jZG4tYXouYWxsZXZlbnRzLmluL2V2ZW50czEvYmFubmVycy8xZjYxMjU5ZTJkMzhjZTdiNjM2OTlhZWU3N2E3ODM5ZDEwOGEyOGQ2YzJjYmVlOWNmODQ5ZjE4ZDIxYWU0N2NkLXJpbWctdzEyMDAtaDY0NS1kY2U4ZThlOC1nbWlyP3Y9MTc4NTY0MTQ0NA.avif,45,CONFIRMED,9,a4174c50e4211505ca8480f3a64585d809802a5ddc40824aadc32882c91fe01c
Open Streets Fort Wayne,2026-08-16T12:00:00,,"S Calhoun St, Fort Wayne, IN, United States","4030 S Calhoun St, Fort Wayne, IN 46807-2410, United States",Fort Wayne,IN,,,Fort Wayne events index,https://allevents.in/fort-wayne/all,https://allevents.in/fort-wayne/open-streets-fort-wayne/200029527101331,C,Community,https://cdn-ip.allevents.in/s/rs:fill:500:250/g:sm/sh:100/aHR0cHM6Ly9jZG4tYXouYWxsZXZlbnRzLmluL2V2ZW50czMvYmFubmVycy8xYmUxNGRkYTlmZDMzMDk4NDg0Zjc0NzhlYTAzM2I0YTgyNDUwM2Y1ODdiMDBlNGNhMjY0YmI3N2FhYTI5NTdlLXJpbWctdzEyMDAtaDYzMC1kY2Y4ZjhmOC1nbWlyP3Y9MTc4NTk1NTY1MQ.avif,45,CONFIRMED,9,95b82ef16f6bf529940eee8968f918313194be6e95ee793826087208c7b4df61
Great Lakes Loons at Fort Wayne TinCaps at Parkview Field,2026-08-18T00:00:00,,Parkview Field,"Ewing St and W Jefferson Blvd, Fort Wayne, IN 46802",Fort Wayne,IN,,,Fort Wayne events index,https://allevents.in/fort-wayne/all,https://allevents.in/fort-wayne/great-lakes-loons-at-fort-wayne-tincaps-at-parkview-field/2400028710185213,C,Community,https://cdn-ip.allevents.in/s/rs:fill:500:250/g:sm/sh:100/aHR0cHM6Ly9jZG4tYXouYWxsZXZlbnRzLmluL2V2ZW50czcvYmFubmVycy81N2E1NTRkMC0zZDM1LTExZjEtOTQ2Yi1hMTJmMmM2NWU0YjMtcmltZy13MTIwMC1oNjAwLWRjMGY0YjMyLWdtaXIuanBnP3Y9MTc3Njc0MzQ3NA.avif,45,CONFIRMED,9,32dcbcd368beb5e523a9758a3fada67d56bb6e81bba18f68027976d144d1f175
Fort Wayne Tincaps vs. Great Lakes Loons,2026-08-18T18:35:00,2026-08-23T15:05:00,Parkview Field,1301 Ewing Street,Fort Wayne,IN,,USD 18 to 34,Fort Wayne events index,https://allevents.in/fort-wayne/all,https://allevents.in/fort-wayne/fort-wayne-tincaps-vs-great-lakes-loons/2300026140104001,C,Community,https://cdn-ip.allevents.in/s/rs:fill:500:250/g:sm/sh:100/aHR0cHM6Ly9jZG4tYXouYWxsZXZlbnRzLmluL2V2ZW50czUvYmFubmVycy9kZjQ4NmVmMC05MDIyLTExZjEtODhkYy1lMzg1NmViMjU2OGYtcmltZy13MTIwMC1oNjAwLWRjZjhmOGY4LWdtaXIuanBnP3Y9MTc4NTg2MTQ5NA.avif,45,CONFIRMED,9,4c2c1bb993b5f03055872ae99320497a012291627fb0eb6d6553e7a63912dc14
Josh Blue at Summit City Comedy Club,2026-08-29T00:00:00,,Summit City Comedy Club,"5535 St Joe Rd, Fort Wayne, IN 46835",Fort Wayne,IN,,,Fort Wayne events index,https://allevents.in/fort-wayne/all,https://allevents.in/fort-wayne/josh-blue-at-summit-city-comedy-club/2400029904431938,C,Music & shows,https://cdn-ip.allevents.in/s/rs:fill:500:250/g:sm/sh:100/aHR0cHM6Ly9jZG4tYXouYWxsZXZlbnRzLmluL2V2ZW50czgvYmFubmVycy9kZDZlNzlhMC03YTNiLTExZjEtOWM1Zi1iMTViZDU2NTY1MDktcmltZy13MTIwMC1oNjc1LWRjMWY0NjhhLWdtaXIuanBnP3Y9MTc4MzQ1MzI5Ng.avif,45,CONFIRMED,9,f8d64ad45a84e2088de511000029213987ec71a23e838dd741cceb01d1ea84e1
Taste of the Arts Festival 2026,2026-08-29T11:00:00,2026-08-29T17:00:00,Arts Campus Fort Wayne,"300 E Main St, Fort Wayne, IN 46802-1919, United States",Fort Wayne,IN,,,Fort Wayne events index,https://allevents.in/fort-wayne/all,https://allevents.in/fort-wayne/taste-of-the-arts-festival-2026/200029984946934,C,Food & markets,https://cdn-ip.allevents.in/s/rs:fill:500:250/g:sm/sh:100/aHR0cHM6Ly9jZG4tYXouYWxsZXZlbnRzLmluL2V2ZW50czEvYmFubmVycy8wN2VlYWFlOTFlZjA0YTgyMzEwNTJiY2E5ZjJiYTA5Y2I1M2RkODAyZmZmYjNhMjkyNDMxZGI3MmIyYzdmNDEyLXJpbWctdzEyMDAtaDY3NS1kYzg4Yzg0OC1nbWlyP3Y9MTc4NTYxNTAxNA.avif,45,CONFIRMED,12,9efe3a02e94b23b89f572ac791487754ca5a3a080a05a82ef6a712e98758f5c1
Brooks And Dunn: Neon Moon Tour,2026-09-10T19:00:00,,Evansville Indiana,"Fort Wayne,IN,United States",Fort Wayne,IN,,,Fort Wayne events index,https://allevents.in/fort-wayne/all,https://allevents.in/fort-wayne/brooks-and-dunn-neon-moon-tour/200030318239612,C,Community,https://cdn-ip.allevents.in/s/rs:fill:500:250/g:sm/sh:100/aHR0cHM6Ly9jZG4tYXouYWxsZXZlbnRzLmluL2V2ZW50czYvYmFubmVycy80MDczMmJjYzIxOWRhOWM5MmY0NDVjZDA3Y2Q1Nzg4OTQxOTVmZTNkNzc1ODc2ZDUyNzFkYzBiYzUwMWVjYjMyLXJpbWctdzc3MC1oNTE2LWRjMWExNjE5LWdtaXI_dj0xNzg1MzgzODEx.avif,45,CONFIRMED,9,9c7bdf945b41ccbd389b5b709fc7fb2653fab0885845efb879930dc088f0a9af
Brewed IN the Fort Craft Beer Festival 2026,2026-09-12T14:00:00,2026-09-12T17:00:00,Headwaters Park,333 South Clinton Street,Fort Wayne,IN,,USD 12 to 115,Fort Wayne events index,https://allevents.in/fort-wayne/all,https://allevents.in/fort-wayne/brewed-in-the-fort-craft-beer-festival-2026/100001984136808606,C,Food & markets,https://cdn-ip.allevents.in/s/rs:fill:500:250/g:sm/sh:100/aHR0cHM6Ly9jZG4tYXouYWxsZXZlbnRzLmluL2V2ZW50czQvYmFubmVycy9kMmZlMTQ3OTliMjQwNzNlMDAwMDk5ZjY2YWVlOTQzNTA4YjU3NjYxMzY1NDY0OTUxMWJkMDkyNTIxYjBlMTRmLXJpbWctdzEyMDAtaDYwMC1kYzFmNGE1Yy1nbWlyLmpwZz92PTE3NzI0NzQ0OTE.avif,45,CONFIRMED,12,1f2162a2c8a7a36c3e3fef9a4afd3dc1dfd1ac5af0eab8fa8c21c76abe7fd098
Switchfoot,2026-09-16T19:00:00,,Sweetwater Performance Pavilion,"5501 U.S. 30, Fort Wayne, IN 46818, US",Fort Wayne,IN,,,Fort Wayne events index,https://allevents.in/fort-wayne/all,https://allevents.in/fort-wayne/switchfoot/3200030392949621,C,Community,https://cdn-ip.allevents.in/s/rs:fill:500:250/g:sm/sh:100/aHR0cHM6Ly9jZG4tYXouYWxsZXZlbnRzLmluL2V2ZW50czkvYmFubmVycy83NWY3YjUyMC03ZDViLTExZjEtYTBmMC1iM2ZjMDU5MzBlMTYtcmltZy13MTIwMC1oMTIwMC1kYzA0MDQxNi1nbWlyLmpwZz92PTE3ODM3OTY3MjA.avif,45,CONFIRMED,9,ee1fc5b7d9f4e4657cc0689b38e2783f5ff53cd331e919253a7f8c1da30e8fd1
Switchfoot at Sweetwater Pavilion,2026-09-17T20:00:00,2026-09-17T22:00:00,Sweetwater Pavilion,"5501 US-30, Fort Wayne, IN 46818",Fort Wayne,IN,,,Fort Wayne events index,https://allevents.in/fort-wayne/all,https://allevents.in/fort-wayne/switchfoot-at-sweetwater-pavilion/2400029858217317,C,Community,https://cdn-ip.allevents.in/s/rs:fill:500:250/g:sm/sh:100/aHR0cHM6Ly9jZG4tYXouYWxsZXZlbnRzLmluL2V2ZW50czMvYmFubmVycy9iYWQ1MTkwMC05MDA1LTExZjEtODhkYy1lMzg1NmViMjU2OGYtcmltZy13MTIwMC1oODMwLWRjMTgwODA4LWdtaXIuanBnP3Y9MTc4NTg0OTAwNw.avif,45,CONFIRMED,9,ab31aef516e1a48f57a042ae114abb014596bea635c5c006364b08a19919ca44
Ginger Billy at Summit City Comedy Club,2026-09-18T00:00:00,2026-09-19T00:00:00,Summit City Comedy Club,"5535 St Joe Rd, Fort Wayne, IN 46835",Fort Wayne,IN,,,Fort Wayne events index,https://allevents.in/fort-wayne/all,https://allevents.in/fort-wayne/ginger-billy-at-summit-city-comedy-club/2400029126669142,C,Music & shows,https://cdn-ip.allevents.in/s/rs:fill:500:250/g:sm/sh:100/aHR0cHM6Ly9jZG4tYXouYWxsZXZlbnRzLmluL2V2ZW50czEvYmFubmVycy9mZGNiMzY4MC03YTAzLTExZjEtYjA0OC04NTJlMWZkMmQ2N2EtcmltZy13MTIwMC1oNDU1LWRjMjcyMzI0LWdtaXIucG5nP3Y9MTc4MzQyOTI5OQ.avif,45,CONFIRMED,9,5fa7cb41fbfa00ee6ee4bccdbe80d5bcb366585c16768e3dd557cd13ff09748b
Leanne Morgan,2026-09-20T00:00:00,,Embassy Theatre - Fort Wayne,"125 W Jefferson Boulevard, Fort Wayne, IN 46802, US",Fort Wayne,IN,,,Fort Wayne events index,https://allevents.in/fort-wayne/all,https://allevents.in/fort-wayne/leanne-morgan/3200030182139142,C,Community,https://dyn-image.allevents.in/generate-image?v=4&title=Leanne+Morgan&date=Sun+Sep+20+2026&bg=3,45,CONFIRMED,9,1648175b278a51b123b0666c023fcf63cc805ad0b2f0461d9dc1294eeb7d712b
Three Dog Night,2026-09-20T18:00:00,,Foellinger Theatre,,Fort Wayne,IN,,,Fort Wayne events index,https://allevents.in/fort-wayne/all,https://allevents.in/fort-wayne/three-dog-night/200030438199131,C,Community,https://cdn-ip.allevents.in/s/rs:fill:500:250/g:sm/sh:100/aHR0cHM6Ly9jZG4tYXouYWxsZXZlbnRzLmluL2V2ZW50czEwL2Jhbm5lcnMvZmFiOTU2ZmM3Y2Y5OWYxNDE4NmY1ODZkY2Y4ZDRhZTMyNTQ5NTY4ZDc4NDU4ZDgyNWU5NmJmMTVmNmQyNThiMS1yaW1nLXcxMjAwLWg2NzUtZGMwODA4MDgtZ21pcj92PTE3ODU5NTU2NTk.avif,45,CONFIRMED,9,b097a7f8180473f59e3dfe7bb05c14059857541092f8b8069f3a5a64f6e9d747
Jon Pardi at Allen County War Memorial Coliseum,2026-09-24T00:00:00,,Allen County War Memorial Coliseum,"4000 Parnell Ave., Fort Wayne, IN 46805",Fort Wayne,IN,,,Fort Wayne events index,https://allevents.in/fort-wayne/all,https://allevents.in/fort-wayne/jon-pardi-at-allen-county-war-memorial-coliseum/2400030476970549,C,Community,https://cdn-ip.allevents.in/s/rs:fill:500:250/g:sm/sh:100/aHR0cHM6Ly9jZG4tYXouYWxsZXZlbnRzLmluL2V2ZW50czcvYmFubmVycy83NWQ1Y2IwMC04ZjdmLTExZjEtODhkYy1lMzg1NmViMjU2OGYtcmltZy13MTIwMC1oNzQ3LWRjMDgwODA4LWdtaXIuanBnP3Y9MTc4NTc5MTMyOQ.avif,45,CONFIRMED,9,3f5741be5722726cc38d8b6183eb6a02c63ff1b360f367ef173c07fb0d4138f9
Jon Pardi: Gamblin' Man Tour 2026,2026-09-24T19:00:00,2026-09-24T21:00:00,Allen County War Memorial Coliseum,,Fort Wayne,IN,,,Fort Wayne events index,https://allevents.in/fort-wayne/all,https://allevents.in/fort-wayne/jon-pardi-gamblin-man-tour-2026/210002347078341,C,Community,https://cdn-ip.allevents.in/s/rs:fill:500:250/g:sm/sh:100/aHR0cHM6Ly9jZG4tYXouYWxsZXZlbnRzLmluL2V2ZW50czkvYmFubmVycy83NzY4NjMwM2QxNjU5NDQxOGUzN2I2M2UzMzllNTEyYzAzZjU2M2RhOGRlYzc4Nzg4NzkxMjVkMWI2NWQ3NzUyLXJpbWctdzEwMjQtaDU3Ni1kYzE4MDgwOC1nbWlyLmpwZz92PTE3ODU2MDg1MjM.avif,45,CONFIRMED,9,5a4f0741a1b2a9394d3db812228fb654aa2924c22ff84275f0be3724a8d1ab89
Scotty McCreery at Sweetwater Pavilion,2026-09-25T20:00:00,,Sweetwater Pavilion,"5501 US-30, Fort Wayne, IN 46818",Fort Wayne,IN,,,Fort Wayne events index,https://allevents.in/fort-wayne/all,https://allevents.in/fort-wayne/scotty-mccreery-at-sweetwater-pavilion/2400030026771041,C,Community,https://cdn-ip.allevents.in/s/rs:fill:500:250/g:sm/sh:100/aHR0cHM6Ly9jZG4tYXouYWxsZXZlbnRzLmluL2V2ZW50czkvYmFubmVycy8wYzAzMmRkMC02NDhjLTExZjEtYjBjZC0zZDUzZWJiMzQ1NGEtcmltZy13MTA1MC1oMTA1MC1kYzE3MTYxNy1nbWlyLnBuZz92PTE3ODEwNjg4MDk.avif,45,CONFIRMED,9,b119a42420207f8165666356c2978beb5014d8d55ca7ad2456471b766ceab161
Noel Miller,2026-09-30T19:00:00,2026-09-30T23:30:00,Summit City Comedy Club - IN,5535 St Joe Rd,Fort Wayne,IN,,,Fort Wayne events index,https://allevents.in/fort-wayne/all,https://allevents.in/fort-wayne/noel-miller/2300030477640936,C,Community,https://cdn-ip.allevents.in/s/rs:fill:500:250/g:sm/sh:100/aHR0cHM6Ly9jZG4tYXouYWxsZXZlbnRzLmluL2V2ZW50czcvYmFubmVycy84MjlkNWVhMC05MDllLTExZjEtYmFlMy1mZjdiODc2ZTNhOGQtcmltZy13MTA4MC1oMTM1MC1kYzA4MDgwOC1nbWlyLmpwZz92PTE3ODU5MTQ1OTA.avif,45,CONFIRMED,9,7ef5b25ceecc0cd0d8c1aa5658ae6e59c5a582defde3ad8e8810899b8ba1683b
Art This Way Fest,2026-10-02T05:00:00,2026-10-03T12:00:00,"Broadway, Fort Wayne, IN, United States","2047 Broadway, Fort Wayne, IN 46802-3709, United States",Fort Wayne,IN,,,Fort Wayne events index,https://allevents.in/fort-wayne/all,https://allevents.in/fort-wayne/art-this-way-fest/200029940398050,C,Arts & learning,https://cdn-ip.allevents.in/s/rs:fill:500:250/g:sm/sh:100/aHR0cHM6Ly9jZG4tYXouYWxsZXZlbnRzLmluL2V2ZW50czgvYmFubmVycy8yYTc3Yzg2OTdlODg0N2FiODFkZGRiNTI5OWI0ODI0NjAyNmQ5NWFhOTRiZmUzYWFmNTNjOWVjYTQ2ZTJlMWMzLXJpbWctdzEyMDAtaDczOC1kY2Y4ZjhmOC1nbWlyP3Y9MTc4NTQ4ODQ1Mw.avif,45,CONFIRMED,9,7f0fd11b9a212272a457ef1e294d7d6094bed92973eebb01044cd6f947c32d79
Robin Trower at Clyde Theatre - IN,2026-10-09T19:30:00,2026-10-09T21:30:00,Clyde Theatre - IN,"1808 Bluffton Rd, Fort Wayne, IN 46808",Fort Wayne,IN,,,Fort Wayne events index,https://allevents.in/fort-wayne/all,https://allevents.in/fort-wayne/robin-trower-at-clyde-theatre-in/2400030140199828,C,Music & shows,https://dyn-image.allevents.in/generate-image?v=4&title=Robin+Trower+at+Clyde+Theatre+-+IN&date=Fri+Oct+09+2026+at+07%3A30+pm&bg=4,45,CONFIRMED,9,483297024ed05aa81a53970fa72d67222ce4548d2cb60d38caa523c4c5af005c
Bruce Hornsby And The Noisemakers,2026-10-10T00:00:00,,Clyde Theatre,1808 Bluffton Rd,Fort Wayne,IN,,,Fort Wayne events index,https://allevents.in/fort-wayne/all,https://allevents.in/fort-wayne/bruce-hornsby-and-the-noisemakers/2300030484098146,C,Community,https://cdn-ip.allevents.in/s/rs:fill:500:250/g:sm/sh:100/aHR0cHM6Ly9jZG4tYXouYWxsZXZlbnRzLmluL2V2ZW50czUvYmFubmVycy82ZWM3N2NlMC04ZmM2LTExZjEtODhkYy1lMzg1NmViMjU2OGYtcmltZy13MTIwMC1oNjc1LWRjMDgwODA4LWdtaXIuanBnP3Y9MTc4NTgyMTc4NQ.avif,45,CONFIRMED,9,6899e17ea8aac633ab9e1a8197ca8892a77789b794fc07011def2b67f4d06846
Brad Williams,2026-10-14T19:00:00,2026-10-15T21:00:00,Embassy Theatre,125 West Jefferson Blvd,Fort Wayne,IN,,,Fort Wayne events index,https://allevents.in/fort-wayne/all,https://allevents.in/fort-wayne/brad-williams/2300029260269433,C,Community,https://cdn-ip.allevents.in/s/rs:fill:500:250/g:sm/sh:100/aHR0cHM6Ly9jZG4tYXouYWxsZXZlbnRzLmluL2V2ZW50czkvYmFubmVycy8wNTY0MjEzMC04YzcwLTExZjEtYTMzYS1mNzE1MDY2MmE1YWEtcmltZy13MTA4MC1oMTA4MC1kYzE4MTgyOC1nbWlyLmpwZz92PTE3ODU0NTQ4MzM.avif,45,CONFIRMED,9,35a3b22955ffac8be805a1a6ae88a7e1e95744369d68d8cdf76646ac84a0947a
Weird Al Yankovic,2026-10-14T19:00:00,2026-10-15T21:30:00,Allen County War Memorial Coliseum,4000 Parnell Ave,Fort Wayne,IN,,,Fort Wayne events index,https://allevents.in/fort-wayne/all,https://allevents.in/fort-wayne/weird-al-yankovic/2300029243779318,C,Community,https://cdn-ip.allevents.in/s/rs:fill:500:250/g:sm/sh:100/aHR0cHM6Ly9jZG4tYXouYWxsZXZlbnRzLmluL2V2ZW50czEvYmFubmVycy8xNDFmMTVmMC04MjQyLTExZjEtOGE4Yy0zZmU1N2Q3MGU1ODktcmltZy13MTIwMC1oNjc1LWRjMTExYzMyLWdtaXIuanBnP3Y9MTc4NDMzNTU3NA.avif,45,CONFIRMED,9,a8323789e232b9fda637d15761ef2c1502b65bc26dc83a21ce0c37217dd83dc6
Weird Al Yankovic at Allen County War Memorial Coliseum,2026-10-15T19:30:00,2026-10-15T21:30:00,Allen County War Memorial Coliseum,"4000 Parnell Ave., Fort Wayne, IN 46805",Fort Wayne,IN,,,Fort Wayne events index,https://allevents.in/fort-wayne/all,https://allevents.in/fort-wayne/weird-al-yankovic-at-allen-county-war-memorial-coliseum/2400029261999506,C,Community,https://cdn-ip.allevents.in/s/rs:fill:500:250/g:sm/sh:100/aHR0cHM6Ly9jZG4tYXouYWxsZXZlbnRzLmluL2V2ZW50czgvYmFubmVycy9kYzlmOTk3MC05MDRiLTExZjEtYmFlMy1mZjdiODc2ZTNhOGQtcmltZy13MTIwMC1oNDc3LWRjMDgxODI4LWdtaXIuanBnP3Y9MTc4NTg3OTEzNQ.avif,45,CONFIRMED,9,33d722889a36c80b537a336f262a5e381554f6fba9b36b4ec6212dcdbe309aa4
Parking Weird Al Yankovic with Puddles Piddy Party,2026-10-15T23:30:00,,Allen County War Memorial Coliseum,"4000 Parnell Ave, Fort Wayne, IN 46805, US",Fort Wayne,IN,,,Fort Wayne events index,https://allevents.in/fort-wayne/all,https://allevents.in/fort-wayne/parking-weird-al-yankovic-with-puddles-piddy-party/3200029323846949,C,Arts & learning,https://cdn-ip.allevents.in/s/rs:fill:500:250/g:sm/sh:100/aHR0cHM6Ly9jZG4tYXouYWxsZXZlbnRzLmluL2V2ZW50czEvYmFubmVycy8zNGVhNDBjMC1lYTE3LTExZjAtODA0NC0zOTFkM2E0ZDU1MWQtcmltZy13MTIwMC1oNjAwLWRjMTQxYzMxLWdtaXIuanBnP3Y9MTc2NzYwNDU4NA.avif,45,CONFIRMED,9,5850672c75035ff8892af327ba0ec3c2c1643277f4c030b1bf184b479366cb32
"Jurassic Quest | Allen County War Memorial Coliseum | Fort Wayne, IN 2026",2026-10-16T00:00:00,2026-10-18T00:00:00,Allen County War Memorial Coliseum,,Fort Wayne,IN,,,Fort Wayne events index,https://allevents.in/fort-wayne/all,https://allevents.in/fort-wayne/jurassic-quest-allen-county-war-memorial-coliseum-fort-wayne-in-2026/210002837843149,C,Community,https://cdn-ip.allevents.in/s/rs:fill:500:250/g:sm/sh:100/aHR0cHM6Ly9jZG4tYXouYWxsZXZlbnRzLmluL2V2ZW50czcvYmFubmVycy9mNjM1MzY0ZTYyYjA2MjI3Yzg4YTdjODA3YTU2YzU5MWY2YTEzOTNiYjgxMjU0OWU4MmZlNGQwNzQ3NGY1Mjg0LXJpbWctdzEwMjQtaDU3Ni1kYzI4MjgyOC1nbWlyLmpwZz92PTE3ODU2MTE0Mjc.avif,45,CONFIRMED,9,d9b0cb0aca3b217384ed2761082b95dc4052d215fb3eec5c82490060c7fcc3b4
Jurassic Quest - Fort Wayne,2026-10-18T00:00:00,,Allen County War Memorial Coliseum,"4000 Parnell Ave, Fort Wayne, IN 46805, US",Fort Wayne,IN,,USD 58 to 196,Fort Wayne events index,https://allevents.in/fort-wayne/all,https://allevents.in/fort-wayne/jurassic-quest-fort-wayne/3200027094993502,C,Community,https://cdn-ip.allevents.in/s/rs:fill:500:250/g:sm/sh:100/aHR0cHM6Ly9jZG4tYXouYWxsZXZlbnRzLmluL2V2ZW50czMvYmFubmVycy9jMDhjMzE3MC02OWYyLTExZWYtOWMxMi0wZmNhYTcwMDg0MTctcmltZy13MTIwMC1oNjc1LWRjNDk0NDQ0LWdtaXIuanBnP3Y9MTcyNTM2NzY4MA.avif,45,CONFIRMED,9,51a5db2e21b7866afbd22b211fc7248e72fbc32ad075b31a0700e0f670f34862
The Fab Four - The Ultimate Beatles Tribute,2026-10-23T20:00:00,2026-10-23T22:00:00,"The Clyde Theatre - Fort Wayne, IN","1808 Bluffton Road, Fort Wayne, IN 46808, US",Fort Wayne,IN,,,Fort Wayne events index,https://allevents.in/fort-wayne/all,https://allevents.in/fort-wayne/the-fab-four-the-ultimate-beatles-tribute/3200030373349816,C,Community,https://cdn-ip.allevents.in/s/rs:fill:500:250/g:sm/sh:100/aHR0cHM6Ly9jZG4tYXouYWxsZXZlbnRzLmluL2V2ZW50czEwL2Jhbm5lcnMvMDU4MTk2ZjAtOTAyMy0xMWYxLTg4ZGMtZTM4NTZlYjI1NjhmLXJpbWctdzEyMDAtaDgwMC1kYzA4MDgwOC1nbWlyLmpwZz92PTE3ODU4NjE1NTE.avif,45,CONFIRMED,9,b6dfd09dcf1e5663e016b4c392fc9216f6e57d0bf227a225bee99654e0837e6d
Mushroomhead & Fear Factory,2026-10-31T19:00:00,,Pieres Entertainment Center,5675 St. Joe Road,Fort Wayne,IN,,,Fort Wayne events index,https://allevents.in/fort-wayne/all,https://allevents.in/fort-wayne/mushroomhead-and-fear-factory/2300029741743214,C,Community,https://cdn-ip.allevents.in/s/rs:fill:500:250/g:sm/sh:100/aHR0cHM6Ly9jZG4tYXouYWxsZXZlbnRzLmluL2V2ZW50czEwL2Jhbm5lcnMvMzA4MGM1NTAtNWFkNy0xMWYxLWFjNjktN2IwYzc4ODhmY2YyLXJpbWctdzEyMDAtaDY3NS1kYzAzMDMwMi1nbWlyLmpwZz92PTE3ODAwMDE1NzA.avif,45,CONFIRMED,9,d10841d79168c66e897c490f86a06747bc67f37e00116d972274ae53065022d3
Clutch with Slomosa and Blood Vulture,2026-11-01T19:30:00,2026-11-01T21:30:00,"The Clyde Theatre - Fort Wayne, IN","1808 Bluffton Road, Fort Wayne, IN 46808, US",Fort Wayne,IN,,,Fort Wayne events index,https://allevents.in/fort-wayne/all,https://allevents.in/fort-wayne/clutch-with-slomosa-and-blood-vulture/3200030322407222,C,Community,https://cdn-ip.allevents.in/s/rs:fill:500:250/g:sm/sh:100/aHR0cHM6Ly9jZG4tYXouYWxsZXZlbnRzLmluL2V2ZW50czIvYmFubmVycy85ZmQ4ZTQ3MC04ZTljLTExZjEtODhkYy1lMzg1NmViMjU2OGYtcmltZy13MTIwMC1oMTE4OC1kYzA4MDgwOC1nbWlyLmpwZz92PTE3ODU2OTM4Nzc.avif,45,CONFIRMED,9,8ace5908e96a63a5bd1c0993bed475e377e9a71ddd25cf1c7434f9606ae311c2
Cheap Trick,2026-11-05T20:00:00,2026-11-05T22:00:00,Clyde Theatre,1808 Bluffton Rd,Fort Wayne,IN,,,Fort Wayne events index,https://allevents.in/fort-wayne/all,https://allevents.in/fort-wayne/cheap-trick/2300030026834444,C,Community,https://cdn-ip.allevents.in/s/rs:fill:500:250/g:sm/sh:100/aHR0cHM6Ly9jZG4tYXouYWxsZXZlbnRzLmluL2V2ZW50czEwL2Jhbm5lcnMvMjFmOWY3MDAtOGUyNS0xMWYxLTg4ZGMtZTM4NTZlYjI1NjhmLXJpbWctdzExMzQtaDcxMi1kYzA4MDgwOC1nbWlyLmpwZz92PTE3ODU2NDI1NjQ.avif,45,CONFIRMED,9,248b9e03a17e7f4e0fdf266cefda854d567e591fd40dd690dbb8532a73f2e018
Postmodern Jukebox at Clyde Theatre - IN,2026-11-06T20:00:00,2026-11-06T22:00:00,Clyde Theatre - IN,"1808 Bluffton Rd, Fort Wayne, IN 46808",Fort Wayne,IN,,,Fort Wayne events index,https://allevents.in/fort-wayne/all,https://allevents.in/fort-wayne/postmodern-jukebox-at-clyde-theatre-in/2400030048852906,C,Music & shows,https://cdn-ip.allevents.in/s/rs:fill:500:250/g:sm/sh:100/aHR0cHM6Ly9jZG4tYXouYWxsZXZlbnRzLmluL2V2ZW50czEvYmFubmVycy80OTVhMDQyMC04ZmQ4LTExZjEtODhkYy1lMzg1NmViMjU2OGYtcmltZy13MTIwMC1oNzI3LWRjMTgyODM4LWdtaXIuanBnP3Y9MTc4NTgyOTQ3Mw.avif,45,CONFIRMED,9,e8c3608ef9ad8e7ce507a1431c720d446a63e8130ee19621682dde4a9da12ce4
Scott Bradlee's Postmodern Jukebox in Fort Wayne,2026-11-06T20:00:00,2026-11-06T22:00:00,Clyde Theatre,"Clyde Theatre, Fort Wayne, IN, United States",Fort Wayne,IN,,,Fort Wayne events index,https://allevents.in/fort-wayne/all,https://allevents.in/fort-wayne/scott-bradlees-postmodern-jukebox-in-fort-wayne/3300030221283834,C,Community,https://cdn-ip.allevents.in/s/rs:fill:500:250/g:sm/sh:100/aHR0cHM6Ly9jZG4tYXouYWxsZXZlbnRzLmluL2V2ZW50czkvYmFubmVycy83MGJhODUxMC02NTVhLTExZjEtYjdmZS00NWRhZjY0YmE1OWEtcmltZy13MTIwMC1oNjc1LWRjYmViY2E4LWdtaXIud2VicD92PTE3ODExNTc0NTQ.avif,45,CONFIRMED,9,c43c2e7e98b654348abecd1a8292e234566176a4f469e17c8f19dd2da0ecc84d
Drew Lynch,2026-11-12T19:00:00,2026-11-12T21:00:00,Summit City Comedy Club - IN,5535 St Joe Rd,Fort Wayne,IN,,USD 129 to 177,Fort Wayne events index,https://allevents.in/fort-wayne/all,https://allevents.in/fort-wayne/drew-lynch/2300026139691955,C,Community,https://cdn-ip.allevents.in/s/rs:fill:500:250/g:sm/sh:100/aHR0cHM6Ly9jZG4tYXouYWxsZXZlbnRzLmluL2V2ZW50czIvYmFubmVycy8yYzAwMzk3MC0yMzY0LTExZjEtYjIxZi1lN2I1MWYzZTQ3ZjQtcmltZy13MTIwMC1oNzg4LWRjMTcyNzI4LWdtaXIuanBnP3Y9MTc3MzkwNDg1Ng.avif,45,CONFIRMED,9,4c04307f8809a459b2f5b3bcbe5096dd66e9715b96bf47ef05c498426b6de4aa
Hannibal Buress,2026-11-12T20:00:00,2026-11-12T22:00:00,"The Clyde Theatre - Fort Wayne, IN","1808 Bluffton Road, Fort Wayne, IN 46808, US",Fort Wayne,IN,,,Fort Wayne events index,https://allevents.in/fort-wayne/all,https://allevents.in/fort-wayne/hannibal-buress/3200030374288143,C,Community,https://cdn-ip.allevents.in/s/rs:fill:500:250/g:sm/sh:100/aHR0cHM6Ly9jZG4tYXouYWxsZXZlbnRzLmluL2V2ZW50czYvYmFubmVycy9kYzYzMWZmMC05MDNiLTExZjEtODhkYy1lMzg1NmViMjU2OGYtcmltZy13MTIwMC1oNjc1LWRjMDgwODA4LWdtaXIuanBnP3Y9MTc4NTg3MjIyMA.avif,45,CONFIRMED,9,37dfa027ba5ec8a02206a5f4063122f0554402dd7e09e82236d9f0a0554d11ac
Winter Wonder Dash 2K,2026-11-13T18:00:00,,"Franke Park Dr, Fort Wayne, IN 46808, United States","585 Franke Park Dr, Fort Wayne, IN 46808-1503, United States",Fort Wayne,IN,,,Fort Wayne events index,https://allevents.in/fort-wayne/all,https://allevents.in/fort-wayne/winter-wonder-dash-2k/200029239310054,C,Community,https://cdn-ip.allevents.in/s/rs:fill:500:250/g:sm/sh:100/aHR0cHM6Ly9jZG4tYXouYWxsZXZlbnRzLmluL2V2ZW50czEvYmFubmVycy9hMjQ1OGJlY2E5Mjg0MGM2MGVlNDZmNGUzOGU4Nzk0OWZkZGNmNjU2YmMyMTY3ZDAxYjFhMmQ3MGI0NWRkNWZjLXJpbWctdzEwMjQtaDE1MzYtZGM4ODg4NzgtZ21pcj92PTE3ODU1NTI5NDQ.avif,45,CONFIRMED,9,ccd9b222a85f4524b370f7dd17eb1d7dd9eb0c3f778552a9c5c6b60b19106cc9
Kenny Wayne Shepherd,2026-11-22T19:00:00,2026-11-22T21:00:00,"The Clyde Theatre - Fort Wayne, IN","1808 Bluffton Road, Fort Wayne, IN 46808, US",Fort Wayne,IN,,,Fort Wayne events index,https://allevents.in/fort-wayne/all,https://allevents.in/fort-wayne/kenny-wayne-shepherd/3200030197168223,C,Community,https://cdn-ip.allevents.in/s/rs:fill:500:250/g:sm/sh:100/aHR0cHM6Ly9jZG4tYXouYWxsZXZlbnRzLmluL2V2ZW50czEwL2Jhbm5lcnMvYmRiYTRmMzAtOGViMy0xMWYxLTg4ZGMtZTM4NTZlYjI1NjhmLXJpbWctdzEyMDAtaDc5OC1kYzA4MDgwOC1nbWlyLmpwZz92PTE3ODU3MDM4MDU.avif,45,CONFIRMED,9,4bc2ecdfe66a181322372ff93c98dd7f5b72c2c183cd7a82e88648cddf07a991
Christmas Together: Amy Grant Michael W. Smith & CeCe Winans,2026-12-01T19:00:00,2026-12-02T21:00:00,Allen County War Memorial Coliseum,4000 Parnell Ave,Fort Wayne,IN,,,Fort Wayne events index,https://allevents.in/fort-wayne/all,https://allevents.in/fort-wayne/christmas-together-amy-grant-michael-w-smith-and-cece-winans/2300030000070531,C,Community,https://cdn-ip.allevents.in/s/rs:fill:500:250/g:sm/sh:100/aHR0cHM6Ly9jZG4tYXouYWxsZXZlbnRzLmluL2V2ZW50czkvYmFubmVycy8yZmFkMDAwMC04ZmRjLTExZjEtYTMzYS1mNzE1MDY2MmE1YWEtcmltZy13MTIwMC1oMTIwMC1kY2Y4ZjhmOC1nbWlyLmpwZz92PTE3ODU4MzExMzk.avif,45,CONFIRMED,9,49ca18a2735ca8cc6e98a37d2c182244aaeeef991892c0ff40c42d84ab5a3870
"Amy Grant, Michael W. Smith, and CeCe Winans - Fort Wayne, IN",2026-12-02T19:00:00,,Allen County War Memorial Coliseum,"4000 Parnell Ave, Fort Wayne, IN 46805-1414, United States",Fort Wayne,IN,,,Fort Wayne events index,https://allevents.in/fort-wayne/all,https://allevents.in/fort-wayne/amy-grant-michael-w-smith-and-cece-winans-fort-wayne-in/200030023252341,C,Community,https://cdn-ip.allevents.in/s/rs:fill:500:250/g:sm/sh:100/aHR0cHM6Ly9jZG4tYXouYWxsZXZlbnRzLmluL2V2ZW50czQvYmFubmVycy9lY2U5NDJmZDg2MzdkYmMzNWU0Njk1N2UwMDYzMTBlMzU1ZmNiN2FiODg0YzQ5ZmU0YjY4MGQ5ODdmY2IzMjYxLXJpbWctdzEyMDAtaDY3NS1kY2Y4ZjhmOC1nbWlyP3Y9MTc4NTY3NDQyMw.avif,45,CONFIRMED,9,47619a559d102f04cf7145a7348b6d8614fba1865c185a9c0092fa0dac6a1510
Christmas Together with Amy Grant at Allen County War Memorial Coliseum,2026-12-02T19:00:00,2026-12-02T21:00:00,Allen County War Memorial Coliseum,"4000 Parnell Ave., Fort Wayne, IN 46805",Fort Wayne,IN,,,Fort Wayne events index,https://allevents.in/fort-wayne/all,https://allevents.in/fort-wayne/christmas-together-with-amy-grant-at-allen-county-war-memorial-coliseum/2400029995679123,C,Community,https://cdn-ip.allevents.in/s/rs:fill:500:250/g:sm/sh:100/aHR0cHM6Ly9jZG4tYXouYWxsZXZlbnRzLmluL2V2ZW50czYvYmFubmVycy9hMDgyZjdmMC04ZjFjLTExZjEtYTMzYS1mNzE1MDY2MmE1YWEtcmltZy13MTA4MC1oMTA4MC1kY2Y4ZjhmOC1nbWlyLnBuZz92PTE3ODU3NDg4NjA.avif,45,CONFIRMED,9,f937212827614a49a17f8fdd05c1b08f8e57d928296bd9c4a33a8f678c383ea5
South Bend Cubs Bike Night,2026-08-08T17:00:00,,Four Winds Field,"501 W South St, South Bend, IN 46601-2724, United States",South Bend,IN,,,South Bend events index,https://allevents.in/south-bend/all,https://allevents.in/south-bend/south-bend-cubs-bike-night/200030343016424,C,Sports & outdoors,https://cdn-ip.allevents.in/s/rs:fill:500:250/g:sm/sh:100/aHR0cHM6Ly9jZG4tYXouYWxsZXZlbnRzLmluL2V2ZW50czIvYmFubmVycy82MTEyNDg1ZDdmNDBiNGQwY2JjYzg5NGFmYTU4YjdiYmQ5OGQ3NDI0ZDlkNjM2NDBlNWI3MzIzODM0ZWNjNzRiLXJpbWctdzEwODAtaDEzNTAtZGNmOGY4ZjgtZ21pcj92PTE3ODU2MjQyNjM.avif,47,CONFIRMED,9,1707044beacc655eb95d7452c59497654c9393f5c2ebc0f50156864abdd454aa
Lune in South Bend,2026-08-08T20:00:00,2026-08-08T22:00:00,Stockroom East,"Stockroom East, South Bend, IN, United States",South Bend,IN,,,South Bend events index,https://allevents.in/south-bend/all,https://allevents.in/south-bend/lune-in-south-bend/3300030278950343,C,Community,https://cdn-ip.allevents.in/s/rs:fill:500:250/g:sm/sh:100/aHR0cHM6Ly9jZG4tYXouYWxsZXZlbnRzLmluL2V2ZW50czMvYmFubmVycy8xODQ1N2E1MC02ZDRhLTExZjEtYmRkMC1hOTc3YzY2ZTlkNjYtcmltZy13MTIwMC1oNjc1LWRjMzExYjExLWdtaXIud2VicD92PTE3ODIwMzAwNDM.avif,47,CONFIRMED,9,a72d8a90ca20c7aae02832a76930138b8ebbd15e404c501ed9b6b5603a58d7a1
Nitro Circus,2026-08-12T19:00:00,,"Four Winds Field at Coveleski Stadium, 501 W South St, South Bend, IN 46601, USA","501 W South St, South Bend, IN 46601-2724, United States",South Bend,IN,,,South Bend events index,https://allevents.in/south-bend/all,https://allevents.in/south-bend/nitro-circus/200030238635007,C,Community,https://cdn-ip.allevents.in/s/rs:fill:500:250/g:sm/sh:100/aHR0cHM6Ly9jZG4tYXouYWxsZXZlbnRzLmluL2V2ZW50czEvYmFubmVycy83MGJmZjkwOTU1YzYzYjZkMmQ2YjJjMmJlZWEzNGMwMWRkMzRlN2U5ZmZjYmI4NzQxOGNlMTVkMDg0YjFjMzViLXJpbWctdzEyMDAtaDYyOC1kYzA4MDgwOC1nbWlyP3Y9MTc4NTYwNzA2OQ.avif,47,CONFIRMED,9,f46e5aa9275eefbbc06d6ee1edbfffda6e658570c85a1838d875ed26be047fa6
Boots On The Bend: Eric Church Hardy Brandon Lake & Chase Rice - 2 Day Pass,2026-08-13T19:00:00,,St. Joseph County 4-H Fairgrounds,5117 Ironwood Rd,South Bend,IN,,,South Bend events index,https://allevents.in/south-bend/all,https://allevents.in/south-bend/boots-on-the-bend-eric-church-hardy-brandon-lake-and-chase-rice-2-day-pass/2300029828770608,C,Community,https://cdn-ip.allevents.in/s/rs:fill:500:250/g:sm/sh:100/aHR0cHM6Ly9jZG4tYXouYWxsZXZlbnRzLmluL2V2ZW50czMvYmFubmVycy9jZWRiMzAwMC04ZmMwLTExZjEtYTMzYS1mNzE1MDY2MmE1YWEtcmltZy13MTIwMC1oNjc1LWRjMDgwODA4LWdtaXIuanBnP3Y9MTc4NTgxOTM2OQ.avif,47,CONFIRMED,9,cdb4987ab392525ab65e75054378654961ec63e3758a65c19707eee29a7480bc
Nitro Circus Live at Four Winds Field at Coveleski Stadium,2026-08-13T19:00:00,,Four Winds Field at Coveleski Stadium,"501 W South St, South Bend, IN 46601",South Bend,IN,,,South Bend events index,https://allevents.in/south-bend/all,https://allevents.in/south-bend/nitro-circus-live-at-four-winds-field-at-coveleski-stadium/2400029943705055,C,Sports & outdoors,https://cdn-ip.allevents.in/s/rs:fill:500:250/g:sm/sh:100/aHR0cHM6Ly9jZG4tYXouYWxsZXZlbnRzLmluL2V2ZW50czUvYmFubmVycy85NjA4Y2E0MC04ZmJmLTExZjEtYWY1YS0xN2NlNGVhNTQzNDEtcmltZy13MTIwMC1oNjc1LWRjMDgwODA4LWdtaXIucG5nP3Y9MTc4NTgxODg5MA.avif,47,CONFIRMED,9,aae7ebe80ad09a047ccacb55b5d53e702c80ea51a5197fd1a62f5550bbd08b99
Boots On The Bend: 2-Day Weekend,2026-08-14T00:00:00,2026-08-15T00:00:00,St. Joseph County Fairgrounds,,South Bend,IN,,,South Bend events index,https://allevents.in/south-bend/all,https://allevents.in/south-bend/boots-on-the-bend-2-day-weekend/210006193118823,C,Community,https://cdn-ip.allevents.in/s/rs:fill:500:250/g:sm/sh:100/aHR0cHM6Ly9jZG4tYXouYWxsZXZlbnRzLmluL2V2ZW50czEvYmFubmVycy9iNmVlZWJmZTQxZDI3ODM4MDMzYmM1ODliMTU4MGIyY2Y3YmZmYTQ1YjBjZDM5ZTY4MDczOGY1NzQxNDIxZjQzLXJpbWctdzEwMjQtaDU3Ni1kYzNmYTQ4Ny1nbWlyLmpwZz92PTE3NzQ4NTUyNjU.avif,47,CONFIRMED,9,5c77fc19459dd5e4d992410e34456a6ab1d5c483f84bf93ac0f235e04e0a6eef
"Boots on the Bend Music Festival - 2 Day Pass - With Eric Church, Hardy, Brandon Lake, and more",2026-08-14T03:30:00,2026-08-14T05:30:00,St. Joseph County Fairgrounds,"5117 S Ironwood Dr, South Bend, IN 46614, US",South Bend,IN,,,South Bend events index,https://allevents.in/south-bend/all,https://allevents.in/south-bend/boots-on-the-bend-music-festival-2-day-pass-with-eric-church-hardy-brandon-lake-and-more/3200029984884829,C,Music & shows,https://dyn-image.allevents.in/generate-image?v=4&title=Boots+on+the+Bend+Music+Festival+-+2+Day+Pass+-+With+Eric+Church%2C+Hardy%2C+Brandon+Lake%2C+and+more&date=Fri+Aug+14+2026+at+03%3A30+am&bg=5,47,CONFIRMED,12,47274e0a3ec1261fabc51b8d97a44c566e2e309288e75d2d8a0e0f7f150fbb9e
Eric Church,2026-08-14T07:30:00,2026-08-14T09:30:00,St. Joseph County Fairgrounds,"5117 S Ironwood Dr, South Bend, IN 46614, US",South Bend,IN,,,South Bend events index,https://allevents.in/south-bend/all,https://allevents.in/south-bend/eric-church/3200029855736148,C,Community,https://cdn-ip.allevents.in/s/rs:fill:500:250/g:sm/sh:100/aHR0cHM6Ly9jZG4tYXouYWxsZXZlbnRzLmluL2V2ZW50czEwL2Jhbm5lcnMvOGUxZThjMTAtMjdiMC0xMWYxLWIyNGEtMjllMWViNGU5NjkxLXJpbWctdzYwMC1oMzg5LWRjMDUwOTExLWdtaXIuanBnP3Y9MTc3NDM3NzQ2Nw.avif,47,CONFIRMED,9,7c30ac151549c9d9c77528d1998a81a71de8d013d7498abc589e992a01e6078a
Win Your Way Into Boots On The Bend-Aug 14-17,2026-08-14T10:00:00,,St. Joseph 4-H County Fairgrounds,"5117 Ironwood Rd,South Bend,IN,United States",South Bend,IN,,,South Bend events index,https://allevents.in/south-bend/all,https://allevents.in/south-bend/win-your-way-into-boots-on-the-bend-aug-14-17/200030077098713,C,Community,https://cdn-ip.allevents.in/s/rs:fill:500:250/g:sm/sh:100/aHR0cHM6Ly9jZG4tYXouYWxsZXZlbnRzLmluL2V2ZW50czEvYmFubmVycy9iNjcxZDQ1YjNkNzNlMWU0Mzk3ZGJkNzNjYjdhZjQ0ZjkxYzJmNTYyZDE0MGUxYjIzN2FlZTc1Y2NlOWJhODRiLXJpbWctdzEyMDAtaDgwMC1kYzA4MDgwOC1nbWlyP3Y9MTc4NTYxMjUyMw.avif,47,CONFIRMED,9,82b506bc552e36ec0376c5dd3920f57f71af03b0a8b70dd05eed20b6c48a75b8
"Boots on the Bend Music Festival - Friday - With Hardy, Brandon Lake, Chase Rice, and more",2026-08-14T12:00:00,2026-08-14T14:00:00,St. Joseph County Fairgrounds,"5117 S Ironwood Dr, South Bend, IN 46614, US",South Bend,IN,,,South Bend events index,https://allevents.in/south-bend/all,https://allevents.in/south-bend/boots-on-the-bend-music-festival-friday-with-hardy-brandon-lake-chase-rice-and-more/3200029984892305,C,Music & shows,https://dyn-image.allevents.in/generate-image?v=4&title=Boots+on+the+Bend+Music+Festival+-+Friday+-+With+Hardy%2C+Brandon+Lake%2C+Chase+Rice%2C+and+more&date=Fri+Aug+14+2026+at+12%3A00+pm&bg=1,47,CONFIRMED,12,f9ce260e9725084eceb1fd864819680fa4449ddade65ab16ae251bb4fa08e6e5
Boots On The Bend: Eric Church Ashley McBryde & Flatland Cavalry - Saturday,2026-08-14T19:00:00,2026-08-15T05:30:00,St. Joseph County 4-H Fairgrounds,5117 Ironwood Rd,South Bend,IN,,,South Bend events index,https://allevents.in/south-bend/all,https://allevents.in/south-bend/boots-on-the-bend-eric-church-ashley-mcbryde-and-flatland-cavalry-saturday/2300029908377152,C,Community,https://cdn-ip.allevents.in/s/rs:fill:500:250/g:sm/sh:100/aHR0cHM6Ly9jZG4tYXouYWxsZXZlbnRzLmluL2V2ZW50czQvYmFubmVycy9jZGU0MjVkMC04ZmMwLTExZjEtYTMzYS1mNzE1MDY2MmE1YWEtcmltZy13OTQ2LWgxMjAwLWRjMzg5ODc4LWdtaXIuanBnP3Y9MTc4NTgxOTM2Nw.avif,47,CONFIRMED,9,845998e2a5c4010721b42b1f17a9f4ec5f47ae1ecc30c211973c92e98eeab8bd
Boots On The Bend: Friday Admission,2026-08-14T19:00:00,2026-08-14T21:00:00,St. Joseph County Fairgrounds,,South Bend,IN,,,South Bend events index,https://allevents.in/south-bend/all,https://allevents.in/south-bend/boots-on-the-bend-friday-admission/210003269718718,C,Community,https://cdn-ip.allevents.in/s/rs:fill:500:250/g:sm/sh:100/aHR0cHM6Ly9jZG4tYXouYWxsZXZlbnRzLmluL2V2ZW50czYvYmFubmVycy8wYzdhOTk4MjBhNjRiYzUwZWU1MDQ3Yzc0MTRjMjdmMjI5Nzc3MDI0Zjk4NzMyZTVmMjAyYWVkNzQxMzE3MDEyLXJpbWctdzEwMjQtaDU3Ni1kYzNmYTQ4Ny1nbWlyLmpwZz92PTE3NzU5MTY2MzY.avif,47,CONFIRMED,9,c89d279825f0818baed0bf5e0f2b6c5ba95a30cdebe9650f0a5795692185ac94
"Boots on the Bend Music Festival - Saturday - With Eric Church, Ashley McBryde, Flatland Cavalry, and more",2026-08-15T12:00:00,2026-08-15T14:00:00,St. Joseph County Fairgrounds,"5117 S Ironwood Dr, South Bend, IN 46614, US",South Bend,IN,,,South Bend events index,https://allevents.in/south-bend/all,https://allevents.in/south-bend/boots-on-the-bend-music-festival-saturday-with-eric-church-ashley-mcbryde-flatland-cavalry-and-more/3200029985154940,C,Music & shows,https://dyn-image.allevents.in/generate-image?v=4&title=Boots+on+the+Bend+Music+Festival+-+Saturday+-+With+Eric+Church%2C+Ashley+McBryde%2C+Flatland+Cavalry%2C+and+more&date=Sat+Aug+15+2026+at+12%3A00+pm&bg=1,47,CONFIRMED,12,ad89818ce41192a715df8fd2602c22f557753ea448028b996d870455fda7f6b5
Maddie & Tae in South Bend,2026-08-15T19:00:00,2026-08-15T21:00:00,St. Joseph County 4-H Fairgrounds,"St. Joseph County 4-H Fairgrounds, South Bend, IN, United States",South Bend,IN,,,South Bend events index,https://allevents.in/south-bend/all,https://allevents.in/south-bend/maddie-andamp;-tae-in-south-bend/3300030148834200,C,Community,https://cdn-ip.allevents.in/s/rs:fill:500:250/g:sm/sh:100/aHR0cHM6Ly9jZG4tYXouYWxsZXZlbnRzLmluL2V2ZW50czEwL2Jhbm5lcnMvZDRlMDZmODAtNWFhOC0xMWYxLWI3NTUtYWQ1NDVkZDEyOWM1LXJpbWctdzEyMDAtaDY3NS1kYzE1MGYwNy1nbWlyLndlYnA_dj0xNzc5OTgxNjYw.avif,47,CONFIRMED,9,c19fb4a00f09edf87e4ae1c7c6005651626733b70c07c8c1485aa99b7c320f89
DAY26 at The Bend Lounge,2026-08-15T20:00:00,2026-08-16T01:00:00,129 N Michigan St,129 North Michigan Street,South Bend,IN,,USD 50 to 269,South Bend events index,https://allevents.in/south-bend/all,https://allevents.in/south-bend/day26-at-the-bend-lounge/100001991745000914,C,Community,https://cdn-ip.allevents.in/s/rs:fill:500:250/g:sm/sh:100/aHR0cHM6Ly9jZG4tYXouYWxsZXZlbnRzLmluL2V2ZW50czIvYmFubmVycy8zNTYyMzg2YmUzMDI4Y2JiNWRiYmU0ZTliMmQ5OWMxNTA2NTExNGRkNTA2ZGIyNTg3ZTM5NDg2ZDIxZTVkMTkwLXJpbWctdzEyMDAtaDE1MDctZGMwMzAyMDQtZ21pci5qcGc_dj0xNzgxNDg2NDY1.avif,47,CONFIRMED,9,e29287f06281feb062f14b7b690d55d3b6e0697d65d0c3d475eb6fc140b2f8d6
Becky Robinson,2026-08-15T21:00:00,2026-08-15T23:00:00,Ribbon Town Ballroom At Four Winds Casino South Bend,3000 Prairie Ave,South Bend,IN,,,South Bend events index,https://allevents.in/south-bend/all,https://allevents.in/south-bend/becky-robinson/2300030461658008,C,Community,https://cdn-ip.allevents.in/s/rs:fill:500:250/g:sm/sh:100/aHR0cHM6Ly9jZG4tYXouYWxsZXZlbnRzLmluL2V2ZW50czYvYmFubmVycy85N2EzOWEwMC04OTI2LTExZjEtYjZjOC1lZjQxMzdkOGRjYjAtcmltZy13MTIwMC1oNzI3LWRjMTIxYjE0LWdtaXIuanBnP3Y9MTc4NTA5MzQyNw.avif,47,CONFIRMED,9,86d95b72bdf71815dc2f05a3c30f2b26c5020d3fe9b12bbf8cf9971d57c7bf86
Little Shop of Horrors at Morris Performing Arts Center,2026-08-23T00:00:00,,Morris Performing Arts Center,"211 North Michigan Street, South Bend, IN 46601",South Bend,IN,,,South Bend events index,https://allevents.in/south-bend/all,https://allevents.in/south-bend/little-shop-of-horrors-at-morris-performing-arts-center/2400030477714620,C,Arts & learning,https://cdn-ip.allevents.in/s/rs:fill:500:250/g:sm/sh:100/aHR0cHM6Ly9jZG4tYXouYWxsZXZlbnRzLmluL2V2ZW50czIvYmFubmVycy81ZmI2NjczMC04ZjkzLTExZjEtYWY1YS0xN2NlNGVhNTQzNDEtcmltZy13MTA4MC1oMTA4MC1kYzA4MDgwOC1nbWlyLnBuZz92PTE3ODU4MDAzODE.avif,47,CONFIRMED,9,1e604e12b5a40465ea27782230b2cfae020c5a274a6850a7fea3fe614dbbb116
14th Annual Michiana Renaissance Festival,2026-08-29T10:00:00,2026-08-30T18:00:00,"5117 S Ironwood Drive (Enter on York Road, Gate 7), South Bend, IN, United States, Indiana 46614","5117 York Rd, South Bend, IN 46614-6201, United States",South Bend,IN,,,South Bend events index,https://allevents.in/south-bend/all,https://allevents.in/south-bend/14th-annual-michiana-renaissance-festival/200029770700314,C,Festivals,https://cdn-ip.allevents.in/s/rs:fill:500:250/g:sm/sh:100/aHR0cHM6Ly9jZG4tYXouYWxsZXZlbnRzLmluL2V2ZW50czkvYmFubmVycy8wOWM4MDg5YzI2ZWZjMzdlMjc4NTExODcwNTM3YTlmY2QyM2JhYTJlMjBjN2I0MjBjNTI1MzQwYzA5NWQzNDRjLXJpbWctdzEyMDAtaDY3NS1kY2Y4ZjhmOC1nbWlyP3Y9MTc4NTYyNzQ4MQ.avif,47,CONFIRMED,12,f5aefcb9c80a47611bee13aca589e5fc456a6f9c423bda394d8e043d35cbfe1b
Ali Siddiq: The Custom Fit Tour,2026-08-29T20:00:00,,"South Bend, Indiana","South Bend,IN,United States",South Bend,IN,,,South Bend events index,https://allevents.in/south-bend/all,https://allevents.in/south-bend/ali-siddiq-the-custom-fit-tour/200030436111739,C,Community,https://cdn-ip.allevents.in/s/rs:fill:500:250/g:sm/sh:100/aHR0cHM6Ly9jZG4tYXouYWxsZXZlbnRzLmluL2V2ZW50czgvYmFubmVycy83Zjk5ODU0NzgwMTg5MzAzZDQ0NTVkNmZiYWM5MmIzMDg2ODZjMTYwNDhmZDU1Njk2ODdlZGY4ZTEyNWY0MTNiLXJpbWctdzc0NS1oNTQwLWRjMjgxODA4LWdtaXI_dj0xNzg1OTI1ODcz.avif,47,CONFIRMED,9,43b3f128f300ebd659e32e6c05a269edab543502660acb96db02b7333dd9461f
SMU Mustangs at Notre Dame Fighting Irish Football at Notre Dame Stadium,2026-09-01T23:59:00,2026-11-22T01:59:00,Notre Dame Stadium,"113 Joyce Center, South Bend, IN 46556",South Bend,IN,,,South Bend events index,https://allevents.in/south-bend/all,https://allevents.in/south-bend/smu-mustangs-at-notre-dame-fighting-irish-football-at-notre-dame-stadium/2400029223132705,C,Sports & outdoors,https://cdn-ip.allevents.in/s/rs:fill:500:250/g:sm/sh:100/aHR0cHM6Ly9jZG4tYXouYWxsZXZlbnRzLmluL2V2ZW50czEvYmFubmVycy9kMjc2YzYyMC04ZmU4LTExZjEtYTMzYS1mNzE1MDY2MmE1YWEtcmltZy13MTIwMC1oNTE0LWRjMDgxODM4LWdtaXIuanBnP3Y9MTc4NTgzNjU1NQ.avif,47,CONFIRMED,9,845e21adea49c481403b79cfdb57c55bf9f0dc43f323a7c4a30ac0183d2e4d50
Miami Hurricanes at Notre Dame Fighting Irish Football at Notre Dame Stadium,2026-09-02T23:59:00,2026-11-08T01:59:00,Notre Dame Stadium,"113 Joyce Center, South Bend, IN 46556",South Bend,IN,,,South Bend events index,https://allevents.in/south-bend/all,https://allevents.in/south-bend/miami-hurricanes-at-notre-dame-fighting-irish-football-at-notre-dame-stadium/2400029217941141,C,Sports & outdoors,https://cdn-ip.allevents.in/s/rs:fill:500:250/g:sm/sh:100/aHR0cHM6Ly9jZG4tYXouYWxsZXZlbnRzLmluL2V2ZW50czQvYmFubmVycy83MjBkOWI3MC04ZmFiLTExZjEtYWY1YS0xN2NlNGVhNTQzNDEtcmltZy13MTIwMC1oNTE0LWRjMDgxODM4LWdtaXIuanBnP3Y9MTc4NTgxMDE5NA.avif,47,CONFIRMED,9,b8b434555a18b12b4ca430d4f5fdfe0c3dc6b33ec070dbceae4f77dd615c2147
AC/DC PWR/UP POP UP // SOUTH BEND,2026-09-03T11:00:00,2026-09-04T18:00:00,"129 N Michigan St, South Bend, IN 46601-1603, United States","129 N Michigan St, South Bend, IN 46601-1603, United States",South Bend,IN,,,South Bend events index,https://allevents.in/south-bend/all,https://allevents.in/south-bend/ac-dc-pwr-up-pop-up-south-bend/200030363668817,C,Community,https://cdn-ip.allevents.in/s/rs:fill:500:250/g:sm/sh:100/aHR0cHM6Ly9jZG4tYXouYWxsZXZlbnRzLmluL2V2ZW50czEwL2Jhbm5lcnMvZWYwYzA5ZmQ3YmY2NjkxZGMzZjM3ZmIwMzI0Njc5ZWZhMzFiODBkNjIzOTU1ODYzZjJmODAyOWRlZjYwMmU3MS1yaW1nLXcxMjAwLWg2NzUtZGMwODA4MDgtZ21pcj92PTE3ODU3MDQ5MTc.avif,47,CONFIRMED,9,cd3383e8010fea7b8638af3506faa6e6a124ede4810089a033cd82e32e5f7a00
Stanford Cardinal at Notre Dame Fighting Irish Football at Notre Dame Stadium,2026-09-03T23:59:00,2026-10-11T01:59:00,Notre Dame Stadium,"113 Joyce Center, South Bend, IN 46556",South Bend,IN,,,South Bend events index,https://allevents.in/south-bend/all,https://allevents.in/south-bend/stanford-cardinal-at-notre-dame-fighting-irish-football-at-notre-dame-stadium/2400029332602524,C,Sports & outdoors,https://cdn-ip.allevents.in/s/rs:fill:500:250/g:sm/sh:100/aHR0cHM6Ly9jZG4tYXouYWxsZXZlbnRzLmluL2V2ZW50czIvYmFubmVycy85YmYyMzQxMC04ZmZmLTExZjEtODhkYy1lMzg1NmViMjU2OGYtcmltZy13MTIwMC1oNTE0LWRjMDgxODM4LWdtaXIuanBnP3Y9MTc4NTg0NjM0Mg.avif,47,CONFIRMED,9,c8acb328d82eff261045c9cfac1b1ec99954cddfea147344c07e9022d9f00ead
Corvilla's Notre Dame Off Campus Parking for AC/DC Concert,2026-09-04T12:00:00,,"18443 Bulla Rd, South Bend, IN 46637-5426, United States","18410 Bulla Rd, South Bend, IN 46637-5425, United States",South Bend,IN,,,South Bend events index,https://allevents.in/south-bend/all,https://allevents.in/south-bend/corvillas-notre-dame-off-campus-parking-for-ac-dc-concert/200030201379154,C,Music & shows,https://cdn-ip.allevents.in/s/rs:fill:500:250/g:sm/sh:100/aHR0cHM6Ly9jZG4tYXouYWxsZXZlbnRzLmluL2V2ZW50czEvYmFubmVycy9mOTg4YTcxYmU0Nzk2NjgyY2NhNzJhMmJlY2RmMWVmMDNkZDE2NDg4Y2E2OWVkMzI2Y2FkMjU0YjI4OTlhYTI4LXJpbWctdzEyMDAtaDYwMC1kYzE4Mjg0OC1nbWlyP3Y9MTc4NTY5ODQ3Nw.avif,47,CONFIRMED,9,e62e28b09cceb7737272956d985564e6a05e23e9e1685b81918b404b9ad4599a
AC/DC at Notre Dame Stadium,2026-09-04T19:30:00,2026-09-04T21:30:00,Notre Dame Stadium,"113 Joyce Center, South Bend, IN 46556",South Bend,IN,,,South Bend events index,https://allevents.in/south-bend/all,https://allevents.in/south-bend/ac-dc-at-notre-dame-stadium/2400029165266529,C,Community,https://cdn-ip.allevents.in/s/rs:fill:500:250/g:sm/sh:100/aHR0cHM6Ly9jZG4tYXouYWxsZXZlbnRzLmluL2V2ZW50czgvYmFubmVycy8zMmFkZDgxMC04ZWQ4LTExZjEtYWY1YS0xN2NlNGVhNTQzNDEtcmltZy13MTA4MC1oMTA4MC1kYzA4MDgwOC1nbWlyLmpwZz92PTE3ODU3MTk0Njg.avif,47,CONFIRMED,9,5f4f7ca795c95dd9ec7856e3c73df2d503d64728ec25230dbd9f0c88366f7f26
2026 Notre Dame Fighting Irish Football Season Tickets at Notre Dame Stadium,2026-09-11T12:55:00,,Notre Dame Stadium,"113 Joyce Center, South Bend, IN 46556",South Bend,IN,,,South Bend events index,https://allevents.in/south-bend/all,https://allevents.in/south-bend/2026-notre-dame-fighting-irish-football-season-tickets-at-notre-dame-stadium/2400029669724741,C,Sports & outdoors,https://cdn-ip.allevents.in/s/rs:fill:500:250/g:sm/sh:100/aHR0cHM6Ly9jZG4tYXouYWxsZXZlbnRzLmluL2V2ZW50czcvYmFubmVycy8zNjc0YWViMC0xYjU2LTExZjEtYWRkYy0zOTljMmI0ZmZlYzMtcmltZy13MTIwMC1oNTE0LWRjMDkxOTMwLWdtaXIuanBnP3Y9MTc3MzAxOTI1Mg.avif,47,CONFIRMED,9,84f3d37823fc3a48142bd912179aa00a0b3e53d15b2285882a43dd96bd5970a0
Movie On The Gridiron: A Minecraft Movie,2026-09-11T18:30:00,,"111 S S Doctor M.L.K. Jr Blvd, South Bend, IN 46601","Seitz Park, 118 N St Joseph St, South Bend, IN 46601, United States",South Bend,IN,,,South Bend events index,https://allevents.in/south-bend/all,https://allevents.in/south-bend/movie-on-the-gridiron-a-minecraft-movie/200030474046729,C,Music & shows,https://cdn-ip.allevents.in/s/rs:fill:500:250/g:sm/sh:100/aHR0cHM6Ly9jZG4tYXouYWxsZXZlbnRzLmluL2V2ZW50czUvYmFubmVycy80NDgzZWM0NjFhZDUzOTc3ZDJkM2ZmYWNjZTI1ZjRmYmNjMDlmZjg3ODZlNDE4NzRhZDA3Y2M4ZjYxNGQwNTQzLXJpbWctdzEyMDAtaDY3Ni1kYzA4NTg4OC1nbWlyP3Y9MTc4NTk1ODUzNg.avif,47,CONFIRMED,9,40e5e30d4ef01e1095a0ef46955245ba00c68b3cd2c39b476634aa0e6cf45cdd
Jim Gaffigan: Everything is Wonderful!,2026-09-11T19:00:00,2026-09-11T21:00:00,Purcell Pavilion at the Joyce Center,,South Bend,IN,,,South Bend events index,https://allevents.in/south-bend/all,https://allevents.in/south-bend/jim-gaffigan-everything-is-wonderful/210004142358817,C,Community,https://cdn-ip.allevents.in/s/rs:fill:500:250/g:sm/sh:100/aHR0cHM6Ly9jZG4tYXouYWxsZXZlbnRzLmluL2V2ZW50czUvYmFubmVycy8xZDMyMzIzZGM0OTBmYmQwODRhZmE2MDEyYzMxYmU4NTE5NGEyNGUwN2NlODFkOGI5ZmQ2YWIxZjgwOWNkNGVkLXJpbWctdzEwMjQtaDU3Ni1kY2ZkZjlmNS1nbWlyLmpwZz92PTE3NzcwMTk0Njk.avif,47,CONFIRMED,9,c4425acc341b899777588e9ef367de4ae25ce997c5ab9ea176e9ab4820f18bac
Tailgate with McKinnies Realty,2026-09-12T10:00:00,2026-09-12T15:30:00,Ivy Court Inn and Suites,"1404 Ivy Ct,South Bend,IN,United States",South Bend,IN,,,South Bend events index,https://allevents.in/south-bend/all,https://allevents.in/south-bend/tailgate-with-mckinnies-realty/200030474572513,C,Community,https://cdn-ip.allevents.in/s/rs:fill:500:250/g:sm/sh:100/aHR0cHM6Ly9jZG4tYXouYWxsZXZlbnRzLmluL2V2ZW50czQvYmFubmVycy9jZWYxMzU0ZTQ1MzI1NjY2NzRkZjYyMzFjNGUyNzAxOTk1MjQ2NDYyMWFkZTA0NDE5Y2Q3ZTdlZWUzMzlmOTUyLXJpbWctdzEyMDAtaDUwMC1kYzAxMTczNS1nbWlyP3Y9MTc4NTI5NjQwMQ.avif,47,CONFIRMED,9,bb7393cafcefc43dd2bbbc57e6177766b3e2e82f65c852ca45fa95c01cc990fc
Rice Owls at Notre Dame Fighting Irish Football at Notre Dame Stadium,2026-09-12T15:30:00,2026-09-13T01:59:00,Notre Dame Stadium,"113 Joyce Center, South Bend, IN 46556",South Bend,IN,,,South Bend events index,https://allevents.in/south-bend/all,https://allevents.in/south-bend/rice-owls-at-notre-dame-fighting-irish-football-at-notre-dame-stadium/2400029087370300,C,Sports & outdoors,https://cdn-ip.allevents.in/s/rs:fill:500:250/g:sm/sh:100/aHR0cHM6Ly9jZG4tYXouYWxsZXZlbnRzLmluL2V2ZW50czEvYmFubmVycy9hMjA2OGFhMC04ZmUwLTExZjEtYmFlMy1mZjdiODc2ZTNhOGQtcmltZy13MTIwMC1oNTE0LWRjMDgxODM4LWdtaXIuanBnP3Y9MTc4NTgzMzAzNw.avif,47,CONFIRMED,9,d4f873901799a122555521b746219b4fbffb734a4a3ae1f4129af1cdb9cd31aa
Michigan State Spartans at Notre Dame Fighting Irish Football at Notre Dame Stadium,2026-09-19T19:30:00,2026-09-20T01:59:00,Notre Dame Stadium,"113 Joyce Center, South Bend, IN 46556",South Bend,IN,,,South Bend events index,https://allevents.in/south-bend/all,https://allevents.in/south-bend/michigan-state-spartans-at-notre-dame-fighting-irish-football-at-notre-dame-stadium/2400029084212329,C,Sports & outdoors,https://cdn-ip.allevents.in/s/rs:fill:500:250/g:sm/sh:100/aHR0cHM6Ly9jZG4tYXouYWxsZXZlbnRzLmluL2V2ZW50czcvYmFubmVycy84ZGVkNDRjMC04ZmFjLTExZjEtODhkYy1lMzg1NmViMjU2OGYtcmltZy13MTIwMC1oNTE0LWRjMDgwODA4LWdtaXIuanBnP3Y9MTc4NTgxMDY3MA.avif,47,CONFIRMED,9,9eb44af510219100b88904866025c5b8541537392997162c6e0bd6fbc95a74a4
Joe DeRosa Live at The Drop Comedy Club,2026-09-20T19:00:00,2026-09-20T21:00:00,The Drop Comedy Club South Bend,435 S. Michigan St.,South Bend,IN,,USD 39 to 50,South Bend events index,https://allevents.in/south-bend/all,https://allevents.in/south-bend/joe-derosa-live-at-the-drop-comedy-club/100001994548110089,C,Music & shows,https://cdn-ip.allevents.in/s/rs:fill:500:250/g:sm/sh:100/aHR0cHM6Ly9jZG4tYXouYWxsZXZlbnRzLmluL2V2ZW50czcvYmFubmVycy84MTMzZWRkM2RmOTlkZWI2NTZmYzNjMzAyZTBlMWY5MmY2ODM2NjBhMThiYjVlZGY3NmRjMTM2NDI0NTg1YWFkLXJpbWctdzg1MS1oMzE1LWRjMWYxZjFmLWdtaXIuanBnP3Y9MTc4NDU1NDM5Nw.avif,47,CONFIRMED,9,dcc7b20b93fea1221047608a46e7eed16e6cb1680f566aabb6c7e45d5512ff08
South Bend Symphony Orchestra - Jack M Champaigne Masterworks Series - Strauss and Elgar at Morris Performing Arts Center,2026-09-26T00:00:00,,Morris Performing Arts Center,"211 North Michigan Street, South Bend, IN 46601",South Bend,IN,,,South Bend events index,https://allevents.in/south-bend/all,https://allevents.in/south-bend/south-bend-symphony-orchestra-jack-m-champaigne-masterworks-series-strauss-and-elgar-at-morris-perfo/2400030481579830,C,Arts & learning,https://cdn-ip.allevents.in/s/rs:fill:500:250/g:sm/sh:100/aHR0cHM6Ly9jZG4tYXouYWxsZXZlbnRzLmluL2V2ZW50czgvYmFubmVycy8yMTQwMmFlMC04ZmZjLTExZjEtODhkYy1lMzg1NmViMjU2OGYtcmltZy13MTIwMC1oNjAwLWRjMTgwODA4LWdtaXIuanBnP3Y9MTc4NTg0NDg0Nw.avif,47,CONFIRMED,9,e497cfaece3be18310f56ee6013066634f2afab74c1abc2af068d725cc50b8f4
Actor’s Cut: The Rocky Horror Picture Show,2026-10-04T19:30:00,,"211 N Michigan St, South Bend, IN, United States, Indiana 46601","211 N Michigan St, South Bend, IN 46601-0006, United States",South Bend,IN,,,South Bend events index,https://allevents.in/south-bend/all,https://allevents.in/south-bend/actors-cut-the-rocky-horror-picture-show/200030235290702,C,Community,https://cdn-ip.allevents.in/s/rs:fill:500:250/g:sm/sh:100/aHR0cHM6Ly9jZG4tYXouYWxsZXZlbnRzLmluL2V2ZW50czIvYmFubmVycy81MDZhZDU4NDlmYzM5NzFmNTg3MDllNWE1MzQ5ZmYwOWY1YTg5ZTA3NDUxNzQwNDdhMDAzMjEwMjBlODQ2NDdjLXJpbWctdzEyMDAtaDYyOC1kYzA4MDgwOC1nbWlyP3Y9MTc4NTc3NzU0OQ.avif,47,CONFIRMED,9,559f458cd5cf8204a070200e2d0f8f1edc5a9ce6ea8f4045bc1222b26f9a1277
SHE'S CRAFTY - Chicago's All-Female Beastie Boys Tribute - Live at Stockroom East,2026-10-17T19:00:00,,Stockroom East,"625 E Jefferson,South Bend,IN,United States",South Bend,IN,,,South Bend events index,https://allevents.in/south-bend/all,https://allevents.in/south-bend/shes-crafty-chicagos-all-female-beastie-boys-tribute-live-at-stockroom-east/200030484929915,C,Arts & learning,https://cdn-ip.allevents.in/s/rs:fill:500:250/g:sm/sh:100/aHR0cHM6Ly9jZG4tYXouYWxsZXZlbnRzLmluL2V2ZW50czIvYmFubmVycy83ODY3MWRlZTY2Zjg4MzMwMWRhNTIwNjIzMjk2MzU2ZTQzMTAyYmY4OGEyZDQ0YjljNjFiNTQ4ZmE3ZjIxYWJhLXJpbWctdzEyMDAtaDY3NS1kYzA4MDgwOC1nbWlyP3Y9MTc4NTQ2NjM5NA.avif,47,CONFIRMED,9,319eccc82d5232ca57bb596f242b785b3f2a0875cf797e09c1b7cae68a433102
Candlelight: Tribute to Fleetwood Mac,2026-10-23T18:30:00,2026-10-23T20:30:00,South Bend Scottish Rite,"427 North Main Street, South Bend",South Bend,IN,,USD 25 to 64,South Bend events index,https://allevents.in/south-bend/all,https://allevents.in/south-bend/candlelight-tribute-to-fleetwood-mac/2700030036624455,C,Community,https://cdn-ip.allevents.in/s/rs:fill:500:250/g:sm/sh:100/aHR0cHM6Ly9jZG4tYXouYWxsZXZlbnRzLmluL2V2ZW50czgvYmFubmVycy8wNWNhNGU3MC04ZmQwLTExZjEtODhkYy1lMzg1NmViMjU2OGYtcmltZy13NTUwLWg1NTAtZGMwODA4MDgtZ21pci5qcGc_dj0xNzg1ODI2MzQ3.avif,47,CONFIRMED,9,771a13893e8024b4d6e58bd8b315420b2fe345d8e72fc8588df78ef53108523c
Candlelight: A Haunted Evening of Halloween Classics,2026-10-23T20:45:00,2026-10-23T22:45:00,South Bend Scottish Rite,"427 North Main Street, South Bend",South Bend,IN,,USD 25 to 65,South Bend events index,https://allevents.in/south-bend/all,https://allevents.in/south-bend/candlelight-a-haunted-evening-of-halloween-classics/2700026790392334,C,Arts & learning,https://cdn-ip.allevents.in/s/rs:fill:500:250/g:sm/sh:100/aHR0cHM6Ly9jZG4tYXouYWxsZXZlbnRzLmluL2V2ZW50czIvYmFubmVycy8xMTczYmFkMC04ZmQxLTExZjEtYTMzYS1mNzE1MDY2MmE1YWEtcmltZy13NTUwLWg1NTAtZGNmOGM4MDgtZ21pci5qcGc_dj0xNzg1ODI2MzUy.avif,47,CONFIRMED,9,ea9dc66e9df752274f08b2c24fd49ad38999a92fd0baf2f711b403b03811a0b4
How the Grinch Stole Christmas at Morris Performing Arts Center,2026-11-06T19:30:00,,Morris Performing Arts Center,"211 North Michigan Street, South Bend, IN 46601",South Bend,IN,,,South Bend events index,https://allevents.in/south-bend/all,https://allevents.in/south-bend/how-the-grinch-stole-christmas-at-morris-performing-arts-center/2400029853699349,C,Arts & learning,https://cdn-ip.allevents.in/s/rs:fill:500:250/g:sm/sh:100/aHR0cHM6Ly9jZG4tYXouYWxsZXZlbnRzLmluL2V2ZW50czEwL2Jhbm5lcnMvZTI0NDJmMzAtNDM3NS0xMWYxLWI2NDktNzdkMzgyZmIzZDVjLXJpbWctdzEyMDAtaDU1MC1kY2NmMjAyZi1nbWlyLmpwZz92PTE3Nzc0MzA5MDE.avif,47,CONFIRMED,9,140127d3529a83b12698464ad75453f5bb2835eff2ebb74731027cf70966f507
Legends Only Tailgate - Miami @ Notre Dame,2026-11-07T14:00:00,2026-11-07T18:00:00,18443 Bulla Rd,18443 Bulla Road,South Bend,IN,,USD 45 to 87,South Bend events index,https://allevents.in/south-bend/all,https://allevents.in/south-bend/legends-only-tailgate-miami-notre-dame/100001988710851692,C,Community,https://cdn-ip.allevents.in/s/rs:fill:500:250/g:sm/sh:100/aHR0cHM6Ly9jZG4tYXouYWxsZXZlbnRzLmluL2V2ZW50czEwL2Jhbm5lcnMvMGU3NTJjMzYwYzVjNjgwODBmNzZkMWU3YmRiOWNkNmM1YzY0MDBmZTE3OTcwODZiMTk0ZGY1YWYwYTVmYTE4OC1yaW1nLXcxMjAwLWg4MDAtZGNjMGM0ZDQtZ21pci5qcGc_dj0xNzc3OTg1Njcx.avif,47,CONFIRMED,9,083ce5f788ec47820fde8dc0eaad3d7f4f5ae67340ebf5bb2c7191252c921067
Holiday Lights on the Diamond - Opening Night,2026-11-13T18:00:00,2026-11-13T22:00:00,"501 W. South Street, South Bend, IN, United States, Indiana 46601","501 W South St, South Bend, IN 46601-2724, United States",South Bend,IN,,,South Bend events index,https://allevents.in/south-bend/all,https://allevents.in/south-bend/holiday-lights-on-the-diamond-opening-night/200030492251859,C,Community,https://cdn-ip.allevents.in/s/rs:fill:500:250/g:sm/sh:100/aHR0cHM6Ly9jZG4tYXouYWxsZXZlbnRzLmluL2V2ZW50czgvYmFubmVycy9kOWFjYzYyZGQyMzQ4MGFmMWIyMDM5Yjc1ZjUzNTVkNzA0OThlNjA5ZGY0M2RhMDA0OGIxZTU1N2NhOTg0OWI4LXJpbWctdzEyMDAtaDY3NS1kYzA4MDgwOC1nbWlyP3Y9MTc4NTYwOTE3OQ.avif,47,CONFIRMED,9,84900288dd741f9f80be9bed9854693b6f3feaf87f01e62ccffd8eeddf8dcb0c
Boston College Eagles at Notre Dame Fighting Irish Football at Notre Dame Stadium,2026-11-14T15:30:00,2026-11-22T01:59:00,Notre Dame Stadium,"113 Joyce Center, South Bend, IN 46556",South Bend,IN,,,South Bend events index,https://allevents.in/south-bend/all,https://allevents.in/south-bend/boston-college-eagles-at-notre-dame-fighting-irish-football-at-notre-dame-stadium/2400029322137158,C,Sports & outdoors,https://cdn-ip.allevents.in/s/rs:fill:500:250/g:sm/sh:100/aHR0cHM6Ly9jZG4tYXouYWxsZXZlbnRzLmluL2V2ZW50czYvYmFubmVycy9hMjIyMDNmMC04ZjA2LTExZjEtYTMzYS1mNzE1MDY2MmE1YWEtcmltZy13MTIwMC1oNjc1LWRjNTg3ODM4LWdtaXIuanBnP3Y9MTc4NTczOTQwNw.avif,47,CONFIRMED,9,f34796b5fa2781f69ab3b076fbcd9998297e89744db5734573198d548f002e05
The Bodyguard - The Musical,2026-12-03T19:00:00,2026-12-06T16:00:00,Morris Performing Arts Center,211 North Michigan Street,South Bend,IN,,,South Bend events index,https://allevents.in/south-bend/all,https://allevents.in/south-bend/the-bodyguard-the-musical/2300029839157329,C,Music & shows,https://cdn-ip.allevents.in/s/rs:fill:500:250/g:sm/sh:100/aHR0cHM6Ly9jZG4tYXouYWxsZXZlbnRzLmluL2V2ZW50czgvYmFubmVycy83Njk3NGY1MC04YmU3LTExZjEtODhkYy1lMzg1NmViMjU2OGYtcmltZy13MTIwMC1oNjc1LWRjMDgwODA4LWdtaXIuanBnP3Y9MTc4NTM5NjI2Mg.avif,47,CONFIRMED,9,2f9e8ecfa6e5bb9e68c81333d5dff792eb681a4e45a521bd25b57ce142f64fe2
